# Max2Obj Version 4.0 Mar 10th, 2001
#
mtllib ./stul.mtl
g
# object Box01 to come ...
#
v  -162.251556 89.776688 -39.140625
v  -162.751556 89.276688 -187.933517
v  -226.751556 89.776688 -38.640625
v  -226.544449 89.276688 -188.140625
v  -162.251556 91.276688 -39.140625
v  -162.751556 91.276688 -188.640625
v  -226.751556 91.276688 -38.640625
v  -227.251556 91.276688 -188.140625
v  -162.751556 89.776688 -38.640625
v  -162.958664 89.276688 -188.140625
v  -227.251556 89.776688 -39.140625
v  -226.751556 89.276688 -187.933517
v  -162.751556 91.776688 -39.140625
v  -162.751556 91.276688 -38.640625
v  -162.751556 91.776688 -188.140625
v  -162.251556 91.276688 -188.140625
v  -226.751556 91.776688 -39.140625
v  -227.251556 91.276688 -39.140625
v  -226.751556 91.776688 -188.140625
v  -226.751556 91.276688 -188.640625
v  -162.751556 89.276688 -39.347733
v  -162.251556 89.776688 -188.140625
v  -226.544449 89.276688 -39.140625
v  -226.751556 89.776688 -188.640625
v  -162.958664 89.276688 -39.140625
v  -162.751556 89.776688 -188.640625
v  -226.751556 89.276688 -39.347733
v  -227.251556 89.776688 -188.140625
# 28 vertices

vt  0.748333 0.200000 0.000000
vt  0.004714 0.007692 0.000000
vt  0.751923 0.944231 0.000000
vt  0.003333 0.989121 0.000000
vt  0.003333 0.007692 0.000000
vt  0.996667 0.007692 0.000000
vt  0.003333 0.992308 0.000000
vt  0.996667 0.992308 0.000000
vt  0.003333 0.200000 0.000000
vt  0.996667 0.200000 0.000000
vt  0.003333 0.800000 0.000000
vt  0.996667 0.800000 0.000000
vt  0.007692 0.200000 0.000000
vt  0.992308 0.200000 0.000000
vt  0.007692 0.800000 0.000000
vt  0.992308 0.800000 0.000000
vt  0.003333 0.200000 0.000000
vt  0.996667 0.200000 0.000000
vt  0.003333 0.800000 0.000000
vt  0.996667 0.800000 0.000000
vt  0.007692 0.200000 0.000000
vt  0.992308 0.200000 0.000000
vt  0.007692 0.800000 0.000000
vt  0.992308 0.800000 0.000000
vt  0.998077 0.205769 0.000000
vt  0.003333 0.010879 0.000000
vt  0.996667 0.950000 0.000000
vt  0.004714 0.992308 0.000000
vt  0.995286 0.007692 0.000000
vt  0.251667 0.200000 0.000000
vt  0.996667 0.989121 0.000000
vt  0.248077 0.944231 0.000000
vt  0.996667 0.010879 0.000000
vt  0.001923 0.205769 0.000000
vt  0.995286 0.992308 0.000000
vt  0.003333 0.950000 0.000000
# 36 texture vertices

vn  3.414214 -0.707107 0.707107
vn  1.914213 -5.121321 -0.500000
vn  -0.707107 0.000000 2.707107
vn  -0.500000 -6.121320 -1.914213
vn  2.284457 1.284457 0.577350
vn  0.577350 1.284457 -2.284457
vn  -0.577350 1.284457 2.284457
vn  -2.284457 1.284457 -0.577350
vn  0.707107 0.000000 1.707107
vn  0.500000 -2.414214 -1.207106
vn  -3.121320 -0.707107 1.414213
vn  -1.207106 -2.414214 -0.500000
vn  0.577350 2.577350 0.577350
vn  0.577350 0.577350 2.577350
vn  0.577350 1.577350 -0.577350
vn  2.577350 0.577350 -0.577350
vn  -0.577350 1.577350 0.577350
vn  -2.577350 0.577350 0.577350
vn  -0.577350 2.577350 -0.577350
vn  -0.577350 0.577350 -2.577350
vn  1.207106 -2.414214 0.500000
vn  3.121320 -0.707107 -1.414213
vn  -0.500000 -2.414214 1.207106
vn  -1.414213 -0.707107 -3.121320
vn  0.500000 -6.121320 1.914213
vn  0.707107 0.000000 -2.707107
vn  -1.914213 -5.121321 0.500000
vn  -2.707107 0.000000 -0.707107
# 28 vertex normals

g Box01
usemtl drevo_skrin
s 1
f 25/33/25 23/31/23 27/35/27
f 27/35/27 12/28/12 4/4/4
f 25/33/25 27/35/27 4/4/4
f 4/4/4 10/26/10 2/2/2
f 25/33/25 4/4/4 2/2/2
f 21/29/21 25/33/25 2/2/2
f 13/5/13 15/6/15 19/8/19
f 19/8/19 17/7/17 13/5/13
f 1/9/1 22/10/22 16/12/16
f 16/12/16 5/11/5 1/9/1
f 26/13/26 24/14/24 20/16/20
f 20/16/20 6/15/6 26/13/26
f 28/17/28 11/18/11 18/20/18
f 18/20/18 8/19/8 28/17/28
f 3/21/3 9/22/9 14/24/14
f 14/24/14 7/23/7 3/21/3
f 5/11/5 13/5/13 14/24/14
f 6/15/6 15/6/15 16/12/16
f 7/23/7 17/7/17 18/20/18
f 8/19/8 19/8/19 20/16/20
f 13/5/13 5/11/5 16/12/16
f 16/12/16 15/6/15 13/5/13
f 15/6/15 6/15/6 20/16/20
f 20/16/20 19/8/19 15/6/15
f 19/8/19 8/19/8 18/20/18
f 18/20/18 17/7/17 19/8/19
f 17/7/17 7/23/7 14/24/14
f 14/24/14 13/5/13 17/7/17
f 22/30/22 26/34/26 6/15/6
f 6/15/6 16/12/16 22/30/22
f 5/11/5 14/24/14 9/25/9
f 9/25/9 1/1/1 5/11/5
f 24/32/24 28/36/28 8/19/8
f 8/19/8 20/16/20 24/32/24
f 11/27/11 3/3/3 7/23/7
f 7/23/7 18/20/18 11/27/11
f 25/33/25 9/25/9 3/3/3
f 3/3/3 23/31/23 25/33/25
f 27/35/27 11/18/11 28/36/28
f 28/36/28 12/28/12 27/35/27
f 4/4/4 24/14/24 26/34/26
f 26/34/26 10/26/10 4/4/4
f 2/2/2 22/10/22 1/9/1
f 1/9/1 21/29/21 2/2/2
f 9/25/9 25/33/25 21/29/21
f 21/29/21 1/9/1 9/25/9
f 22/10/22 2/2/2 10/26/10
f 10/26/10 26/34/26 22/10/22
f 11/18/11 27/35/27 23/31/23
f 23/31/23 3/3/3 11/18/11
f 24/14/24 4/4/4 12/28/12
f 12/28/12 28/36/28 24/14/24
# 52 faces

g
# object Box27 to come ...
#
v  -166.981781 19.286469 -148.596359
v  -166.981781 19.286469 -184.196365
v  -166.981781 26.386467 -148.596359
v  -166.981781 26.386467 -184.196365
v  -164.981781 19.286469 -148.596359
v  -164.981781 19.286469 -184.196365
v  -164.981781 26.386467 -148.596359
v  -164.981781 26.386467 -184.196365
# 8 vertices

vt  0.000000 0.000000 0.000000
vt  1.000000 0.000000 0.000000
vt  0.000000 1.000000 0.000000
vt  1.000000 1.000000 0.000000
vt  0.000000 0.000000 0.000000
vt  1.000000 0.000000 0.000000
vt  0.000000 1.000000 0.000000
vt  1.000000 1.000000 0.000000
vt  0.000000 0.000000 0.000000
vt  1.000000 0.000000 0.000000
vt  0.000000 1.000000 0.000000
vt  1.000000 1.000000 0.000000
# 12 texture vertices

vn  -2.000000 0.000000 -0.000000
vn  -1.000000 0.000000 -0.000000
vn  -1.000000 0.000000 -0.000000
vn  -2.000000 0.000000 -0.000000
vn  2.000000 -0.000000 0.000000
vn  1.000000 -0.000000 0.000000
vn  1.000000 -0.000000 0.000000
vn  2.000000 -0.000000 0.000000
# 8 vertex normals

g Box27
usemtl drevo_skrin
s 2
f 29/46/29 31/48/31 32/47/32
f 32/47/32 30/45/30 29/46/29
s 4
f 33/45/33 34/46/34 36/48/36
f 36/48/36 35/47/35 33/45/33
s 8
f 29/41/29 30/42/30 34/44/34
f 34/44/34 33/43/33 29/41/29
s 16
f 30/37/30 32/38/32 36/40/36
f 36/40/36 34/39/34 30/37/30
s 32
f 32/41/32 31/42/31 35/44/35
f 35/44/35 36/43/36 32/41/32
s 64
f 31/37/31 29/38/29 33/40/33
f 33/40/33 35/39/35 31/37/31
# 12 faces

g
# object Box28 to come ...
#
v  -166.981796 19.286469 -41.952126
v  -166.981796 19.286469 -77.552124
v  -166.981796 26.386467 -41.952126
v  -166.981796 26.386467 -77.552124
v  -164.981796 19.286469 -41.952126
v  -164.981796 19.286469 -77.552124
v  -164.981796 26.386467 -41.952126
v  -164.981796 26.386467 -77.552124
# 8 vertices

vt  0.000000 0.000000 0.000000
vt  1.000000 0.000000 0.000000
vt  0.000000 1.000000 0.000000
vt  1.000000 1.000000 0.000000
vt  0.000000 0.000000 0.000000
vt  1.000000 0.000000 0.000000
vt  0.000000 1.000000 0.000000
vt  1.000000 1.000000 0.000000
vt  0.000000 0.000000 0.000000
vt  1.000000 0.000000 0.000000
vt  0.000000 1.000000 0.000000
vt  1.000000 1.000000 0.000000
# 12 texture vertices

vn  -2.000000 0.000000 -0.000000
vn  -1.000000 0.000000 -0.000000
vn  -1.000000 0.000000 -0.000000
vn  -2.000000 0.000000 -0.000000
vn  2.000000 -0.000000 0.000000
vn  1.000000 -0.000000 0.000000
vn  1.000000 -0.000000 0.000000
vn  2.000000 -0.000000 0.000000
# 8 vertex normals

g Box28
usemtl drevo_skrin
s 2
f 37/58/37 39/60/39 40/59/40
f 40/59/40 38/57/38 37/58/37
s 4
f 41/57/41 42/58/42 44/60/44
f 44/60/44 43/59/43 41/57/41
s 8
f 37/53/37 38/54/38 42/56/42
f 42/56/42 41/55/41 37/53/37
s 16
f 38/49/38 40/50/40 44/52/44
f 44/52/44 42/51/42 38/49/38
s 32
f 40/53/40 39/54/39 43/56/43
f 43/56/43 44/55/44 40/53/40
s 64
f 39/49/39 37/50/37 41/52/41
f 41/52/41 43/51/43 39/49/39
# 12 faces

g
# object Box02 to come ...
#
v  -224.581680 19.286556 -40.429588
v  -224.581680 19.286556 -41.629585
v  -224.181686 89.286560 -40.029587
v  -224.581680 89.286560 -41.629585
v  -164.981689 19.286552 -40.029583
v  -164.981689 19.286552 -42.029583
v  -164.981689 89.286552 -40.029583
v  -164.981689 89.286552 -42.029583
v  -164.581680 19.286552 -40.429581
v  -164.581680 19.286552 -41.629581
v  -164.581680 89.286552 -40.429581
v  -164.581680 89.286552 -41.629581
v  -224.181686 19.286556 -40.029587
v  -224.181686 19.286556 -42.029587
v  -224.581680 89.286560 -40.429588
v  -224.181671 89.286560 -42.029587
v  -224.581680 19.286556 -77.874634
v  -224.581680 89.286560 -77.874634
v  -224.581680 89.286560 -79.074631
v  -224.581680 19.286556 -79.074631
v  -164.581680 19.286552 -77.874634
v  -164.581680 19.286552 -79.074631
v  -164.581680 89.286552 -79.074631
v  -164.581680 89.286552 -77.874634
v  -224.181686 19.286556 -77.474640
v  -224.181686 19.286556 -79.474640
v  -164.981674 19.286552 -79.474632
v  -164.981674 19.286552 -77.474632
v  -224.181671 89.286560 -79.474640
v  -164.981674 89.286552 -79.474632
v  -224.181671 89.286560 -77.474640
v  -164.981674 89.286552 -77.474632
# 32 vertices

vt  0.800000 0.000000 0.000000
vt  0.200000 0.000000 0.000000
vt  0.800000 1.000000 0.000000
vt  0.200000 1.000000 0.000000
vt  0.200000 0.000000 0.000000
vt  0.800000 0.000000 0.000000
vt  0.200000 1.000000 0.000000
vt  0.800000 1.000000 0.000000
vt  0.200000 0.000000 0.000000
vt  0.800000 0.000000 0.000000
vt  0.000000 0.993333 0.000000
vt  1.000000 0.993333 0.000000
vt  0.000000 0.006667 0.000000
vt  1.000000 0.006667 0.000000
vt  0.000000 0.993333 0.000000
vt  1.000000 0.993333 0.000000
vt  0.200000 0.000000 0.000000
vt  1.000000 0.006667 0.000000
vt  0.000000 0.993333 0.000000
vt  1.000000 0.993333 0.000000
vt  0.000000 0.006667 0.000000
vt  1.000000 0.006667 0.000000
vt  0.000000 0.993333 0.000000
vt  1.000000 0.993333 0.000000
vt  0.200000 1.000000 0.000000
vt  0.800000 1.000000 0.000000
vt  0.800000 1.000000 0.000000
vt  0.200000 1.000000 0.000000
vt  0.000000 0.006667 0.000000
vt  1.000000 0.006667 0.000000
vt  0.800000 0.000000 0.000000
vt  0.000000 0.006667 0.000000
vt  0.800000 0.000000 0.000000
vt  0.800000 1.000000 0.000000
vt  0.200000 1.000000 0.000000
vt  0.200000 0.000000 0.000000
vt  0.200000 0.000000 0.000000
vt  0.800000 0.000000 0.000000
vt  0.800000 1.000000 0.000000
vt  0.200000 1.000000 0.000000
vt  0.000000 0.006667 0.000000
vt  0.200000 0.000000 0.000000
vt  0.800000 0.000000 0.000000
vt  1.000000 0.006667 0.000000
vt  1.000000 0.993333 0.000000
vt  0.800000 1.000000 0.000000
vt  0.200000 1.000000 0.000000
vt  0.000000 0.993333 0.000000
vt  0.000000 0.006667 0.000000
vt  1.000000 0.006667 0.000000
vt  1.000000 0.993333 0.000000
vt  0.000000 0.993333 0.000000
vt  0.000000 0.006667 0.000000
vt  0.200000 0.000000 0.000000
vt  0.800000 0.000000 0.000000
vt  1.000000 0.006667 0.000000
vt  1.000000 0.993333 0.000000
vt  0.800000 1.000000 0.000000
vt  0.200000 1.000000 0.000000
vt  0.000000 0.993333 0.000000
vt  0.000000 0.006667 0.000000
vt  1.000000 0.006667 0.000000
vt  1.000000 0.993333 0.000000
vt  0.000000 0.993333 0.000000
# 64 texture vertices

vn  -2.000000 0.000000 -0.000000
vn  -1.000000 0.000000 -0.000000
vn  0.000000 3.000000 0.000000
vn  -2.000000 0.000000 -0.000000
vn  -0.000000 -3.000000 -0.000000
vn  -0.000000 -1.000000 -0.000000
vn  0.000000 1.000000 0.000000
vn  0.000000 0.000000 -2.000000
vn  2.000000 -0.000000 0.000000
vn  1.000000 -0.000000 0.000000
vn  1.000000 -0.000000 0.000000
vn  2.000000 -0.000000 0.000000
vn  -0.000000 -1.000000 -0.000000
vn  -0.000000 -3.000000 -0.000000
vn  -1.000000 0.000000 -0.000000
vn  0.000000 0.000000 -1.000000
vn  -2.000000 0.000000 -0.000000
vn  -1.000000 0.000000 -0.000000
vn  -2.000000 0.000000 -0.000000
vn  -1.000000 0.000000 -0.000000
vn  2.000000 -0.000000 0.000000
vn  1.000000 -0.000000 0.000000
vn  2.000000 -0.000000 0.000000
vn  1.000000 -0.000000 0.000000
vn  -0.000000 -1.000000 -0.000000
vn  -0.000000 -3.000000 -0.000000
vn  -0.000000 -1.000000 -0.000000
vn  -0.000000 -3.000000 -0.000000
vn  0.000000 0.000000 -1.000000
vn  0.000000 0.000000 -2.000000
vn  0.000000 3.000000 0.000000
vn  0.000000 1.000000 0.000000
# 32 vertex normals

g Box02
usemtl drevo_skrin
s 1
f 45/61/45 59/63/59 48/64/48
f 48/64/48 46/62/46 45/61/45
s 2
f 53/65/53 54/66/54 56/68/56
f 56/68/56 55/67/55 53/65/53
s 4
f 45/69/45 46/70/46 58/90/58
f 58/90/58 50/72/50 54/86/54
f 45/69/45 58/90/58 54/86/54
f 54/86/54 53/85/53 49/71/49
f 45/69/45 54/86/54 49/71/49
f 57/89/57 45/69/45 49/71/49
s 1
f 58/73/58 60/74/60 52/76/52
f 52/76/52 50/75/50 58/73/58
s 4
f 48/77/48 59/91/59 47/78/47
f 47/78/47 51/80/51 55/87/55
f 48/77/48 47/78/47 55/87/55
f 55/87/55 56/88/56 52/79/52
f 48/77/48 55/87/55 52/79/52
f 60/92/60 48/77/48 52/79/52
s 1
f 47/81/47 57/82/57 49/84/49
f 49/84/49 51/83/51 47/81/47
f 54/66/54 50/72/50 52/76/52
f 52/76/52 56/68/56 54/66/54
f 55/67/55 51/80/51 49/71/49
f 49/71/49 53/65/53 55/67/55
f 45/61/45 57/89/57 47/78/47
f 47/78/47 59/63/59 45/61/45
f 48/64/48 60/74/60 58/90/58
f 58/90/58 46/62/46 48/64/48
f 61/93/61 62/94/62 63/95/63
f 63/95/63 64/96/64 61/93/61
s 2
f 65/97/65 66/98/66 67/99/67
f 67/99/67 68/100/68 65/97/65
s 4
f 61/102/61 64/103/64 70/104/70
f 70/104/70 71/105/71 66/106/66
f 61/102/61 70/104/70 66/106/66
f 66/106/66 65/107/65 72/108/72
f 61/102/61 66/106/66 72/108/72
f 69/101/69 61/102/61 72/108/72
s 1
f 70/109/70 73/110/73 74/111/74
f 74/111/74 71/112/71 70/109/70
s 4
f 63/114/63 62/115/62 75/116/75
f 75/116/75 76/117/76 68/118/68
f 63/114/63 75/116/75 68/118/68
f 68/118/68 67/119/67 74/120/74
f 63/114/63 68/118/68 74/120/74
f 73/113/73 63/114/63 74/120/74
s 1
f 75/121/75 69/122/69 72/123/72
f 72/123/72 76/124/76 75/121/75
f 66/98/66 71/105/71 74/111/74
f 74/111/74 67/99/67 66/98/66
f 68/100/68 76/117/76 72/108/72
f 72/108/72 65/97/65 68/100/68
f 61/93/61 69/101/69 75/116/75
f 75/116/75 62/94/62 61/93/61
f 63/95/63 73/110/73 70/104/70
f 70/104/70 64/96/64 63/95/63
# 56 faces

g
# object Box04 to come ...
#
v  -222.131653 89.284332 -41.995823
v  -222.131653 89.284332 -77.595825
v  -224.131653 89.284332 -41.995823
v  -224.131653 89.284332 -77.595825
v  -222.131653 19.284332 -41.995823
v  -222.131653 19.284332 -77.595825
v  -224.131653 19.284332 -41.995823
v  -224.131653 19.284332 -77.595825
# 8 vertices

vt  0.000000 0.000000 0.000000
vt  1.000000 0.000000 0.000000
vt  0.000000 1.000000 0.000000
vt  1.000000 1.000000 0.000000
vt  0.000000 0.000000 0.000000
vt  1.000000 0.000000 0.000000
vt  0.000000 1.000000 0.000000
vt  1.000000 1.000000 0.000000
vt  0.000000 0.000000 0.000000
vt  1.000000 0.000000 0.000000
vt  0.000000 1.000000 0.000000
vt  1.000000 1.000000 0.000000
# 12 texture vertices

vn  0.000000 2.000000 -0.000000
vn  0.000000 1.000000 -0.000000
vn  0.000000 1.000000 -0.000000
vn  0.000000 2.000000 -0.000000
vn  0.000000 -2.000000 -0.000000
vn  0.000000 -1.000000 -0.000000
vn  0.000000 -1.000000 -0.000000
vn  0.000000 -2.000000 -0.000000
# 8 vertex normals

g Box04
usemtl drevo_skrin
s 2
f 79/135/79 77/133/77 80/136/80
f 78/134/78 80/136/80 77/133/77
s 4
f 82/133/82 81/134/81 84/135/84
f 83/136/83 84/135/84 81/134/81
s 8
f 78/130/78 77/129/77 82/132/82
f 81/131/81 82/132/82 77/129/77
s 16
f 80/126/80 78/125/78 84/128/84
f 82/127/82 84/128/84 78/125/78
s 32
f 79/130/79 80/129/80 83/132/83
f 84/131/84 83/132/83 80/129/80
s 64
f 77/126/77 79/125/79 81/128/81
f 83/127/83 81/128/81 79/125/79
# 12 faces

g
# object Box05 to come ...
#
v  -222.131638 89.284332 -149.053467
v  -222.131638 89.284332 -183.853455
v  -223.731644 89.284332 -148.653458
v  -223.731644 89.284332 -184.253464
v  -222.531631 19.284332 -148.653458
v  -222.131638 19.284332 -183.853455
v  -224.131638 19.284332 -149.053467
v  -223.731644 19.284332 -184.253464
v  -222.531631 89.284332 -148.653458
v  -222.531631 89.284332 -184.253464
v  -224.131638 89.284332 -149.053467
v  -224.131638 89.284332 -183.853455
v  -222.131638 19.284332 -149.053467
v  -222.531631 19.284332 -184.253464
v  -223.731644 19.284332 -148.653458
v  -224.131638 19.284332 -183.853455
# 16 vertices

vt  0.988764 0.000000 0.000000
vt  0.011236 0.000000 0.000000
vt  1.000000 0.800000 0.000000
vt  0.000000 0.800000 0.000000
vt  0.000000 0.200000 0.000000
vt  0.988764 0.000000 0.000000
vt  0.011236 1.000000 0.000000
vt  1.000000 0.800000 0.000000
vt  0.011236 0.000000 0.000000
vt  0.988764 0.000000 0.000000
vt  0.011236 1.000000 0.000000
vt  0.988764 1.000000 0.000000
vt  0.200000 0.000000 0.000000
vt  0.800000 0.000000 0.000000
vt  0.200000 1.000000 0.000000
vt  0.800000 1.000000 0.000000
vt  0.011236 0.000000 0.000000
vt  0.988764 0.000000 0.000000
vt  0.011236 1.000000 0.000000
vt  0.988764 1.000000 0.000000
vt  0.200000 0.000000 0.000000
vt  0.800000 0.000000 0.000000
vt  0.200000 1.000000 0.000000
vt  0.800000 1.000000 0.000000
vt  1.000000 0.200000 0.000000
vt  0.000000 0.200000 0.000000
vt  0.988764 1.000000 0.000000
vt  0.011236 1.000000 0.000000
vt  0.011236 0.000000 0.000000
vt  1.000000 0.200000 0.000000
vt  0.000000 0.800000 0.000000
vt  0.988764 1.000000 0.000000
# 32 texture vertices

vn  0.000000 4.000000 -0.000000
vn  0.000000 1.000000 -0.000000
vn  0.000000 3.000000 -0.000000
vn  0.000000 1.000000 -0.000000
vn  0.000000 -4.000000 -0.000000
vn  0.000000 -3.000000 -0.000000
vn  0.000000 -3.000000 -0.000000
vn  0.000000 -4.000000 -0.000000
vn  0.000000 1.000000 -0.000000
vn  0.000000 3.000000 -0.000000
vn  0.000000 1.000000 -0.000000
vn  0.000000 4.000000 -0.000000
vn  0.000000 -1.000000 -0.000000
vn  0.000000 -1.000000 -0.000000
vn  0.000000 -1.000000 -0.000000
vn  0.000000 -1.000000 -0.000000
# 16 vertex normals

g Box05
usemtl drevo_skrin
s 1
f 85/137/85 86/138/86 94/162/94
f 94/162/94 88/140/88 96/164/96
f 85/137/85 94/162/94 96/164/96
f 96/164/96 95/163/95 87/139/87
f 85/137/85 96/164/96 87/139/87
f 93/161/93 85/137/85 87/139/87
f 89/141/89 99/167/99 91/143/91
f 91/143/91 100/168/100 92/144/92
f 89/141/89 91/143/91 92/144/92
f 92/144/92 98/166/98 90/142/90
f 89/141/89 92/144/92 90/142/90
f 97/165/97 89/141/89 90/142/90
s 2
f 85/145/85 97/147/97 90/148/90
f 90/148/90 86/146/86 85/145/85
s 4
f 94/149/94 98/151/98 92/152/92
f 92/152/92 88/150/88 94/149/94
s 2
f 96/153/96 100/155/100 91/156/91
f 91/156/91 95/154/95 96/153/96
s 4
f 87/157/87 99/159/99 89/160/89
f 89/160/89 93/158/93 87/157/87
f 85/137/85 93/161/93 89/141/89
f 89/141/89 97/165/97 85/137/85
f 90/142/90 98/166/98 94/162/94
f 94/162/94 86/138/86 90/142/90
f 92/144/92 100/168/100 96/164/96
f 96/164/96 88/140/88 92/144/92
f 91/143/91 99/167/99 87/139/87
f 87/139/87 95/163/95 91/143/91
# 28 faces

g
# object Box30 to come ...
#
v  -203.902100 19.286213 -147.123962
v  -203.902100 19.286213 -148.323975
v  -203.502106 89.286209 -146.723969
v  -203.902100 89.286209 -148.323975
v  -164.302094 19.286213 -146.723969
v  -164.302094 19.286213 -148.723969
v  -164.302094 89.286209 -146.723969
v  -164.302094 89.286209 -148.723969
v  -203.502106 19.286213 -146.723969
v  -203.502106 19.286213 -148.723969
v  -203.902100 89.286209 -147.123962
v  -203.502090 89.286209 -148.723969
v  -163.902100 19.286213 -147.123962
v  -163.902100 19.286213 -148.323959
v  -163.902100 89.286209 -147.123962
v  -163.902100 89.286209 -148.323959
# 16 vertices

vt  0.800000 0.000000 0.000000
vt  0.200000 0.000000 0.000000
vt  0.800000 1.000000 0.000000
vt  0.200000 1.000000 0.000000
vt  0.200000 0.000000 0.000000
vt  0.800000 0.000000 0.000000
vt  0.200000 1.000000 0.000000
vt  0.800000 1.000000 0.000000
vt  0.200000 0.000000 0.000000
vt  0.800000 0.000000 0.000000
vt  0.000000 0.990000 0.000000
vt  1.000000 0.990000 0.000000
vt  0.000000 0.010000 0.000000
vt  1.000000 0.010000 0.000000
vt  0.000000 0.990000 0.000000
vt  1.000000 0.990000 0.000000
vt  0.200000 0.000000 0.000000
vt  1.000000 0.010000 0.000000
vt  0.000000 0.990000 0.000000
vt  1.000000 0.990000 0.000000
vt  0.000000 0.010000 0.000000
vt  1.000000 0.010000 0.000000
vt  0.000000 0.990000 0.000000
vt  1.000000 0.990000 0.000000
vt  0.000000 0.010000 0.000000
vt  1.000000 0.010000 0.000000
vt  0.800000 0.000000 0.000000
vt  0.000000 0.010000 0.000000
vt  0.200000 1.000000 0.000000
vt  0.800000 1.000000 0.000000
vt  0.800000 1.000000 0.000000
vt  0.200000 1.000000 0.000000
# 32 texture vertices

vn  -2.000000 0.000000 -0.000000
vn  -1.000000 0.000000 -0.000000
vn  0.000000 3.000000 0.000000
vn  -2.000000 0.000000 -0.000000
vn  -0.000000 -3.000000 -0.000000
vn  -0.000000 -1.000000 -0.000000
vn  0.000000 1.000000 0.000000
vn  0.000000 0.000000 -2.000000
vn  -0.000000 -1.000000 -0.000000
vn  -0.000000 -3.000000 -0.000000
vn  -1.000000 0.000000 -0.000000
vn  0.000000 0.000000 -1.000000
vn  2.000000 -0.000000 0.000000
vn  1.000000 -0.000000 0.000000
vn  1.000000 -0.000000 0.000000
vn  2.000000 -0.000000 0.000000
# 16 vertex normals

g Box30
usemtl drevo_skrin
s 1
f 101/169/101 111/171/111 104/172/104
f 104/172/104 102/170/102 101/169/101
s 2
f 113/173/113 114/174/114 116/176/116
f 116/176/116 115/175/115 113/173/113
s 4
f 101/177/101 102/178/102 110/194/110
f 110/194/110 106/180/106 114/198/114
f 101/177/101 110/194/110 114/198/114
f 114/198/114 113/197/113 105/179/105
f 101/177/101 114/198/114 105/179/105
f 109/193/109 101/177/101 105/179/105
s 1
f 110/181/110 112/182/112 108/184/108
f 108/184/108 106/183/106 110/181/110
s 4
f 104/185/104 111/195/111 103/186/103
f 103/186/103 107/188/107 115/199/115
f 104/185/104 103/186/103 115/199/115
f 115/199/115 116/200/116 108/187/108
f 104/185/104 115/199/115 108/187/108
f 112/196/112 104/185/104 108/187/108
s 1
f 103/189/103 109/190/109 105/192/105
f 105/192/105 107/191/107 103/189/103
f 101/169/101 109/193/109 103/186/103
f 103/186/103 111/171/111 101/169/101
f 104/172/104 112/182/112 110/194/110
f 110/194/110 102/170/102 104/172/104
f 114/174/114 106/180/106 108/184/108
f 108/184/108 116/176/116 114/174/114
f 115/175/115 107/188/107 105/179/105
f 105/179/105 113/173/113 115/175/115
# 28 faces

g
# object Box29 to come ...
#
v  -203.902100 19.286213 -184.635529
v  -203.902100 19.286213 -185.835541
v  -203.502106 89.286209 -184.235535
v  -203.902100 89.286209 -185.835541
v  -164.302094 19.286213 -184.235535
v  -164.302094 19.286213 -186.235535
v  -164.302094 89.286209 -184.235535
v  -164.302094 89.286209 -186.235535
v  -203.502106 19.286213 -184.235535
v  -203.502106 19.286213 -186.235535
v  -203.902100 89.286209 -184.635529
v  -203.502090 89.286209 -186.235535
v  -163.902100 19.286213 -184.635529
v  -163.902100 19.286213 -185.835526
v  -163.902100 89.286209 -184.635529
v  -163.902100 89.286209 -185.835526
# 16 vertices

vt  0.800000 0.000000 0.000000
vt  0.200000 0.000000 0.000000
vt  0.800000 1.000000 0.000000
vt  0.200000 1.000000 0.000000
vt  0.200000 0.000000 0.000000
vt  0.800000 0.000000 0.000000
vt  0.200000 1.000000 0.000000
vt  0.800000 1.000000 0.000000
vt  0.200000 0.000000 0.000000
vt  0.800000 0.000000 0.000000
vt  0.000000 0.990000 0.000000
vt  1.000000 0.990000 0.000000
vt  0.000000 0.010000 0.000000
vt  1.000000 0.010000 0.000000
vt  0.000000 0.990000 0.000000
vt  1.000000 0.990000 0.000000
vt  0.200000 0.000000 0.000000
vt  1.000000 0.010000 0.000000
vt  0.000000 0.990000 0.000000
vt  1.000000 0.990000 0.000000
vt  0.000000 0.010000 0.000000
vt  1.000000 0.010000 0.000000
vt  0.000000 0.990000 0.000000
vt  1.000000 0.990000 0.000000
vt  0.000000 0.010000 0.000000
vt  1.000000 0.010000 0.000000
vt  0.800000 0.000000 0.000000
vt  0.000000 0.010000 0.000000
vt  0.200000 1.000000 0.000000
vt  0.800000 1.000000 0.000000
vt  0.800000 1.000000 0.000000
vt  0.200000 1.000000 0.000000
# 32 texture vertices

vn  -2.000000 0.000000 -0.000000
vn  -1.000000 0.000000 -0.000000
vn  0.000000 3.000000 0.000000
vn  -2.000000 0.000000 -0.000000
vn  -0.000000 -3.000000 -0.000000
vn  -0.000000 -1.000000 -0.000000
vn  0.000000 1.000000 0.000000
vn  0.000000 0.000000 -2.000000
vn  -0.000000 -1.000000 -0.000000
vn  -0.000000 -3.000000 -0.000000
vn  -1.000000 0.000000 -0.000000
vn  0.000000 0.000000 -1.000000
vn  2.000000 -0.000000 0.000000
vn  1.000000 -0.000000 0.000000
vn  1.000000 -0.000000 0.000000
vn  2.000000 -0.000000 0.000000
# 16 vertex normals

g Box29
usemtl drevo_skrin
s 1
f 117/201/117 127/203/127 120/204/120
f 120/204/120 118/202/118 117/201/117
s 2
f 129/205/129 130/206/130 132/208/132
f 132/208/132 131/207/131 129/205/129
s 4
f 117/209/117 118/210/118 126/226/126
f 126/226/126 122/212/122 130/230/130
f 117/209/117 126/226/126 130/230/130
f 130/230/130 129/229/129 121/211/121
f 117/209/117 130/230/130 121/211/121
f 125/225/125 117/209/117 121/211/121
s 1
f 126/213/126 128/214/128 124/216/124
f 124/216/124 122/215/122 126/213/126
s 4
f 120/217/120 127/227/127 119/218/119
f 119/218/119 123/220/123 131/231/131
f 120/217/120 119/218/119 131/231/131
f 131/231/131 132/232/132 124/219/124
f 120/217/120 131/231/131 124/219/124
f 128/228/128 120/217/120 124/219/124
s 1
f 119/221/119 125/222/125 121/224/121
f 121/224/121 123/223/123 119/221/119
f 117/201/117 125/225/125 119/218/119
f 119/218/119 127/203/127 117/201/117
f 120/204/120 128/214/128 126/226/126
f 126/226/126 118/202/118 120/204/120
f 130/206/130 122/212/122 124/216/124
f 124/216/124 132/208/132 130/206/130
f 131/207/131 123/220/123 121/211/121
f 121/211/121 129/205/129 131/207/131
# 28 faces

g
# object Line03 to come ...
#
v  -224.855209 101.284309 -79.322388
v  -207.104370 100.884308 -79.721024
v  -207.104370 100.884308 -142.182693
v  -206.268066 100.884308 -146.348648
v  -204.044907 100.884308 -148.696060
v  -201.081787 100.884308 -149.844284
v  -197.960617 100.884308 -150.580444
v  -195.186050 100.884308 -151.629105
v  -193.191269 100.884308 -153.649857
v  -192.337936 100.884308 -157.459167
v  -192.188858 100.884308 -185.296341
v  -224.874435 101.284309 -185.715027
v  -224.855209 102.484306 -79.322388
v  -206.704376 102.484306 -79.320992
v  -206.704376 102.484306 -142.142944
v  -205.898529 102.484306 -146.157120
v  -203.816406 102.484306 -148.355621
v  -200.963043 102.484306 -149.461319
v  -197.843506 102.484306 -150.197098
v  -194.962814 102.484306 -151.285858
v  -192.826019 102.484306 -153.450485
v  -191.938171 102.484306 -157.413849
v  -191.786713 102.484306 -185.696106
v  -224.874435 102.484306 -185.715027
v  -224.455292 100.884308 -79.722366
v  -206.704376 101.284309 -79.320992
v  -206.704376 101.284309 -142.142944
v  -205.898529 101.284309 -146.157120
v  -203.816406 101.284309 -148.355621
v  -200.963043 101.284309 -149.461319
v  -197.843506 101.284309 -150.197098
v  -194.962814 101.284309 -151.285858
v  -192.826019 101.284309 -153.450485
v  -191.938171 101.284309 -157.413849
v  -191.786713 101.284309 -185.696106
v  -224.474365 100.884308 -185.314789
v  -224.455292 102.884308 -79.722366
v  -207.104370 102.884308 -79.721024
v  -207.104370 102.884308 -142.182693
v  -206.268066 102.884308 -146.348648
v  -204.044907 102.884308 -148.696060
v  -201.081787 102.884308 -149.844284
v  -197.960617 102.884308 -150.580444
v  -195.186050 102.884308 -151.629105
v  -193.191269 102.884308 -153.649857
v  -192.337936 102.884308 -157.459167
v  -192.188858 102.884308 -185.296341
v  -224.474365 102.884308 -185.314789
# 48 vertices

vn  -0.000154 0.000000 2.000000
vn  0.000000 -1.000000 -0.000000
vn  0.000000 -3.000000 -0.000000
vn  0.000000 -2.000000 -0.000000
vn  0.000000 -3.000000 -0.000000
vn  0.000000 -2.000000 -0.000000
vn  0.000000 -3.000000 -0.000000
vn  0.000000 -1.000000 -0.000000
vn  0.000000 -2.000000 -0.000000
vn  0.000000 -5.000000 -0.000000
vn  0.000000 -1.000000 -0.000000
vn  0.000571 0.000000 -1.000000
vn  -0.000077 0.000000 1.000000
vn  -0.000154 0.000000 2.000000
vn  2.980439 0.000000 0.196822
vn  2.686941 0.000000 1.081274
vn  1.813451 0.000000 2.307698
vn  0.952216 0.000000 2.838172
vn  0.812668 0.000000 2.882006
vn  1.418751 0.000000 2.573354
vn  2.399149 0.000000 1.623631
vn  2.951617 0.000000 0.442547
vn  1.999971 0.000000 0.010711
vn  0.001143 0.000000 -2.000000
vn  0.000000 -2.000000 -0.000000
vn  -0.000077 0.000000 1.000000
vn  2.960878 0.000000 0.393645
vn  2.432564 0.000000 1.572080
vn  1.448715 0.000000 2.552508
vn  0.820452 0.000000 2.879027
vn  0.936648 0.000000 2.844131
vn  1.776876 0.000000 2.340453
vn  2.663298 0.000000 1.139709
vn  2.975787 0.000000 0.229306
vn  0.999986 0.000000 0.005355
vn  0.000000 -5.000000 -0.000000
vn  0.000000 2.000000 -0.000000
vn  0.000000 1.000000 -0.000000
vn  0.000000 3.000000 -0.000000
vn  0.000000 2.000000 -0.000000
vn  0.000000 3.000000 -0.000000
vn  0.000000 2.000000 -0.000000
vn  0.000000 3.000000 -0.000000
vn  0.000000 1.000000 -0.000000
vn  0.000000 2.000000 -0.000000
vn  0.000000 5.000000 -0.000000
vn  0.000000 1.000000 -0.000000
vn  0.000000 5.000000 -0.000000
# 48 vertex normals

g Line03
usemtl drevo_skrin
s 1
f 146//146 145//145 133//133
f 133//133 158//158 146//146
s 2
f 147//147 146//146 158//158
f 158//158 159//159 147//147
f 148//148 147//147 159//159
f 159//159 160//160 148//148
f 149//149 148//148 160//160
f 160//160 161//161 149//149
f 150//150 149//149 161//161
f 161//161 162//162 150//150
f 151//151 150//150 162//162
f 162//162 163//163 151//151
f 152//152 151//151 163//163
f 163//163 164//164 152//152
f 153//153 152//152 164//164
f 164//164 165//165 153//153
f 154//154 153//153 165//165
f 165//165 166//166 154//154
f 155//155 154//154 166//166
f 166//166 167//167 155//155
s 1
f 156//156 155//155 167//167
f 167//167 144//144 156//156
s 2
f 145//145 156//156 144//144
f 144//144 133//133 145//145
s 1
f 168//168 143//143 142//142
f 141//141 140//140 139//139
f 142//142 141//141 139//139
f 142//142 139//139 138//138
f 142//142 138//138 137//137
f 168//168 142//142 137//137
f 168//168 137//137 136//136
f 168//168 136//136 135//135
f 157//157 168//168 135//135
f 157//157 135//135 134//134
f 169//169 170//170 171//171
f 175//175 176//176 177//177
f 175//175 177//177 178//178
f 174//174 175//175 178//178
f 173//173 174//174 178//178
f 178//178 179//179 180//180
f 173//173 178//178 180//180
f 172//172 173//173 180//180
f 171//171 172//172 180//180
f 169//169 171//171 180//180
s 4
f 133//133 157//157 134//134
f 134//134 158//158 133//133
f 146//146 170//170 169//169
f 169//169 145//145 146//146
s 8
f 158//158 134//134 135//135
f 135//135 159//159 158//158
f 147//147 171//171 170//170
f 170//170 146//146 147//147
f 159//159 135//135 136//136
f 136//136 160//160 159//159
f 148//148 172//172 171//171
f 171//171 147//147 148//148
f 160//160 136//136 137//137
f 137//137 161//161 160//160
f 149//149 173//173 172//172
f 172//172 148//148 149//149
f 161//161 137//137 138//138
f 138//138 162//162 161//161
f 150//150 174//174 173//173
f 173//173 149//149 150//150
f 162//162 138//138 139//139
f 139//139 163//163 162//162
f 151//151 175//175 174//174
f 174//174 150//150 151//151
f 163//163 139//139 140//140
f 140//140 164//164 163//163
f 152//152 176//176 175//175
f 175//175 151//151 152//152
f 164//164 140//140 141//141
f 141//141 165//165 164//164
f 153//153 177//177 176//176
f 176//176 152//152 153//153
f 165//165 141//141 142//142
f 142//142 166//166 165//165
f 154//154 178//178 177//177
f 177//177 153//153 154//154
f 166//166 142//142 143//143
f 143//143 167//167 166//166
f 155//155 179//179 178//178
f 178//178 154//154 155//155
s 4
f 167//167 143//143 168//168
f 168//168 144//144 167//167
f 156//156 180//180 179//179
f 179//179 155//155 156//156
s 8
f 144//144 168//168 157//157
f 157//157 133//133 144//144
f 145//145 169//169 180//180
f 180//180 156//156 145//145
# 92 faces

g
# object Sphere04 to come ...
#
v  -157.711731 35.566334 -59.032669
v  -157.711731 35.733467 -59.051186
v  -157.711731 35.891590 -59.105736
v  -157.711731 36.032181 -59.193378
v  -157.711731 36.147655 -59.309395
v  -157.711731 36.231789 -59.447521
v  -157.711731 36.280052 -59.600319
v  -157.711731 36.289833 -59.759544
v  -157.711731 36.260616 -59.916618
v  -157.711731 36.193966 -60.063072
v  -157.711731 36.093483 -60.191006
v  -157.711731 35.964577 -60.293530
v  -157.711731 35.814205 -60.365112
v  -157.711731 35.650471 -60.401894
v  -157.711731 35.482201 -60.401894
v  -157.711731 35.318466 -60.365112
v  -157.711731 35.168091 -60.293530
v  -157.711731 35.039188 -60.191006
v  -157.711731 34.938705 -60.063068
v  -157.711731 34.872055 -59.916618
v  -157.711731 34.842834 -59.759544
v  -157.711731 34.852619 -59.600319
v  -157.711731 34.900879 -59.447521
v  -157.711731 34.985016 -59.309395
v  -157.711731 35.100491 -59.193382
v  -157.711731 35.241077 -59.105736
v  -157.711731 35.399200 -59.051186
v  -157.878464 35.566334 -59.032669
v  -157.878464 35.733467 -59.051186
v  -157.878464 35.891590 -59.105736
v  -157.878464 36.032181 -59.193378
v  -157.878464 36.147655 -59.309395
v  -157.878464 36.231789 -59.447521
v  -157.878464 36.280052 -59.600319
v  -157.878464 36.289833 -59.759544
v  -157.878464 36.260616 -59.916618
v  -157.878464 36.193966 -60.063072
v  -157.878464 36.093483 -60.191006
v  -157.878464 35.964577 -60.293530
v  -157.878464 35.814205 -60.365112
v  -157.878464 35.650471 -60.401894
v  -157.878464 35.482201 -60.401894
v  -157.878464 35.318466 -60.365112
v  -157.878464 35.168091 -60.293530
v  -157.878464 35.039188 -60.191006
v  -157.878464 34.938705 -60.063068
v  -157.878464 34.872055 -59.916618
v  -157.878464 34.842834 -59.759544
v  -157.878464 34.852619 -59.600319
v  -157.878464 34.900879 -59.447521
v  -157.878464 34.985016 -59.309395
v  -157.878464 35.100491 -59.193382
v  -157.878464 35.241077 -59.105736
v  -157.878464 35.399200 -59.051186
v  -158.045212 35.566334 -59.032669
v  -158.045212 35.733467 -59.051186
v  -158.045212 35.891590 -59.105736
v  -158.045212 36.032181 -59.193378
v  -158.045212 36.147655 -59.309395
v  -158.045212 36.231789 -59.447521
v  -158.045212 36.280052 -59.600319
v  -158.045212 36.289833 -59.759544
v  -158.045212 36.260616 -59.916618
v  -158.045212 36.193966 -60.063072
v  -158.045212 36.093483 -60.191006
v  -158.045212 35.964577 -60.293530
v  -158.045212 35.814205 -60.365112
v  -158.045212 35.650471 -60.401894
v  -158.045212 35.482201 -60.401894
v  -158.045212 35.318466 -60.365112
v  -158.045212 35.168091 -60.293530
v  -158.045212 35.039188 -60.191006
v  -158.045212 34.938705 -60.063072
v  -158.045212 34.872055 -59.916618
v  -158.045212 34.842834 -59.759544
v  -158.045212 34.852619 -59.600319
v  -158.045212 34.900879 -59.447521
v  -158.045212 34.985016 -59.309395
v  -158.045212 35.100491 -59.193382
v  -158.045212 35.241077 -59.105736
v  -158.045212 35.399200 -59.051186
v  -157.711731 36.207386 -59.723370
v  -157.711731 36.145214 -59.994511
v  -157.711731 36.055359 -60.141918
v  -157.711731 36.194286 -59.856445
v  -157.711731 36.194286 -59.601341
v  -157.711731 36.145214 -59.463276
v  -157.711731 35.911732 -60.266315
v  -157.711731 36.055359 -59.315868
v  -157.711731 35.911732 -59.191471
v  -157.711731 35.741032 -60.347549
v  -157.711731 35.741032 -59.110241
v  -157.711731 35.555698 -60.371136
v  -157.711731 35.385990 -60.347549
v  -157.711731 35.555698 -59.086647
v  -157.711731 35.385990 -59.110241
v  -157.711731 35.215290 -60.266319
v  -157.711731 35.215290 -59.191471
v  -157.711731 35.071663 -60.141914
v  -157.711731 35.071663 -59.315868
v  -157.711731 34.981808 -59.994511
v  -157.711731 34.932735 -59.856445
v  -157.711731 34.919636 -59.734417
v  -157.711731 34.932735 -59.601341
v  -157.711731 34.981808 -59.463276
v  -157.713913 36.206940 -59.728893
v  -157.769485 36.069050 -60.018429
v  -157.812531 36.069050 -59.876499
v  -157.827072 36.069050 -59.728893
v  -157.812531 36.069050 -59.581287
v  -157.769485 36.069050 -59.439358
v  -157.769485 35.911732 -60.195950
v  -157.847168 35.911732 -60.050610
v  -157.895004 35.911732 -59.892902
v  -157.911163 35.911732 -59.728893
v  -157.895004 35.911732 -59.564884
v  -157.847168 35.911732 -59.407177
v  -157.769485 35.911732 -59.261837
v  -157.812531 35.741032 -60.224720
v  -157.895004 35.741032 -60.070423
v  -157.945801 35.741032 -59.903004
v  -157.962936 35.741032 -59.728893
v  -157.945801 35.741032 -59.554783
v  -157.895004 35.741032 -59.387363
v  -157.812531 35.741032 -59.233067
v  -157.713913 35.563511 -60.372322
v  -157.827072 35.563511 -60.234432
v  -157.911163 35.563511 -60.077114
v  -157.962936 35.563511 -59.906414
v  -157.980423 35.563511 -59.728893
v  -157.962936 35.563511 -59.551373
v  -157.911163 35.563511 -59.380672
v  -157.827072 35.563511 -59.223354
v  -157.713913 35.563511 -59.085464
v  -157.812531 35.385990 -60.224720
v  -157.895004 35.385990 -60.070423
v  -157.945801 35.385990 -59.903004
v  -157.962936 35.385990 -59.728893
v  -157.945801 35.385990 -59.554783
v  -157.895004 35.385990 -59.387363
v  -157.812531 35.385990 -59.233067
v  -157.769485 35.215290 -60.195950
v  -157.847168 35.215290 -60.050610
v  -157.895004 35.215290 -59.892902
v  -157.911163 35.215290 -59.728893
v  -157.895004 35.215290 -59.564884
v  -157.847168 35.215290 -59.407177
v  -157.769485 35.215290 -59.261837
v  -157.769485 35.057972 -60.018429
v  -157.812531 35.057972 -59.876499
v  -157.827072 35.057972 -59.728893
v  -157.812531 35.057972 -59.581287
v  -157.769485 35.057972 -59.439358
v  -157.713913 34.920082 -59.728893
# 154 vertices

vt  0.750000 0.000000 1.000000
vt  0.787037 0.000000 1.000000
vt  0.824074 0.000000 1.000000
vt  0.861111 0.000000 1.000000
vt  0.898148 0.000000 1.000000
vt  0.935185 0.000000 1.000000
vt  0.972222 0.000000 1.000000
vt  0.009259 0.000000 1.000000
vt  0.046296 0.000000 1.000000
vt  0.083333 0.000000 1.000000
vt  0.120370 0.000000 1.000000
vt  0.157407 0.000000 1.000000
vt  0.194444 0.000000 1.000000
vt  0.231482 0.000000 1.000000
vt  0.268519 0.000000 1.000000
vt  0.305556 0.000000 1.000000
vt  0.342593 0.000000 1.000000
vt  0.379630 0.000000 1.000000
vt  0.416667 0.000000 1.000000
vt  0.453704 0.000000 1.000000
vt  0.490741 0.000000 1.000000
vt  0.527778 0.000000 1.000000
vt  0.564815 0.000000 1.000000
vt  0.601852 0.000000 1.000000
vt  0.638889 0.000000 1.000000
vt  0.675926 0.000000 1.000000
vt  0.712963 0.000000 1.000000
vt  0.750000 0.500000 1.000000
vt  0.787037 0.500000 1.000000
vt  0.824074 0.500000 1.000000
vt  0.861111 0.500000 1.000000
vt  0.898148 0.500000 1.000000
vt  0.935185 0.500000 1.000000
vt  0.972222 0.500000 1.000000
vt  0.009259 0.500000 1.000000
vt  0.046296 0.500000 1.000000
vt  0.083333 0.500000 1.000000
vt  0.120370 0.500000 1.000000
vt  0.157407 0.500000 1.000000
vt  0.194444 0.500000 1.000000
vt  0.231482 0.500000 1.000000
vt  0.268519 0.500000 1.000000
vt  0.305556 0.500000 1.000000
vt  0.342593 0.500000 1.000000
vt  0.379630 0.500000 1.000000
vt  0.416667 0.500000 1.000000
vt  0.453704 0.500000 1.000000
vt  0.490741 0.500000 1.000000
vt  0.527778 0.500000 1.000000
vt  0.564815 0.500000 1.000000
vt  0.601852 0.500000 1.000000
vt  0.638889 0.500000 1.000000
vt  0.675926 0.500000 1.000000
vt  0.712963 0.500000 1.000000
vt  0.750000 1.000000 1.000000
vt  0.787037 1.000000 1.000000
vt  0.824074 1.000000 1.000000
vt  0.861111 1.000000 1.000000
vt  0.898148 1.000000 1.000000
vt  0.935185 1.000000 1.000000
vt  0.972222 1.000000 1.000000
vt  0.009259 1.000000 1.000000
vt  0.046296 1.000000 1.000000
vt  0.083333 1.000000 1.000000
vt  0.120370 1.000000 1.000000
vt  0.157407 1.000000 1.000000
vt  0.194444 1.000000 1.000000
vt  0.231482 1.000000 1.000000
vt  0.268519 1.000000 1.000000
vt  0.305556 1.000000 1.000000
vt  0.342593 1.000000 1.000000
vt  0.379630 1.000000 1.000000
vt  0.416667 1.000000 1.000000
vt  0.453704 1.000000 1.000000
vt  0.490741 1.000000 1.000000
vt  0.527778 1.000000 1.000000
vt  0.564815 1.000000 1.000000
vt  0.601852 1.000000 1.000000
vt  0.638889 1.000000 1.000000
vt  0.675926 1.000000 1.000000
vt  0.712963 1.000000 1.000000
vt  1.009259 0.000000 1.000000
vt  1.009259 0.500000 1.000000
vt  1.009259 1.000000 1.000000
vt  0.615309 0.986522 -0.250000
vt  0.724400 0.946816 -0.250000
vt  0.821394 0.883022 -0.250000
vt  0.901062 0.798579 -0.250000
vt  0.959108 0.698040 -0.250000
vt  0.992404 0.586824 -0.250000
vt  0.999154 0.470927 -0.250000
vt  0.978995 0.356598 -0.250000
vt  0.933013 0.250000 -0.250000
vt  0.863687 0.156879 -0.250000
vt  0.774755 0.082256 -0.250000
vt  0.671010 0.030154 -0.250000
vt  0.558047 0.003381 -0.250000
vt  0.441954 0.003381 -0.250000
vt  0.328990 0.030154 -0.250000
vt  0.225246 0.082256 -0.250000
vt  0.136313 0.156879 -0.250000
vt  0.066987 0.250000 -0.250000
vt  0.021005 0.356598 -0.250000
vt  0.000846 0.470928 -0.250000
vt  0.007596 0.586824 -0.250000
vt  0.040892 0.698040 -0.250000
vt  0.098938 0.798579 -0.250000
vt  0.178606 0.883022 -0.250000
vt  0.275600 0.946816 -0.250000
vt  0.384692 0.986522 -0.250000
vt  0.500000 1.000000 -0.250000
vt  0.500000 1.000000 0.250000
vt  0.384692 0.986522 0.250000
vt  0.275600 0.946816 0.250000
vt  0.178606 0.883022 0.250000
vt  0.098938 0.798579 0.250000
vt  0.040892 0.698040 0.250000
vt  0.007596 0.586824 0.250000
vt  0.000846 0.470928 0.250000
vt  0.021005 0.356598 0.250000
vt  0.066987 0.250000 0.250000
vt  0.136313 0.156879 0.250000
vt  0.225246 0.082256 0.250000
vt  0.328990 0.030154 0.250000
vt  0.441954 0.003381 0.250000
vt  0.558047 0.003381 0.250000
vt  0.671010 0.030154 0.250000
vt  0.774755 0.082256 0.250000
vt  0.863687 0.156879 0.250000
vt  0.933013 0.250000 0.250000
vt  0.978995 0.356598 0.250000
vt  0.999154 0.470927 0.250000
vt  0.992404 0.586824 0.250000
vt  0.959108 0.698040 0.250000
vt  0.901062 0.798579 0.250000
vt  0.821394 0.883022 0.250000
vt  0.724400 0.946816 0.250000
vt  0.615309 0.986522 0.250000
vt  0.058036 0.509322 -0.250000
vt  0.100622 0.299904 -0.250000
vt  0.153168 0.203855 -0.250000
vt  0.066767 0.400395 -0.250000
vt  0.066767 0.586080 -0.250000
vt  0.100622 0.686572 -0.250000
vt  0.261705 0.102062 -0.250000
vt  0.172060 0.805110 -0.250000
vt  0.261705 0.884412 -0.250000
vt  0.379473 0.042937 -0.250000
vt  0.379473 0.943538 -0.250000
vt  0.480387 0.026488 -0.250000
vt  0.624424 0.042937 -0.250000
vt  0.521390 0.959988 -0.250000
vt  0.624424 0.943538 -0.250000
vt  0.742193 0.102062 -0.250000
vt  0.742193 0.884412 -0.250000
vt  0.831838 0.181366 -0.250000
vt  0.850729 0.782620 -0.250000
vt  0.903275 0.299904 -0.250000
vt  0.937130 0.400395 -0.250000
vt  0.945862 0.477153 -0.250000
vt  0.937130 0.586080 -0.250000
vt  0.903275 0.686572 -0.250000
vt  0.250000 0.750000 0.000000
vt  0.187500 0.687500 0.000000
vt  0.218750 0.687500 0.000000
vt  0.250000 0.687500 0.000000
vt  0.281250 0.687500 0.000000
vt  0.312500 0.687500 0.000000
vt  0.156250 0.625000 0.000000
vt  0.187500 0.625000 0.000000
vt  0.218750 0.625000 0.000000
vt  0.250000 0.625000 0.000000
vt  0.281250 0.625000 0.000000
vt  0.312500 0.625000 0.000000
vt  0.343750 0.625000 0.000000
vt  0.156250 0.562500 0.000000
vt  0.187500 0.562500 0.000000
vt  0.218750 0.562500 0.000000
vt  0.250000 0.562500 0.000000
vt  0.281250 0.562500 0.000000
vt  0.312500 0.562500 0.000000
vt  0.343750 0.562500 0.000000
vt  0.125000 0.500000 0.000000
vt  0.156250 0.500000 0.000000
vt  0.187500 0.500000 0.000000
vt  0.218750 0.500000 0.000000
vt  0.250000 0.500000 0.000000
vt  0.281250 0.500000 0.000000
vt  0.312500 0.500000 0.000000
vt  0.343750 0.500000 0.000000
vt  0.375000 0.500000 0.000000
vt  0.156250 0.437500 0.000000
vt  0.187500 0.437500 0.000000
vt  0.218750 0.437500 0.000000
vt  0.250000 0.437500 0.000000
vt  0.281250 0.437500 0.000000
vt  0.312500 0.437500 0.000000
vt  0.343750 0.437500 0.000000
vt  0.156250 0.375000 0.000000
vt  0.187500 0.375000 0.000000
vt  0.218750 0.375000 0.000000
vt  0.250000 0.375000 0.000000
vt  0.281250 0.375000 0.000000
vt  0.312500 0.375000 0.000000
vt  0.343750 0.375000 0.000000
vt  0.187500 0.312500 0.000000
vt  0.218750 0.312500 0.000000
vt  0.250000 0.312500 0.000000
vt  0.281250 0.312500 0.000000
vt  0.312500 0.312500 0.000000
vt  0.250000 0.250000 0.000000
vt  0.244499 0.750000 0.000000
vt  0.187500 0.722022 0.000000
vt  0.281250 0.744264 0.000000
vt  0.312500 0.722022 0.000000
vt  0.338311 0.687500 0.000000
vt  0.138989 0.625000 0.000000
vt  0.156250 0.676622 0.000000
vt  0.127868 0.562500 0.000000
vt  0.361011 0.625000 0.000000
vt  0.372132 0.562500 0.000000
vt  0.375000 0.511000 0.000000
vt  0.125000 0.488997 0.000000
vt  0.372132 0.437500 0.000000
vt  0.138989 0.375000 0.000000
vt  0.127868 0.437500 0.000000
vt  0.343750 0.323378 0.000000
vt  0.361011 0.375000 0.000000
vt  0.187500 0.277978 0.000000
vt  0.161689 0.312500 0.000000
vt  0.218750 0.255736 0.000000
vt  0.281250 0.255736 0.000000
vt  0.255501 0.250000 0.000000
vt  0.312500 0.277978 0.000000
vt  0.218750 0.744264 0.000000
# 235 texture vertices

vn  -0.000001 0.143139 3.876060
vn  -0.000001 0.991028 3.749723
vn  -0.000002 1.799345 3.435090
vn  -0.000001 2.530348 2.937205
vn  -0.000001 3.141701 2.269501
vn  -0.000001 3.589318 1.459262
vn  -0.000000 3.834520 0.550969
vn  0.000000 3.853477 -0.395759
vn  0.000001 3.644332 -1.314633
vn  0.000001 3.227760 -2.144326
vn  0.000001 2.640629 -2.837694
vn  0.000002 1.926623 -3.364824
vn  0.000001 1.128572 -3.710355
vn  0.000001 0.284921 -3.868165
vn  0.000001 -0.569844 -3.836556
vn  0.000002 -1.402381 -3.615762
vn  0.000002 -2.177062 -3.208477
vn  0.000001 -2.853761 -2.623257
vn  0.000001 -3.388630 -1.879830
vn  0.000000 -3.739166 -1.013931
vn  0.000000 -3.872955 -0.078291
vn  -0.000000 -3.776607 0.862757
vn  -0.000001 -3.459943 1.743973
vn  -0.000001 -2.952839 2.510311
vn  -0.000001 -2.296729 3.123279
vn  -0.000001 -1.535591 3.560822
vn  -0.000001 -0.710229 3.812891
vn  -0.000001 -0.000001 1.299925
vn  -0.000001 0.285296 1.268232
vn  -0.000000 0.559366 1.173420
vn  -0.000000 0.809874 1.016813
vn  -0.000000 1.022868 0.802213
vn  -0.000000 1.183470 0.537777
vn  -0.000000 1.278065 0.237394
vn  0.000000 1.297485 -0.079606
vn  0.000000 1.239734 -0.390980
vn  0.000000 1.110633 -0.675499
vn  0.000000 0.921987 -0.916376
vn  0.000000 0.688400 -1.102683
vn  0.000001 0.424468 -1.228671
vn  0.000001 0.143335 -1.291999
vn  0.000001 -0.143335 -1.291999
vn  0.000000 -0.424469 -1.228670
vn  0.000000 -0.688401 -1.102683
vn  0.000000 -0.921987 -0.916376
vn  0.000000 -1.110633 -0.675498
vn  0.000000 -1.239734 -0.390980
vn  0.000000 -1.297485 -0.079606
vn  -0.000000 -1.278065 0.237393
vn  -0.000000 -1.183470 0.537777
vn  -0.000000 -1.022869 0.802212
vn  -0.000000 -0.809875 1.016812
vn  -0.000001 -0.559367 1.173419
vn  -0.000001 -0.285297 1.268231
vn  -0.000003 -0.143144 3.876060
vn  -0.000003 0.710224 3.812892
vn  -0.000001 1.535588 3.560823
vn  -0.000001 2.296726 3.123282
vn  -0.000001 2.952837 2.510314
vn  -0.000001 3.459942 1.743975
vn  -0.000000 3.776607 0.862759
vn  0.000000 3.872955 -0.078289
vn  0.000000 3.739166 -1.013930
vn  0.000001 3.388629 -1.879831
vn  0.000001 2.853760 -2.623258
vn  0.000001 2.177060 -3.208477
vn  0.000001 1.402380 -3.615763
vn  0.000002 0.569843 -3.836556
vn  0.000003 -0.284923 -3.868165
vn  0.000002 -1.128573 -3.710355
vn  0.000001 -1.926625 -3.364823
vn  0.000001 -2.640630 -2.837693
vn  0.000001 -3.227761 -2.144325
vn  0.000000 -3.644332 -1.314633
vn  0.000000 -3.853477 -0.395760
vn  -0.000000 -3.834520 0.550967
vn  -0.000001 -3.589318 1.459259
vn  -0.000001 -3.141703 2.269499
vn  -0.000001 -2.530352 2.937201
vn  -0.000001 -1.799348 3.435089
vn  -0.000002 -0.991031 3.749723
vn  5.199700 0.000005 0.000002
vn  2.599850 -0.000001 0.000001
vn  5.199700 -0.000001 0.000003
vn  2.599850 0.000001 0.000001
vn  3.899775 0.000002 0.000001
vn  3.899775 -0.000001 0.000002
vn  5.199700 -0.000005 0.000012
vn  3.899775 0.000002 0.000003
vn  3.899775 -0.000000 0.000001
vn  3.899775 -0.000003 0.000010
vn  3.899775 -0.000001 -0.000002
vn  3.899775 0.000001 -0.000001
vn  3.899775 0.000000 0.000001
vn  5.199700 0.000000 0.000003
vn  3.899775 0.000000 0.000004
vn  5.199700 0.000003 0.000006
vn  3.899775 0.000001 0.000001
vn  2.599850 -0.000027 -0.000013
vn  5.199700 -0.000000 0.000002
vn  0.000000 -0.000029 -0.000017
vn  3.899775 0.000001 0.000002
vn  2.599850 -0.000003 0.000000
vn  2.599850 -0.000001 0.000001
vn  2.599850 -0.000003 0.000003
vn  0.572331 -1.163443 0.092959
vn  1.017914 -0.700709 0.403316
vn  1.052478 -0.738832 0.190318
vn  1.092818 -0.703627 0.021488
vn  1.069209 -0.700711 -0.235800
vn  0.995824 -0.722201 -0.420196
vn  1.019025 -0.476947 0.651087
vn  1.110150 -0.497499 0.458112
vn  1.178192 -0.497499 0.232730
vn  1.200957 -0.497499 -0.001595
vn  1.177570 -0.497499 -0.235860
vn  1.108929 -0.497499 -0.461061
vn  1.001583 -0.524216 -0.641743
vn  1.060527 -0.253625 0.707645
vn  1.178204 -0.253625 0.487149
vn  1.250603 -0.253625 0.247932
vn  1.274943 -0.253625 -0.000813
vn  1.250286 -0.253625 -0.249526
vn  1.177582 -0.253625 -0.488650
vn  1.046742 -0.271510 -0.721400
vn  0.496030 0.068246 1.199626
vn  1.068959 0.056041 0.737557
vn  1.200974 -0.000000 0.497460
vn  1.274947 -0.000000 0.253603
vn  1.299925 -0.000000 -0.000000
vn  1.274947 -0.000000 -0.253603
vn  1.200974 0.000000 -0.497460
vn  1.080848 0.000000 -0.722200
vn  0.517729 -0.016476 -1.192263
vn  1.046057 0.269749 0.723053
vn  1.177582 0.253625 0.488650
vn  1.250286 0.253625 0.249526
vn  1.274943 0.253625 0.000813
vn  1.250603 0.253625 -0.247932
vn  1.178204 0.253625 -0.487149
vn  1.060527 0.253625 -0.707645
vn  1.001581 0.524218 0.641744
vn  1.108929 0.497498 0.461060
vn  1.177570 0.497498 0.235860
vn  1.200957 0.497498 0.001596
vn  1.178192 0.497498 -0.232731
vn  1.110150 0.497498 -0.458113
vn  1.019024 0.476947 -0.651088
vn  1.000393 0.700602 0.445169
vn  1.046738 0.737322 0.224724
vn  1.111819 0.671577 -0.051452
vn  1.052478 0.738833 -0.190318
vn  1.017913 0.700709 -0.403317
vn  0.805052 1.020633 0.001814
# 154 vertex normals

g Sphere04
usemtl drevo_skrin
s 8
f 181/233/181 182/234/182 209/261/209
f 209/261/209 208/260/208 181/233/181
f 182/234/182 183/235/183 210/262/210
f 210/262/210 209/261/209 182/234/182
f 183/235/183 184/236/184 211/263/211
f 211/263/211 210/262/210 183/235/183
f 184/236/184 185/237/185 212/264/212
f 212/264/212 211/263/211 184/236/184
f 185/237/185 186/238/186 213/265/213
f 213/265/213 212/264/212 185/237/185
f 186/238/186 187/239/187 214/266/214
f 214/266/214 213/265/213 186/238/186
f 187/239/187 188/314/188 215/315/215
f 215/315/215 214/266/214 187/239/187
f 188/240/188 189/241/189 216/268/216
f 216/268/216 215/267/215 188/240/188
f 189/241/189 190/242/190 217/269/217
f 217/269/217 216/268/216 189/241/189
f 190/242/190 191/243/191 218/270/218
f 218/270/218 217/269/217 190/242/190
f 191/243/191 192/244/192 219/271/219
f 219/271/219 218/270/218 191/243/191
f 192/244/192 193/245/193 220/272/220
f 220/272/220 219/271/219 192/244/192
f 193/245/193 194/246/194 221/273/221
f 221/273/221 220/272/220 193/245/193
f 194/246/194 195/247/195 222/274/222
f 222/274/222 221/273/221 194/246/194
f 195/247/195 196/248/196 223/275/223
f 223/275/223 222/274/222 195/247/195
f 196/248/196 197/249/197 224/276/224
f 224/276/224 223/275/223 196/248/196
f 197/249/197 198/250/198 225/277/225
f 225/277/225 224/276/224 197/249/197
f 198/250/198 199/251/199 226/278/226
f 226/278/226 225/277/225 198/250/198
f 199/251/199 200/252/200 227/279/227
f 227/279/227 226/278/226 199/251/199
f 200/252/200 201/253/201 228/280/228
f 228/280/228 227/279/227 200/252/200
f 201/253/201 202/254/202 229/281/229
f 229/281/229 228/280/228 201/253/201
f 202/254/202 203/255/203 230/282/230
f 230/282/230 229/281/229 202/254/202
f 203/255/203 204/256/204 231/283/231
f 231/283/231 230/282/230 203/255/203
f 204/256/204 205/257/205 232/284/232
f 232/284/232 231/283/231 204/256/204
f 205/257/205 206/258/206 233/285/233
f 233/285/233 232/284/232 205/257/205
f 206/258/206 207/259/207 234/286/234
f 234/286/234 233/285/233 206/258/206
f 207/259/207 181/233/181 208/260/208
f 208/260/208 234/286/234 207/259/207
f 208/260/208 209/261/209 236/288/236
f 236/288/236 235/287/235 208/260/208
f 209/261/209 210/262/210 237/289/237
f 237/289/237 236/288/236 209/261/209
f 210/262/210 211/263/211 238/290/238
f 238/290/238 237/289/237 210/262/210
f 211/263/211 212/264/212 239/291/239
f 239/291/239 238/290/238 211/263/211
f 212/264/212 213/265/213 240/292/240
f 240/292/240 239/291/239 212/264/212
f 213/265/213 214/266/214 241/293/241
f 241/293/241 240/292/240 213/265/213
f 214/266/214 215/315/215 242/316/242
f 242/316/242 241/293/241 214/266/214
f 215/267/215 216/268/216 243/295/243
f 243/295/243 242/294/242 215/267/215
f 216/268/216 217/269/217 244/296/244
f 244/296/244 243/295/243 216/268/216
f 217/269/217 218/270/218 245/297/245
f 245/297/245 244/296/244 217/269/217
f 218/270/218 219/271/219 246/298/246
f 246/298/246 245/297/245 218/270/218
f 219/271/219 220/272/220 247/299/247
f 247/299/247 246/298/246 219/271/219
f 220/272/220 221/273/221 248/300/248
f 248/300/248 247/299/247 220/272/220
f 221/273/221 222/274/222 249/301/249
f 249/301/249 248/300/248 221/273/221
f 222/274/222 223/275/223 250/302/250
f 250/302/250 249/301/249 222/274/222
f 223/275/223 224/276/224 251/303/251
f 251/303/251 250/302/250 223/275/223
f 224/276/224 225/277/225 252/304/252
f 252/304/252 251/303/251 224/276/224
f 225/277/225 226/278/226 253/305/253
f 253/305/253 252/304/252 225/277/225
f 226/278/226 227/279/227 254/306/254
f 254/306/254 253/305/253 226/278/226
f 227/279/227 228/280/228 255/307/255
f 255/307/255 254/306/254 227/279/227
f 228/280/228 229/281/229 256/308/256
f 256/308/256 255/307/255 228/280/228
f 229/281/229 230/282/230 257/309/257
f 257/309/257 256/308/256 229/281/229
f 230/282/230 231/283/231 258/310/258
f 258/310/258 257/309/257 230/282/230
f 231/283/231 232/284/232 259/311/259
f 259/311/259 258/310/258 231/283/231
f 232/284/232 233/285/233 260/312/260
f 260/312/260 259/311/259 232/284/232
f 233/285/233 234/286/234 261/313/261
f 261/313/261 260/312/260 233/285/233
f 234/286/234 208/260/208 235/287/235
f 235/287/235 261/313/261 234/286/234
s 1
f 236/345/236 237/346/237 238/347/238
f 238/347/238 239/348/239 240/349/240
f 236/345/236 238/347/238 240/349/240
f 240/349/240 241/350/241 242/351/242
f 242/351/242 243/352/243 244/353/244
f 240/349/240 242/351/242 244/353/244
f 244/353/244 245/354/245 246/355/246
f 246/355/246 247/356/247 248/357/248
f 244/353/244 246/355/246 248/357/248
f 240/349/240 244/353/244 248/357/248
f 248/357/248 249/358/249 250/359/250
f 250/359/250 251/360/251 252/361/252
f 248/357/248 250/359/250 252/361/252
f 252/361/252 253/362/253 254/363/254
f 254/363/254 255/364/255 256/365/256
f 252/361/252 254/363/254 256/365/256
f 248/357/248 252/361/252 256/365/256
f 240/349/240 248/357/248 256/365/256
f 256/365/256 257/366/257 258/367/258
f 258/367/258 259/368/259 260/369/260
f 256/365/256 258/367/258 260/369/260
f 240/349/240 256/365/256 260/369/260
f 236/345/236 240/349/240 260/369/260
f 236/345/236 260/369/260 261/370/261
f 235/344/235 236/345/236 261/370/261
f 284/393/284 285/394/285 202/322/202
f 190/334/190 189/335/189 188/336/188
f 188/336/188 187/337/187 186/338/186
f 202/322/202 285/394/285 280/389/280
f 203/321/203 202/322/202 280/389/280
f 204/320/204 203/321/203 280/389/280
f 204/320/204 280/389/280 278/387/278
f 205/319/205 204/320/204 278/387/278
f 205/319/205 278/387/278 276/385/276
f 206/318/206 205/319/205 276/385/276
f 206/318/206 276/385/276 275/384/275
f 207/317/207 206/318/206 275/384/275
f 181/343/181 207/317/207 275/384/275
f 181/343/181 275/384/275 272/381/272
f 182/342/182 181/343/181 272/381/272
f 182/342/182 272/381/272 270/379/270
f 183/341/183 182/342/182 270/379/270
f 183/341/183 270/379/270 269/378/269
f 184/340/184 183/341/183 269/378/269
f 184/340/184 269/378/269 267/376/267
f 185/339/185 184/340/184 267/376/267
f 185/339/185 267/376/267 266/375/266
f 186/338/186 185/339/185 266/375/266
f 186/338/186 266/375/266 262/371/262
f 188/336/188 186/338/186 262/371/262
f 190/334/190 188/336/188 262/371/262
f 190/334/190 262/371/262 265/374/265
f 190/334/190 265/374/265 263/372/263
f 190/334/190 263/372/263 264/373/264
f 191/333/191 190/334/190 264/373/264
f 192/332/192 191/333/191 264/373/264
f 192/332/192 264/373/264 268/377/268
f 193/331/193 192/332/192 268/377/268
f 194/330/194 193/331/193 268/377/268
f 194/330/194 268/377/268 271/380/271
f 195/329/195 194/330/194 271/380/271
f 195/329/195 271/380/271 273/382/273
f 196/328/196 195/329/195 273/382/273
f 196/328/196 273/382/273 274/383/274
f 197/327/197 196/328/196 274/383/274
f 197/327/197 274/383/274 277/386/277
f 198/326/198 197/327/197 277/386/277
f 199/325/199 198/326/198 277/386/277
f 199/325/199 277/386/277 279/388/279
f 200/324/200 199/325/199 279/388/279
f 201/323/201 200/324/200 279/388/279
f 201/323/201 279/388/279 281/390/281
f 201/323/201 281/390/281 282/391/282
f 202/322/202 201/323/201 282/391/282
f 202/322/202 282/391/282 283/392/283
f 284/393/284 202/322/202 283/392/283
s 2
f 288/397/288 265/467/265 262/444/262
f 289/398/289 288/397/288 262/444/262
f 289/398/289 262/444/262 286/395/286
f 292/401/292 268/449/268 264/450/264
f 264/450/264 287/396/287 293/402/293
f 292/401/292 264/450/264 293/402/293
f 294/403/294 293/402/293 287/396/287
f 287/396/287 288/397/288 294/403/294
f 295/404/295 294/403/294 288/397/288
f 288/397/288 289/398/289 295/404/295
f 296/405/296 295/404/295 289/398/289
f 289/398/289 290/399/290 296/405/296
f 297/406/297 296/405/296 290/399/290
f 290/399/290 291/400/291 297/406/297
f 300/409/300 299/408/299 292/401/292
f 292/401/292 293/402/293 300/409/300
f 301/410/301 300/409/300 293/402/293
f 293/402/293 294/403/294 301/410/301
f 302/411/302 301/410/301 294/403/294
f 294/403/294 295/404/295 302/411/302
f 303/412/303 302/411/302 295/404/295
f 295/404/295 296/405/296 303/412/303
f 304/413/304 303/412/303 296/405/296
f 296/405/296 297/406/297 304/413/304
f 305/414/305 304/413/304 297/406/297
f 297/406/297 298/407/298 305/414/305
f 306/415/306 273/455/273 271/451/271
f 271/451/271 299/408/299 307/416/307
f 306/415/306 271/451/271 307/416/307
f 308/417/308 307/416/307 299/408/299
f 299/408/299 300/409/300 308/417/308
f 309/418/309 308/417/308 300/409/300
f 300/409/300 301/410/301 309/418/309
f 310/419/310 309/418/309 301/410/301
f 301/410/301 302/411/302 310/419/310
f 311/420/311 310/419/310 302/411/302
f 302/411/302 303/412/303 311/420/311
f 312/421/312 311/420/311 303/412/303
f 303/412/303 304/413/304 312/421/312
f 313/422/313 312/421/312 304/413/304
f 304/413/304 305/414/305 313/422/313
f 315/424/315 274/458/274 273/455/273
f 307/416/307 315/424/315 273/455/273
f 306/415/306 307/416/307 273/455/273
f 316/425/316 315/424/315 307/416/307
f 307/416/307 308/417/308 316/425/316
f 317/426/317 316/425/316 308/417/308
f 308/417/308 309/418/309 317/426/317
f 318/427/318 317/426/317 309/418/309
f 309/418/309 310/419/310 318/427/318
f 319/428/319 318/427/318 310/419/310
f 310/419/310 311/420/311 319/428/319
f 320/429/320 319/428/319 311/420/311
f 311/420/311 312/421/312 320/429/320
f 321/430/321 320/429/320 312/421/312
f 312/421/312 313/422/313 321/430/321
f 323/432/323 322/431/322 315/424/315
f 315/424/315 316/425/316 323/432/323
f 324/433/324 323/432/323 316/425/316
f 316/425/316 317/426/317 324/433/324
f 325/434/325 324/433/324 317/426/317
f 317/426/317 318/427/318 325/434/325
f 326/435/326 325/434/325 318/427/318
f 318/427/318 319/428/319 326/435/326
f 327/436/327 326/435/326 319/428/319
f 319/428/319 320/429/320 327/436/327
f 328/437/328 327/436/327 320/429/320
f 320/429/320 321/430/321 328/437/328
f 322/431/322 323/432/323 329/438/329
f 329/438/329 281/461/281 279/462/279
f 322/431/322 329/438/329 279/462/279
f 330/439/330 329/438/329 323/432/323
f 323/432/323 324/433/324 330/439/330
f 331/440/331 330/439/330 324/433/324
f 324/433/324 325/434/325 331/440/331
f 332/441/332 331/440/331 325/434/325
f 325/434/325 326/435/326 332/441/332
f 333/442/333 332/441/332 326/435/326
f 326/435/326 327/436/327 333/442/333
f 330/439/330 331/440/331 334/443/334
f 334/443/334 283/465/283 282/463/282
f 330/439/330 334/443/334 282/463/282
f 263/445/263 265/467/265 288/397/288
f 288/397/288 287/396/287 263/445/263
f 264/450/264 263/445/263 287/396/287
f 266/446/266 267/447/267 291/400/291
f 291/400/291 290/399/290 266/446/266
f 266/446/266 290/399/290 289/398/289
f 266/446/266 289/398/289 286/395/286
f 262/444/262 266/446/266 286/395/286
f 298/407/298 297/406/297 291/400/291
f 291/400/291 269/448/269 298/407/298
f 267/447/267 269/448/269 291/400/291
f 299/408/299 271/451/271 268/449/268
f 268/449/268 292/401/292 299/408/299
f 270/452/270 272/453/272 305/414/305
f 305/414/305 298/407/298 270/452/270
f 272/453/272 275/454/275 314/423/314
f 314/423/314 313/422/313 305/414/305
f 272/453/272 314/423/314 305/414/305
f 321/430/321 276/456/276 278/460/278
f 278/460/278 328/437/328 321/430/321
f 276/456/276 321/430/321 313/422/313
f 276/456/276 313/422/313 314/423/314
f 275/454/275 276/456/276 314/423/314
f 277/457/277 274/458/274 315/424/315
f 315/424/315 322/431/322 277/457/277
f 279/462/279 277/457/277 322/431/322
f 280/459/280 333/442/333 327/436/327
f 327/436/327 328/437/328 280/459/280
f 278/460/278 280/459/280 328/437/328
f 330/439/330 282/463/282 281/461/281
f 281/461/281 329/438/329 330/439/330
f 283/465/283 334/443/334 331/440/331
f 283/465/283 331/440/331 332/441/332
f 284/464/284 283/465/283 332/441/332
f 285/466/285 284/464/284 332/441/332
f 332/441/332 333/442/333 285/466/285
f 269/448/269 270/452/270 298/407/298
f 280/459/280 285/466/285 333/442/333
# 304 faces

g
# object Cylinder04 to come ...
#
v  -159.506729 35.566334 -59.719601
v  -159.506729 35.566334 -59.032665
v  -159.506729 35.733467 -59.051182
v  -159.506729 35.891590 -59.105732
v  -159.506729 36.032177 -59.193378
v  -159.506729 36.147652 -59.309391
v  -159.506729 36.231789 -59.447521
v  -159.506729 36.280048 -59.600315
v  -159.506729 36.289833 -59.759544
v  -159.506729 36.260612 -59.916615
v  -159.506729 36.193966 -60.063068
v  -159.506729 36.093479 -60.191006
v  -159.506729 35.964577 -60.293526
v  -159.506729 35.814205 -60.365108
v  -159.506729 35.650471 -60.401890
v  -159.506729 35.482197 -60.401890
v  -159.506729 35.318462 -60.365108
v  -159.506729 35.168091 -60.293526
v  -159.506729 35.039188 -60.191006
v  -159.506729 34.938702 -60.063068
v  -159.506729 34.872055 -59.916615
v  -159.506729 34.842834 -59.759544
v  -159.506729 34.852619 -59.600315
v  -159.506729 34.900879 -59.447521
v  -159.506729 34.985016 -59.309391
v  -159.506729 35.100491 -59.193378
v  -159.506729 35.241077 -59.105732
v  -159.506729 35.399200 -59.051182
v  -159.573425 35.566334 -59.032665
v  -159.573425 35.733467 -59.051182
v  -159.573425 35.891590 -59.105732
v  -159.573425 36.032177 -59.193378
v  -159.573425 36.147652 -59.309391
v  -159.573425 36.231789 -59.447521
v  -159.573425 36.280048 -59.600315
v  -159.573425 36.289833 -59.759544
v  -159.573425 36.260612 -59.916615
v  -159.573425 36.193966 -60.063068
v  -159.573425 36.093479 -60.191006
v  -159.573425 35.964577 -60.293526
v  -159.573425 35.814205 -60.365108
v  -159.573425 35.650471 -60.401890
v  -159.573425 35.482197 -60.401890
v  -159.573425 35.318462 -60.365108
v  -159.573425 35.168091 -60.293526
v  -159.573425 35.039188 -60.191006
v  -159.573425 34.938702 -60.063068
v  -159.573425 34.872055 -59.916615
v  -159.573425 34.842834 -59.759544
v  -159.573425 34.852619 -59.600315
v  -159.573425 34.900879 -59.447521
v  -159.573425 34.985016 -59.309391
v  -159.573425 35.100491 -59.193378
v  -159.573425 35.241077 -59.105732
v  -159.573425 35.399200 -59.051182
v  -159.640121 35.566334 -59.032665
v  -159.640121 35.733467 -59.051182
v  -159.640121 35.891590 -59.105732
v  -159.640121 36.032177 -59.193378
v  -159.640121 36.147652 -59.309391
v  -159.640121 36.231789 -59.447521
v  -159.640121 36.280048 -59.600315
v  -159.640121 36.289833 -59.759544
v  -159.640121 36.260612 -59.916615
v  -159.640121 36.193966 -60.063068
v  -159.640121 36.093479 -60.191006
v  -159.640121 35.964577 -60.293526
v  -159.640121 35.814205 -60.365108
v  -159.640121 35.650471 -60.401890
v  -159.640121 35.482197 -60.401890
v  -159.640121 35.318462 -60.365108
v  -159.640121 35.168091 -60.293526
v  -159.640121 35.039188 -60.191006
v  -159.640121 34.938702 -60.063068
v  -159.640121 34.872055 -59.916615
v  -159.640121 34.842834 -59.759544
v  -159.640121 34.852619 -59.600315
v  -159.640121 34.900879 -59.447521
v  -159.640121 34.985016 -59.309391
v  -159.640121 35.100491 -59.193378
v  -159.640121 35.241077 -59.105732
v  -159.640121 35.399200 -59.051182
v  -159.706818 35.566334 -59.032665
v  -159.706818 35.733467 -59.051182
v  -159.706818 35.891590 -59.105732
v  -159.706818 36.032177 -59.193378
v  -159.706818 36.147652 -59.309391
v  -159.706818 36.231789 -59.447521
v  -159.706818 36.280048 -59.600315
v  -159.706818 36.289833 -59.759544
v  -159.706818 36.260612 -59.916615
v  -159.706818 36.193966 -60.063068
v  -159.706818 36.093479 -60.191006
v  -159.706818 35.964577 -60.293526
v  -159.706818 35.814205 -60.365108
v  -159.706818 35.650471 -60.401890
v  -159.706818 35.482197 -60.401890
v  -159.706818 35.318462 -60.365108
v  -159.706818 35.168091 -60.293526
v  -159.706818 35.039188 -60.191006
v  -159.706818 34.938702 -60.063068
v  -159.706818 34.872055 -59.916615
v  -159.706818 34.842834 -59.759544
v  -159.706818 34.852619 -59.600315
v  -159.706818 34.900879 -59.447521
v  -159.706818 34.985016 -59.309391
v  -159.706818 35.100491 -59.193378
v  -159.706818 35.241077 -59.105732
v  -159.706818 35.399200 -59.051182
v  -159.773514 35.566334 -59.032665
v  -159.773514 35.733467 -59.051182
v  -159.773514 35.891590 -59.105732
v  -159.773514 36.032177 -59.193378
v  -159.773514 36.147652 -59.309391
v  -159.773514 36.231789 -59.447521
v  -159.773514 36.280048 -59.600315
v  -159.773514 36.289833 -59.759544
v  -159.773514 36.260612 -59.916615
v  -159.773514 36.193966 -60.063068
v  -159.773514 36.093479 -60.191006
v  -159.773514 35.964577 -60.293526
v  -159.773514 35.814205 -60.365108
v  -159.773514 35.650471 -60.401890
v  -159.773514 35.482197 -60.401890
v  -159.773514 35.318462 -60.365108
v  -159.773514 35.168091 -60.293526
v  -159.773514 35.039188 -60.191006
v  -159.773514 34.938702 -60.063068
v  -159.773514 34.872055 -59.916615
v  -159.773514 34.842834 -59.759544
v  -159.773514 34.852619 -59.600315
v  -159.773514 34.900879 -59.447521
v  -159.773514 34.985016 -59.309391
v  -159.773514 35.100491 -59.193378
v  -159.773514 35.241077 -59.105732
v  -159.773514 35.399200 -59.051182
v  -159.840210 35.566334 -59.032665
v  -159.840210 35.733467 -59.051182
v  -159.840210 35.891590 -59.105732
v  -159.840210 36.032177 -59.193378
v  -159.840210 36.147652 -59.309391
v  -159.840210 36.231789 -59.447521
v  -159.840210 36.280048 -59.600315
v  -159.840210 36.289833 -59.759544
v  -159.840210 36.260612 -59.916615
v  -159.840210 36.193966 -60.063068
v  -159.840210 36.093479 -60.191006
v  -159.840210 35.964577 -60.293526
v  -159.840210 35.814205 -60.365108
v  -159.840210 35.650471 -60.401890
v  -159.840210 35.482197 -60.401890
v  -159.840210 35.318462 -60.365108
v  -159.840210 35.168091 -60.293526
v  -159.840210 35.039188 -60.191006
v  -159.840210 34.938702 -60.063068
v  -159.840210 34.872055 -59.916615
v  -159.840210 34.842834 -59.759544
v  -159.840210 34.852619 -59.600315
v  -159.840210 34.900879 -59.447521
v  -159.840210 34.985016 -59.309391
v  -159.840210 35.100491 -59.193378
v  -159.840210 35.241077 -59.105732
v  -159.840210 35.399200 -59.051182
v  -159.840210 35.566334 -59.719601
# 164 vertices

vt  0.500000 0.000000 0.000000
vt  0.750000 0.000000 1.000000
vt  0.787037 0.000000 1.000000
vt  0.824074 0.000000 1.000000
vt  0.861111 0.000000 1.000000
vt  0.898148 0.000000 1.000000
vt  0.935185 0.000000 1.000000
vt  0.972222 0.000000 1.000000
vt  0.009259 0.000000 1.000000
vt  0.046296 0.000000 1.000000
vt  0.083333 0.000000 1.000000
vt  0.120370 0.000000 1.000000
vt  0.157407 0.000000 1.000000
vt  0.194444 0.000000 1.000000
vt  0.231482 0.000000 1.000000
vt  0.268519 0.000000 1.000000
vt  0.305556 0.000000 1.000000
vt  0.342593 0.000000 1.000000
vt  0.379630 0.000000 1.000000
vt  0.416667 0.000000 1.000000
vt  0.453704 0.000000 1.000000
vt  0.490741 0.000000 1.000000
vt  0.527778 0.000000 1.000000
vt  0.564815 0.000000 1.000000
vt  0.601852 0.000000 1.000000
vt  0.638889 0.000000 1.000000
vt  0.675926 0.000000 1.000000
vt  0.712963 0.000000 1.000000
vt  0.750000 0.200000 1.000000
vt  0.787037 0.200000 1.000000
vt  0.824074 0.200000 1.000000
vt  0.861111 0.200000 1.000000
vt  0.898148 0.200000 1.000000
vt  0.935185 0.200000 1.000000
vt  0.972222 0.200000 1.000000
vt  0.009259 0.200000 1.000000
vt  0.046296 0.200000 1.000000
vt  0.083333 0.200000 1.000000
vt  0.120370 0.200000 1.000000
vt  0.157407 0.200000 1.000000
vt  0.194444 0.200000 1.000000
vt  0.231482 0.200000 1.000000
vt  0.268519 0.200000 1.000000
vt  0.305556 0.200000 1.000000
vt  0.342593 0.200000 1.000000
vt  0.379630 0.200000 1.000000
vt  0.416667 0.200000 1.000000
vt  0.453704 0.200000 1.000000
vt  0.490741 0.200000 1.000000
vt  0.527778 0.200000 1.000000
vt  0.564815 0.200000 1.000000
vt  0.601852 0.200000 1.000000
vt  0.638889 0.200000 1.000000
vt  0.675926 0.200000 1.000000
vt  0.712963 0.200000 1.000000
vt  0.750000 0.400000 1.000000
vt  0.787037 0.400000 1.000000
vt  0.824074 0.400000 1.000000
vt  0.861111 0.400000 1.000000
vt  0.898148 0.400000 1.000000
vt  0.935185 0.400000 1.000000
vt  0.972222 0.400000 1.000000
vt  0.009259 0.400000 1.000000
vt  0.046296 0.400000 1.000000
vt  0.083333 0.400000 1.000000
vt  0.120370 0.400000 1.000000
vt  0.157407 0.400000 1.000000
vt  0.194444 0.400000 1.000000
vt  0.231482 0.400000 1.000000
vt  0.268519 0.400000 1.000000
vt  0.305556 0.400000 1.000000
vt  0.342593 0.400000 1.000000
vt  0.379630 0.400000 1.000000
vt  0.416667 0.400000 1.000000
vt  0.453704 0.400000 1.000000
vt  0.490741 0.400000 1.000000
vt  0.527778 0.400000 1.000000
vt  0.564815 0.400000 1.000000
vt  0.601852 0.400000 1.000000
vt  0.638889 0.400000 1.000000
vt  0.675926 0.400000 1.000000
vt  0.712963 0.400000 1.000000
vt  0.750000 0.600000 1.000000
vt  0.787037 0.600000 1.000000
vt  0.824074 0.600000 1.000000
vt  0.861111 0.600000 1.000000
vt  0.898148 0.600000 1.000000
vt  0.935185 0.600000 1.000000
vt  0.972222 0.600000 1.000000
vt  0.009259 0.600000 1.000000
vt  0.046296 0.600000 1.000000
vt  0.083333 0.600000 1.000000
vt  0.120370 0.600000 1.000000
vt  0.157407 0.600000 1.000000
vt  0.194444 0.600000 1.000000
vt  0.231482 0.600000 1.000000
vt  0.268519 0.600000 1.000000
vt  0.305556 0.600000 1.000000
vt  0.342593 0.600000 1.000000
vt  0.379630 0.600000 1.000000
vt  0.416667 0.600000 1.000000
vt  0.453704 0.600000 1.000000
vt  0.490741 0.600000 1.000000
vt  0.527778 0.600000 1.000000
vt  0.564815 0.600000 1.000000
vt  0.601852 0.600000 1.000000
vt  0.638889 0.600000 1.000000
vt  0.675926 0.600000 1.000000
vt  0.712963 0.600000 1.000000
vt  0.750000 0.800000 1.000000
vt  0.787037 0.800000 1.000000
vt  0.824074 0.800000 1.000000
vt  0.861111 0.800000 1.000000
vt  0.898148 0.800000 1.000000
vt  0.935185 0.800000 1.000000
vt  0.972222 0.800000 1.000000
vt  0.009259 0.800000 1.000000
vt  0.046296 0.800000 1.000000
vt  0.083333 0.800000 1.000000
vt  0.120370 0.800000 1.000000
vt  0.157407 0.800000 1.000000
vt  0.194444 0.800000 1.000000
vt  0.231482 0.800000 1.000000
vt  0.268519 0.800000 1.000000
vt  0.305556 0.800000 1.000000
vt  0.342593 0.800000 1.000000
vt  0.379630 0.800000 1.000000
vt  0.416667 0.800000 1.000000
vt  0.453704 0.800000 1.000000
vt  0.490741 0.800000 1.000000
vt  0.527778 0.800000 1.000000
vt  0.564815 0.800000 1.000000
vt  0.601852 0.800000 1.000000
vt  0.638889 0.800000 1.000000
vt  0.675926 0.800000 1.000000
vt  0.712963 0.800000 1.000000
vt  0.750000 1.000000 1.000000
vt  0.787037 1.000000 1.000000
vt  0.824074 1.000000 1.000000
vt  0.861111 1.000000 1.000000
vt  0.898148 1.000000 1.000000
vt  0.935185 1.000000 1.000000
vt  0.972222 1.000000 1.000000
vt  0.009259 1.000000 1.000000
vt  0.046296 1.000000 1.000000
vt  0.083333 1.000000 1.000000
vt  0.120370 1.000000 1.000000
vt  0.157407 1.000000 1.000000
vt  0.194444 1.000000 1.000000
vt  0.231482 1.000000 1.000000
vt  0.268519 1.000000 1.000000
vt  0.305556 1.000000 1.000000
vt  0.342593 1.000000 1.000000
vt  0.379630 1.000000 1.000000
vt  0.416667 1.000000 1.000000
vt  0.453704 1.000000 1.000000
vt  0.490741 1.000000 1.000000
vt  0.527778 1.000000 1.000000
vt  0.564815 1.000000 1.000000
vt  0.601852 1.000000 1.000000
vt  0.638889 1.000000 1.000000
vt  0.675926 1.000000 1.000000
vt  0.712963 1.000000 1.000000
vt  0.500000 1.000000 0.000000
vt  -0.027778 0.000000 1.000000
vt  -0.027778 0.000000 1.000000
vt  -0.027778 0.200000 1.000000
vt  -0.027778 0.000000 1.000000
vt  -0.027778 0.200000 1.000000
vt  -0.027778 0.400000 1.000000
vt  -0.027778 0.200000 1.000000
vt  -0.027778 0.400000 1.000000
vt  -0.027778 0.600000 1.000000
vt  -0.027778 0.400000 1.000000
vt  -0.027778 0.600000 1.000000
vt  -0.027778 0.800000 1.000000
vt  -0.027778 0.600000 1.000000
vt  -0.027778 0.800000 1.000000
vt  -0.027778 1.000000 1.000000
vt  -0.027778 0.800000 1.000000
vt  -0.027778 1.000000 1.000000
# 181 texture vertices

vn  1.299925 0.000000 0.000001
vn  2.599850 0.000000 0.000001
vn  2.599850 0.000000 0.000001
vn  2.599850 0.000000 0.000001
vn  2.599850 0.000000 0.000001
vn  2.599850 0.000000 0.000001
vn  2.599850 0.000000 0.000001
vn  2.599850 0.000000 0.000001
vn  2.599850 0.000000 0.000001
vn  2.599850 0.000000 0.000001
vn  2.599850 0.000000 0.000001
vn  2.599850 0.000000 0.000001
vn  2.599850 0.000000 0.000001
vn  2.599850 0.000000 0.000001
vn  2.599850 0.000000 0.000001
vn  2.599850 0.000000 0.000001
vn  2.599850 0.000000 0.000001
vn  2.599850 0.000000 0.000001
vn  2.599850 0.000000 0.000001
vn  2.599850 0.000000 0.000001
vn  2.599850 0.000000 0.000001
vn  2.599850 0.000000 0.000001
vn  2.599850 0.000000 0.000001
vn  2.599850 0.000000 0.000001
vn  2.599850 0.000000 0.000001
vn  2.599850 0.000000 0.000001
vn  2.599850 0.000000 0.000001
vn  2.599850 0.000000 0.000001
vn  -0.000001 -0.000001 1.299925
vn  -0.000001 0.316275 1.264885
vn  -0.000000 0.615500 1.161655
vn  -0.000000 0.881543 0.995800
vn  -0.000000 1.100062 0.776261
vn  -0.000000 1.259276 0.514874
vn  -0.000000 1.350602 0.225729
vn  -0.000000 1.369117 -0.075584
vn  0.000000 1.313823 -0.372823
vn  0.000000 1.187699 -0.649963
vn  0.000000 0.997547 -0.892063
vn  0.000000 0.753617 -1.086072
vn  0.000000 0.469059 -1.221530
vn  0.000001 0.159214 -1.291135
vn  0.000001 -0.159214 -1.291135
vn  0.000001 -0.469059 -1.221530
vn  0.000000 -0.753617 -1.086071
vn  0.000000 -0.997548 -0.892062
vn  0.000000 -1.187700 -0.649962
vn  0.000000 -1.313823 -0.372823
vn  0.000000 -1.369117 -0.075584
vn  -0.000000 -1.350602 0.225729
vn  -0.000000 -1.259276 0.514873
vn  -0.000000 -1.100062 0.776260
vn  -0.000000 -0.881544 0.995799
vn  -0.000000 -0.615501 1.161655
vn  -0.000000 -0.316277 1.264885
vn  -0.000001 -0.000001 1.299925
vn  -0.000001 0.316275 1.264885
vn  -0.000000 0.615500 1.161655
vn  -0.000000 0.881543 0.995800
vn  -0.000000 1.100062 0.776261
vn  -0.000000 1.259276 0.514874
vn  -0.000000 1.350602 0.225729
vn  -0.000000 1.369117 -0.075584
vn  0.000000 1.313823 -0.372823
vn  0.000000 1.187699 -0.649963
vn  0.000000 0.997547 -0.892063
vn  0.000000 0.753617 -1.086072
vn  0.000000 0.469059 -1.221530
vn  0.000001 0.159214 -1.291135
vn  0.000001 -0.159214 -1.291135
vn  0.000001 -0.469059 -1.221530
vn  0.000000 -0.753617 -1.086071
vn  0.000000 -0.997548 -0.892062
vn  0.000000 -1.187700 -0.649962
vn  0.000000 -1.313823 -0.372823
vn  0.000000 -1.369117 -0.075584
vn  -0.000000 -1.350602 0.225729
vn  -0.000000 -1.259276 0.514873
vn  -0.000000 -1.100062 0.776260
vn  -0.000000 -0.881544 0.995799
vn  -0.000000 -0.615501 1.161655
vn  -0.000000 -0.316277 1.264885
vn  -0.000001 -0.000001 1.299925
vn  -0.000001 0.316275 1.264885
vn  -0.000000 0.615500 1.161655
vn  -0.000000 0.881543 0.995800
vn  -0.000000 1.100062 0.776261
vn  -0.000000 1.259276 0.514874
vn  -0.000000 1.350602 0.225729
vn  -0.000000 1.369117 -0.075584
vn  0.000000 1.313823 -0.372823
vn  0.000000 1.187699 -0.649963
vn  0.000000 0.997547 -0.892063
vn  0.000000 0.753617 -1.086072
vn  0.000000 0.469059 -1.221530
vn  0.000001 0.159214 -1.291135
vn  0.000001 -0.159214 -1.291135
vn  0.000001 -0.469059 -1.221530
vn  0.000000 -0.753617 -1.086071
vn  0.000000 -0.997548 -0.892062
vn  0.000000 -1.187700 -0.649962
vn  0.000000 -1.313823 -0.372823
vn  0.000000 -1.369117 -0.075584
vn  -0.000000 -1.350602 0.225729
vn  -0.000000 -1.259276 0.514873
vn  -0.000000 -1.100062 0.776260
vn  -0.000000 -0.881544 0.995799
vn  -0.000000 -0.615501 1.161655
vn  -0.000000 -0.316277 1.264885
vn  -0.000001 -0.000001 1.299925
vn  -0.000001 0.316275 1.264885
vn  -0.000000 0.615500 1.161655
vn  -0.000000 0.881543 0.995800
vn  -0.000000 1.100062 0.776261
vn  -0.000000 1.259276 0.514874
vn  -0.000000 1.350602 0.225729
vn  -0.000000 1.369117 -0.075584
vn  0.000000 1.313823 -0.372823
vn  0.000000 1.187699 -0.649963
vn  0.000000 0.997547 -0.892063
vn  0.000000 0.753617 -1.086072
vn  0.000000 0.469059 -1.221530
vn  0.000001 0.159214 -1.291135
vn  0.000001 -0.159214 -1.291135
vn  0.000001 -0.469059 -1.221530
vn  0.000000 -0.753617 -1.086071
vn  0.000000 -0.997548 -0.892062
vn  0.000000 -1.187700 -0.649962
vn  0.000000 -1.313823 -0.372823
vn  0.000000 -1.369117 -0.075584
vn  -0.000000 -1.350602 0.225729
vn  -0.000000 -1.259276 0.514873
vn  -0.000000 -1.100062 0.776260
vn  -0.000000 -0.881544 0.995799
vn  -0.000000 -0.615501 1.161655
vn  -0.000000 -0.316277 1.264885
vn  -0.000002 -0.159217 3.873406
vn  -0.000002 0.787487 3.803800
vn  -0.000001 1.691736 3.529131
vn  -0.000001 2.504782 3.064205
vn  -0.000001 3.182794 2.434088
vn  -0.000001 3.689221 1.672748
vn  -0.000001 3.996762 0.821229
vn  -0.000000 4.088837 -0.074562
vn  0.000000 3.960480 -0.966333
vn  0.000001 3.618613 -1.806010
vn  0.000001 3.081666 -2.548323
vn  0.000001 2.378585 -3.153256
vn  0.000001 1.547275 -3.588196
vn  0.000002 0.632550 -3.829696
vn  0.000002 -0.316276 -3.864735
vn  0.000002 -1.248051 -3.691426
vn  0.000001 -2.112544 -3.319110
vn  0.000001 -2.863148 -2.767861
vn  0.000001 -3.459400 -2.067396
vn  0.000001 -3.869154 -1.255478
vn  0.000000 -4.070322 -0.375876
vn  -0.000000 -4.052057 0.523988
vn  -0.000000 -3.815346 1.395606
vn  -0.000001 -3.372948 2.191985
vn  -0.000001 -2.748715 2.870194
vn  -0.000001 -1.976297 3.393671
vn  -0.000001 -1.097337 3.734194
vn  -1.299925 -0.000000 -0.000001
# 164 vertex normals

g Cylinder04
usemtl drevo_skrin
s 1
f 335/468/335 337/470/337 336/469/336
f 335/468/335 338/471/338 337/470/337
f 335/468/335 339/472/339 338/471/338
f 335/468/335 340/473/340 339/472/339
f 335/468/335 341/474/341 340/473/340
f 335/468/335 342/475/342 341/474/341
f 335/468/335 343/476/343 342/632/342
f 335/468/335 344/477/344 343/476/343
f 335/468/335 345/478/345 344/477/344
f 335/468/335 346/479/346 345/478/345
f 335/468/335 347/480/347 346/479/346
f 335/468/335 348/481/348 347/480/347
f 335/468/335 349/482/349 348/481/348
f 335/468/335 350/483/350 349/482/349
f 335/468/335 351/484/351 350/483/350
f 335/468/335 352/485/352 351/484/351
f 335/468/335 353/486/353 352/485/352
f 335/468/335 354/487/354 353/486/353
f 335/468/335 355/488/355 354/487/354
f 335/468/335 356/489/356 355/488/355
f 335/468/335 357/490/357 356/489/356
f 335/468/335 358/491/358 357/490/357
f 335/468/335 359/492/359 358/491/358
f 335/468/335 360/493/360 359/492/359
f 335/468/335 361/494/361 360/493/360
f 335/468/335 362/495/362 361/494/361
f 335/468/335 336/469/336 362/495/362
s 8
f 336/469/336 364/497/364 363/496/363
f 336/469/336 337/470/337 364/497/364
f 337/470/337 365/498/365 364/497/364
f 337/470/337 338/471/338 365/498/365
f 338/471/338 366/499/366 365/498/365
f 338/471/338 339/472/339 366/499/366
f 339/472/339 367/500/367 366/499/366
f 339/472/339 340/473/340 367/500/367
f 340/473/340 368/501/368 367/500/367
f 340/473/340 341/474/341 368/501/368
f 341/474/341 369/502/369 368/501/368
f 341/474/341 342/475/342 369/502/369
f 342/633/342 370/503/370 369/634/369
f 342/635/342 343/476/343 370/503/370
f 343/476/343 371/504/371 370/503/370
f 343/476/343 344/477/344 371/504/371
f 344/477/344 372/505/372 371/504/371
f 344/477/344 345/478/345 372/505/372
f 345/478/345 373/506/373 372/505/372
f 345/478/345 346/479/346 373/506/373
f 346/479/346 374/507/374 373/506/373
f 346/479/346 347/480/347 374/507/374
f 347/480/347 375/508/375 374/507/374
f 347/480/347 348/481/348 375/508/375
f 348/481/348 376/509/376 375/508/375
f 348/481/348 349/482/349 376/509/376
f 349/482/349 377/510/377 376/509/376
f 349/482/349 350/483/350 377/510/377
f 350/483/350 378/511/378 377/510/377
f 350/483/350 351/484/351 378/511/378
f 351/484/351 379/512/379 378/511/378
f 351/484/351 352/485/352 379/512/379
f 352/485/352 380/513/380 379/512/379
f 352/485/352 353/486/353 380/513/380
f 353/486/353 381/514/381 380/513/380
f 353/486/353 354/487/354 381/514/381
f 354/487/354 382/515/382 381/514/381
f 354/487/354 355/488/355 382/515/382
f 355/488/355 383/516/383 382/515/382
f 355/488/355 356/489/356 383/516/383
f 356/489/356 384/517/384 383/516/383
f 356/489/356 357/490/357 384/517/384
f 357/490/357 385/518/385 384/517/384
f 357/490/357 358/491/358 385/518/385
f 358/491/358 386/519/386 385/518/385
f 358/491/358 359/492/359 386/519/386
f 359/492/359 387/520/387 386/519/386
f 359/492/359 360/493/360 387/520/387
f 360/493/360 388/521/388 387/520/387
f 360/493/360 361/494/361 388/521/388
f 361/494/361 389/522/389 388/521/388
f 361/494/361 362/495/362 389/522/389
f 362/495/362 363/496/363 389/522/389
f 362/495/362 336/469/336 363/496/363
f 363/496/363 391/524/391 390/523/390
f 363/496/363 364/497/364 391/524/391
f 364/497/364 392/525/392 391/524/391
f 364/497/364 365/498/365 392/525/392
f 365/498/365 393/526/393 392/525/392
f 365/498/365 366/499/366 393/526/393
f 366/499/366 394/527/394 393/526/393
f 366/499/366 367/500/367 394/527/394
f 367/500/367 395/528/395 394/527/394
f 367/500/367 368/501/368 395/528/395
f 368/501/368 396/529/396 395/528/395
f 368/501/368 369/502/369 396/529/396
f 369/636/369 397/530/397 396/637/396
f 369/638/369 370/503/370 397/530/397
f 370/503/370 398/531/398 397/530/397
f 370/503/370 371/504/371 398/531/398
f 371/504/371 399/532/399 398/531/398
f 371/504/371 372/505/372 399/532/399
f 372/505/372 400/533/400 399/532/399
f 372/505/372 373/506/373 400/533/400
f 373/506/373 401/534/401 400/533/400
f 373/506/373 374/507/374 401/534/401
f 374/507/374 402/535/402 401/534/401
f 374/507/374 375/508/375 402/535/402
f 375/508/375 403/536/403 402/535/402
f 375/508/375 376/509/376 403/536/403
f 376/509/376 404/537/404 403/536/403
f 376/509/376 377/510/377 404/537/404
f 377/510/377 405/538/405 404/537/404
f 377/510/377 378/511/378 405/538/405
f 378/511/378 406/539/406 405/538/405
f 378/511/378 379/512/379 406/539/406
f 379/512/379 407/540/407 406/539/406
f 379/512/379 380/513/380 407/540/407
f 380/513/380 408/541/408 407/540/407
f 380/513/380 381/514/381 408/541/408
f 381/514/381 409/542/409 408/541/408
f 381/514/381 382/515/382 409/542/409
f 382/515/382 410/543/410 409/542/409
f 382/515/382 383/516/383 410/543/410
f 383/516/383 411/544/411 410/543/410
f 383/516/383 384/517/384 411/544/411
f 384/517/384 412/545/412 411/544/411
f 384/517/384 385/518/385 412/545/412
f 385/518/385 413/546/413 412/545/412
f 385/518/385 386/519/386 413/546/413
f 386/519/386 414/547/414 413/546/413
f 386/519/386 387/520/387 414/547/414
f 387/520/387 415/548/415 414/547/414
f 387/520/387 388/521/388 415/548/415
f 388/521/388 416/549/416 415/548/415
f 388/521/388 389/522/389 416/549/416
f 389/522/389 390/523/390 416/549/416
f 389/522/389 363/496/363 390/523/390
f 390/523/390 418/551/418 417/550/417
f 390/523/390 391/524/391 418/551/418
f 391/524/391 419/552/419 418/551/418
f 391/524/391 392/525/392 419/552/419
f 392/525/392 420/553/420 419/552/419
f 392/525/392 393/526/393 420/553/420
f 393/526/393 421/554/421 420/553/420
f 393/526/393 394/527/394 421/554/421
f 394/527/394 422/555/422 421/554/421
f 394/527/394 395/528/395 422/555/422
f 395/528/395 423/556/423 422/555/422
f 395/528/395 396/529/396 423/556/423
f 396/639/396 424/557/424 423/640/423
f 396/641/396 397/530/397 424/557/424
f 397/530/397 425/558/425 424/557/424
f 397/530/397 398/531/398 425/558/425
f 398/531/398 426/559/426 425/558/425
f 398/531/398 399/532/399 426/559/426
f 399/532/399 427/560/427 426/559/426
f 399/532/399 400/533/400 427/560/427
f 400/533/400 428/561/428 427/560/427
f 400/533/400 401/534/401 428/561/428
f 401/534/401 429/562/429 428/561/428
f 401/534/401 402/535/402 429/562/429
f 402/535/402 430/563/430 429/562/429
f 402/535/402 403/536/403 430/563/430
f 403/536/403 431/564/431 430/563/430
f 403/536/403 404/537/404 431/564/431
f 404/537/404 432/565/432 431/564/431
f 404/537/404 405/538/405 432/565/432
f 405/538/405 433/566/433 432/565/432
f 405/538/405 406/539/406 433/566/433
f 406/539/406 434/567/434 433/566/433
f 406/539/406 407/540/407 434/567/434
f 407/540/407 435/568/435 434/567/434
f 407/540/407 408/541/408 435/568/435
f 408/541/408 436/569/436 435/568/435
f 408/541/408 409/542/409 436/569/436
f 409/542/409 437/570/437 436/569/436
f 409/542/409 410/543/410 437/570/437
f 410/543/410 438/571/438 437/570/437
f 410/543/410 411/544/411 438/571/438
f 411/544/411 439/572/439 438/571/438
f 411/544/411 412/545/412 439/572/439
f 412/545/412 440/573/440 439/572/439
f 412/545/412 413/546/413 440/573/440
f 413/546/413 441/574/441 440/573/440
f 413/546/413 414/547/414 441/574/441
f 414/547/414 442/575/442 441/574/441
f 414/547/414 415/548/415 442/575/442
f 415/548/415 443/576/443 442/575/442
f 415/548/415 416/549/416 443/576/443
f 416/549/416 417/550/417 443/576/443
f 416/549/416 390/523/390 417/550/417
f 417/550/417 445/578/445 444/577/444
f 417/550/417 418/551/418 445/578/445
f 418/551/418 446/579/446 445/578/445
f 418/551/418 419/552/419 446/579/446
f 419/552/419 447/580/447 446/579/446
f 419/552/419 420/553/420 447/580/447
f 420/553/420 448/581/448 447/580/447
f 420/553/420 421/554/421 448/581/448
f 421/554/421 449/582/449 448/581/448
f 421/554/421 422/555/422 449/582/449
f 422/555/422 450/583/450 449/582/449
f 422/555/422 423/556/423 450/583/450
f 423/642/423 451/584/451 450/643/450
f 423/644/423 424/557/424 451/584/451
f 424/557/424 452/585/452 451/584/451
f 424/557/424 425/558/425 452/585/452
f 425/558/425 453/586/453 452/585/452
f 425/558/425 426/559/426 453/586/453
f 426/559/426 454/587/454 453/586/453
f 426/559/426 427/560/427 454/587/454
f 427/560/427 455/588/455 454/587/454
f 427/560/427 428/561/428 455/588/455
f 428/561/428 456/589/456 455/588/455
f 428/561/428 429/562/429 456/589/456
f 429/562/429 457/590/457 456/589/456
f 429/562/429 430/563/430 457/590/457
f 430/563/430 458/591/458 457/590/457
f 430/563/430 431/564/431 458/591/458
f 431/564/431 459/592/459 458/591/458
f 431/564/431 432/565/432 459/592/459
f 432/565/432 460/593/460 459/592/459
f 432/565/432 433/566/433 460/593/460
f 433/566/433 461/594/461 460/593/460
f 433/566/433 434/567/434 461/594/461
f 434/567/434 462/595/462 461/594/461
f 434/567/434 435/568/435 462/595/462
f 435/568/435 463/596/463 462/595/462
f 435/568/435 436/569/436 463/596/463
f 436/569/436 464/597/464 463/596/463
f 436/569/436 437/570/437 464/597/464
f 437/570/437 465/598/465 464/597/464
f 437/570/437 438/571/438 465/598/465
f 438/571/438 466/599/466 465/598/465
f 438/571/438 439/572/439 466/599/466
f 439/572/439 467/600/467 466/599/466
f 439/572/439 440/573/440 467/600/467
f 440/573/440 468/601/468 467/600/467
f 440/573/440 441/574/441 468/601/468
f 441/574/441 469/602/469 468/601/468
f 441/574/441 442/575/442 469/602/469
f 442/575/442 470/603/470 469/602/469
f 442/575/442 443/576/443 470/603/470
f 443/576/443 444/577/444 470/603/470
f 443/576/443 417/550/417 444/577/444
f 444/577/444 472/605/472 471/604/471
f 444/577/444 445/578/445 472/605/472
f 445/578/445 473/606/473 472/605/472
f 445/578/445 446/579/446 473/606/473
f 446/579/446 474/607/474 473/606/473
f 446/579/446 447/580/447 474/607/474
f 447/580/447 475/608/475 474/607/474
f 447/580/447 448/581/448 475/608/475
f 448/581/448 476/609/476 475/608/475
f 448/581/448 449/582/449 476/609/476
f 449/582/449 477/610/477 476/609/476
f 449/582/449 450/583/450 477/610/477
f 450/645/450 478/611/478 477/646/477
f 450/647/450 451/584/451 478/611/478
f 451/584/451 479/612/479 478/611/478
f 451/584/451 452/585/452 479/612/479
f 452/585/452 480/613/480 479/612/479
f 452/585/452 453/586/453 480/613/480
f 453/586/453 481/614/481 480/613/480
f 453/586/453 454/587/454 481/614/481
f 454/587/454 482/615/482 481/614/481
f 454/587/454 455/588/455 482/615/482
f 455/588/455 483/616/483 482/615/482
f 455/588/455 456/589/456 483/616/483
f 456/589/456 484/617/484 483/616/483
f 456/589/456 457/590/457 484/617/484
f 457/590/457 485/618/485 484/617/484
f 457/590/457 458/591/458 485/618/485
f 458/591/458 486/619/486 485/618/485
f 458/591/458 459/592/459 486/619/486
f 459/592/459 487/620/487 486/619/486
f 459/592/459 460/593/460 487/620/487
f 460/593/460 488/621/488 487/620/487
f 460/593/460 461/594/461 488/621/488
f 461/594/461 489/622/489 488/621/488
f 461/594/461 462/595/462 489/622/489
f 462/595/462 490/623/490 489/622/489
f 462/595/462 463/596/463 490/623/490
f 463/596/463 491/624/491 490/623/490
f 463/596/463 464/597/464 491/624/491
f 464/597/464 492/625/492 491/624/491
f 464/597/464 465/598/465 492/625/492
f 465/598/465 493/626/493 492/625/492
f 465/598/465 466/599/466 493/626/493
f 466/599/466 494/627/494 493/626/493
f 466/599/466 467/600/467 494/627/494
f 467/600/467 495/628/495 494/627/494
f 467/600/467 468/601/468 495/628/495
f 468/601/468 496/629/496 495/628/495
f 468/601/468 469/602/469 496/629/496
f 469/602/469 497/630/497 496/629/496
f 469/602/469 470/603/470 497/630/497
f 470/603/470 471/604/471 497/630/497
f 470/603/470 444/577/444 471/604/471
s 1
f 498/631/498 471/604/471 472/605/472
f 498/631/498 472/605/472 473/606/473
f 498/631/498 473/606/473 474/607/474
f 498/631/498 474/607/474 475/608/475
f 498/631/498 475/608/475 476/609/476
f 498/631/498 476/609/476 477/610/477
f 498/631/498 477/648/477 478/611/478
f 498/631/498 478/611/478 479/612/479
f 498/631/498 479/612/479 480/613/480
f 498/631/498 480/613/480 481/614/481
f 498/631/498 481/614/481 482/615/482
f 498/631/498 482/615/482 483/616/483
f 498/631/498 483/616/483 484/617/484
f 498/631/498 484/617/484 485/618/485
f 498/631/498 485/618/485 486/619/486
f 498/631/498 486/619/486 487/620/487
f 498/631/498 487/620/487 488/621/488
f 498/631/498 488/621/488 489/622/489
f 498/631/498 489/622/489 490/623/490
f 498/631/498 490/623/490 491/624/491
f 498/631/498 491/624/491 492/625/492
f 498/631/498 492/625/492 493/626/493
f 498/631/498 493/626/493 494/627/494
f 498/631/498 494/627/494 495/628/495
f 498/631/498 495/628/495 496/629/496
f 498/631/498 496/629/496 497/630/497
f 498/631/498 497/630/497 471/604/471
# 324 faces

g
# object Arc04 to come ...
#
v  -158.045227 35.629028 -59.033638
v  -158.080276 35.629028 -59.118305
v  -158.124680 35.629028 -59.197575
v  -158.177765 35.629028 -59.270752
v  -158.238907 35.629028 -59.337154
v  -158.307480 35.629028 -59.396084
v  -158.382828 35.629028 -59.446846
v  -158.464310 35.629028 -59.488758
v  -158.550186 35.629028 -59.520756
v  -158.638458 35.629028 -59.542248
v  -158.728195 35.629028 -59.553226
v  -158.818466 35.629028 -59.553692
v  -158.908310 35.629028 -59.543633
v  -158.996796 35.629028 -59.523048
v  -159.082993 35.629028 -59.491928
v  -159.164917 35.629028 -59.450859
v  -159.240784 35.629028 -59.400867
v  -159.309937 35.629028 -59.342648
v  -159.371765 35.629028 -59.276878
v  -159.425598 35.629028 -59.204243
v  -159.470810 35.629028 -59.125435
v  -159.506729 35.629028 -59.041134
v  -158.045227 35.448463 -59.038197
v  -158.080276 35.470375 -59.119976
v  -158.124680 35.490891 -59.196545
v  -158.177765 35.509830 -59.267231
v  -158.238907 35.527016 -59.331371
v  -158.307480 35.542267 -59.388290
v  -158.382828 35.555408 -59.437325
v  -158.464310 35.566254 -59.477806
v  -158.550186 35.574535 -59.508717
v  -158.638458 35.580101 -59.529476
v  -158.728195 35.582939 -59.540081
v  -158.818466 35.583061 -59.540527
v  -158.908310 35.580456 -59.530811
v  -158.996796 35.575130 -59.510929
v  -159.082993 35.567078 -59.480873
v  -159.164917 35.556446 -59.441200
v  -159.240784 35.543507 -59.392914
v  -159.309937 35.528439 -59.336674
v  -159.371765 35.511417 -59.273148
v  -159.425598 35.492619 -59.202988
v  -159.470810 35.472221 -59.126865
v  -159.506729 35.450401 -59.045437
v  -158.045227 35.275227 -59.089336
v  -158.080276 35.317558 -59.162655
v  -158.124680 35.357193 -59.231304
v  -158.177765 35.393784 -59.294682
v  -158.238907 35.426983 -59.352184
v  -158.307480 35.456448 -59.403221
v  -158.382828 35.481831 -59.447182
v  -158.464310 35.502785 -59.483479
v  -158.550186 35.518787 -59.511189
v  -158.638458 35.529533 -59.529804
v  -158.728195 35.535023 -59.539310
v  -158.818466 35.535252 -59.539711
v  -158.908310 35.530224 -59.531002
v  -158.996796 35.519932 -59.513172
v  -159.082993 35.504372 -59.486225
v  -159.164917 35.483837 -59.450657
v  -159.240784 35.458843 -59.407364
v  -159.309937 35.429729 -59.356941
v  -159.371765 35.396847 -59.299984
v  -159.425598 35.360531 -59.237083
v  -159.470810 35.321125 -59.168831
v  -159.506729 35.278976 -59.095825
v  -158.045227 35.121132 -59.183567
v  -158.080276 35.181000 -59.243431
v  -158.124680 35.237049 -59.299484
v  -158.177765 35.288795 -59.351231
v  -158.238907 35.335747 -59.398182
v  -158.307480 35.377419 -59.439850
v  -158.382828 35.413315 -59.475746
v  -158.464310 35.442947 -59.505383
v  -158.550186 35.465576 -59.528008
v  -158.638458 35.480770 -59.543205
v  -158.728195 35.488537 -59.550968
v  -158.818466 35.488861 -59.551296
v  -158.908310 35.481750 -59.544186
v  -158.996796 35.467194 -59.529629
v  -159.082993 35.445190 -59.507626
v  -159.164917 35.416149 -59.478584
v  -159.240784 35.380802 -59.443237
v  -159.309937 35.339630 -59.402065
v  -159.371765 35.293125 -59.355560
v  -159.425598 35.241768 -59.304203
v  -159.470810 35.186039 -59.248474
v  -159.506729 35.126431 -59.188866
v  -158.045227 34.996674 -59.314468
v  -158.080276 35.069996 -59.356800
v  -158.124680 35.138645 -59.396435
v  -158.177765 35.202023 -59.433025
v  -158.238907 35.259525 -59.466225
v  -158.307480 35.310558 -59.495689
v  -158.382828 35.354523 -59.521072
v  -158.464310 35.390816 -59.542027
v  -158.550186 35.418530 -59.558025
v  -158.638458 35.437141 -59.568771
v  -158.728195 35.446651 -59.574265
v  -158.818466 35.447052 -59.574493
v  -158.908310 35.438339 -59.569466
v  -158.996796 35.420513 -59.559174
v  -159.082993 35.393566 -59.543613
v  -159.164917 35.357998 -59.523079
v  -159.240784 35.314705 -59.498085
v  -159.309937 35.264282 -59.468971
v  -159.371765 35.207325 -59.436089
v  -159.425598 35.144421 -59.399773
v  -159.470810 35.076172 -59.360367
v  -159.506729 35.003166 -59.318214
v  -158.045227 34.910339 -59.473122
v  -158.080276 34.992119 -59.495037
v  -158.124680 35.068687 -59.515553
v  -158.177765 35.139374 -59.534492
v  -158.238907 35.203510 -59.551678
v  -158.307480 35.260429 -59.566929
v  -158.382828 35.309467 -59.580070
v  -158.464310 35.349949 -59.590916
v  -158.550186 35.380856 -59.599197
v  -158.638458 35.401615 -59.604759
v  -158.728195 35.412224 -59.607601
v  -158.818466 35.412670 -59.607723
v  -158.908310 35.402954 -59.605118
v  -158.996796 35.383068 -59.599792
v  -159.082993 35.353012 -59.591736
v  -159.164917 35.313339 -59.581108
v  -159.240784 35.265053 -59.568169
v  -159.309937 35.208817 -59.553101
v  -159.371765 35.145287 -59.536076
v  -159.425598 35.075130 -59.517281
v  -159.470810 34.999004 -59.496883
v  -159.506729 34.917580 -59.475063
v  -158.045227 34.868008 -59.648716
v  -158.080276 34.952671 -59.648716
v  -158.124680 35.031940 -59.648716
v  -158.177765 35.105122 -59.648716
v  -158.238907 35.171520 -59.648716
v  -158.307480 35.230450 -59.648716
v  -158.382828 35.281216 -59.648716
v  -158.464310 35.323124 -59.648716
v  -158.550186 35.355125 -59.648716
v  -158.638458 35.376617 -59.648716
v  -158.728195 35.387596 -59.648716
v  -158.818466 35.388058 -59.648716
v  -158.908310 35.377998 -59.648716
v  -158.996796 35.357414 -59.648716
v  -159.082993 35.326298 -59.648716
v  -159.164917 35.285225 -59.648716
v  -159.240784 35.235237 -59.648716
v  -159.309937 35.177013 -59.648716
v  -159.371765 35.111244 -59.648716
v  -159.425598 35.038612 -59.648716
v  -159.470810 34.959805 -59.648716
v  -159.506729 34.875504 -59.648716
v  -158.045227 34.872566 -59.829285
v  -158.080276 34.954346 -59.807369
v  -158.124680 35.030914 -59.786854
v  -158.177765 35.101601 -59.767914
v  -158.238907 35.165737 -59.750729
v  -158.307480 35.222656 -59.735477
v  -158.382828 35.271694 -59.722336
v  -158.464310 35.312176 -59.711491
v  -158.550186 35.343082 -59.703209
v  -158.638458 35.363842 -59.697647
v  -158.728195 35.374451 -59.694805
v  -158.818466 35.374897 -59.694683
v  -158.908310 35.365181 -59.697289
v  -158.996796 35.345295 -59.702614
v  -159.082993 35.315239 -59.710670
v  -159.164917 35.275566 -59.721298
v  -159.240784 35.227280 -59.734238
v  -159.309937 35.171043 -59.749306
v  -159.371765 35.107513 -59.766331
v  -159.425598 35.037357 -59.785130
v  -159.470810 34.961231 -59.805527
v  -159.506729 34.879807 -59.827343
v  -158.045227 34.923702 -60.002518
v  -158.080276 34.997025 -59.960186
v  -158.124680 35.065674 -59.920551
v  -158.177765 35.129047 -59.883961
v  -158.238907 35.186554 -59.850761
v  -158.307480 35.237587 -59.821297
v  -158.382828 35.281551 -59.795914
v  -158.464310 35.317844 -59.774960
v  -158.550186 35.345558 -59.758961
v  -158.638458 35.364170 -59.748215
v  -158.728195 35.373680 -59.742725
v  -158.818466 35.374081 -59.742493
v  -158.908310 35.365368 -59.747520
v  -158.996796 35.347542 -59.757813
v  -159.082993 35.320591 -59.773373
v  -159.164917 35.285023 -59.793907
v  -159.240784 35.241730 -59.818905
v  -159.309937 35.191311 -59.848015
v  -159.371765 35.134350 -59.880901
v  -159.425598 35.071449 -59.917217
v  -159.470810 35.003201 -59.956619
v  -159.506729 34.930191 -59.998772
v  -158.045227 35.017933 -60.156612
v  -158.080276 35.077801 -60.096748
v  -158.124680 35.133850 -60.040695
v  -158.177765 35.185596 -59.988949
v  -158.238907 35.232552 -59.941998
v  -158.307480 35.274220 -59.900330
v  -158.382828 35.310116 -59.864433
v  -158.464310 35.339748 -59.834797
v  -158.550186 35.362377 -59.812172
v  -158.638458 35.377575 -59.796974
v  -158.728195 35.385338 -59.789211
v  -158.818466 35.385666 -59.788883
v  -158.908310 35.378551 -59.795994
v  -158.996796 35.363995 -59.810551
v  -159.082993 35.341991 -59.832554
v  -159.164917 35.312950 -59.861595
v  -159.240784 35.277603 -59.896942
v  -159.309937 35.236435 -59.938114
v  -159.371765 35.189926 -59.984619
v  -159.425598 35.138569 -60.035980
v  -159.470810 35.082844 -60.091705
v  -159.506729 35.023232 -60.151314
v  -158.045227 35.148834 -60.281071
v  -158.080276 35.191170 -60.207748
v  -158.124680 35.230801 -60.139099
v  -158.177765 35.267391 -60.075726
v  -158.238907 35.300594 -60.018219
v  -158.307480 35.330059 -59.967186
v  -158.382828 35.355438 -59.923222
v  -158.464310 35.376396 -59.886929
v  -158.550186 35.392395 -59.859215
v  -158.638458 35.403141 -59.840603
v  -158.728195 35.408630 -59.831093
v  -158.818466 35.408863 -59.830692
v  -158.908310 35.403831 -59.839405
v  -158.996796 35.393539 -59.857231
v  -159.082993 35.377979 -59.884182
v  -159.164917 35.357445 -59.919750
v  -159.240784 35.332451 -59.963043
v  -159.309937 35.303341 -60.013462
v  -159.371765 35.270454 -60.070423
v  -159.425598 35.234138 -60.133324
v  -159.470810 35.194733 -60.201572
v  -159.506729 35.152584 -60.274582
v  -158.045227 35.307491 -60.367405
v  -158.080276 35.329403 -60.285625
v  -158.124680 35.349918 -60.209061
v  -158.177765 35.368858 -60.138374
v  -158.238907 35.386047 -60.074234
v  -158.307480 35.401299 -60.017315
v  -158.382828 35.414436 -59.968277
v  -158.464310 35.425282 -59.927795
v  -158.550186 35.433567 -59.896889
v  -158.638458 35.439129 -59.876129
v  -158.728195 35.441971 -59.865524
v  -158.818466 35.442089 -59.865074
v  -158.908310 35.439487 -59.874794
v  -158.996796 35.434158 -59.894676
v  -159.082993 35.426105 -59.924732
v  -159.164917 35.415474 -59.964405
v  -159.240784 35.402534 -60.012691
v  -159.309937 35.387466 -60.068928
v  -159.371765 35.370445 -60.132458
v  -159.425598 35.351646 -60.202614
v  -159.470810 35.331249 -60.278740
v  -159.506729 35.309429 -60.360168
v  -158.045227 35.483086 -60.409737
v  -158.080276 35.483086 -60.325073
v  -158.124680 35.483086 -60.245804
v  -158.177765 35.483086 -60.172623
v  -158.238907 35.483086 -60.106224
v  -158.307480 35.483086 -60.047295
v  -158.382828 35.483086 -59.996529
v  -158.464310 35.483086 -59.954620
v  -158.550186 35.483086 -59.922623
v  -158.638458 35.483086 -59.901131
v  -158.728195 35.483086 -59.890148
v  -158.818466 35.483086 -59.889687
v  -158.908310 35.483086 -59.899746
v  -158.996796 35.483086 -59.920330
v  -159.082993 35.483086 -59.951447
v  -159.164917 35.483086 -59.992519
v  -159.240784 35.483086 -60.042511
v  -159.309937 35.483086 -60.100731
v  -159.371765 35.483086 -60.166500
v  -159.425598 35.483086 -60.239132
v  -159.470810 35.483086 -60.317944
v  -159.506729 35.483086 -60.402245
v  -158.045227 35.663651 -60.405178
v  -158.080276 35.641739 -60.323399
v  -158.124680 35.621223 -60.246834
v  -158.177765 35.602280 -60.176147
v  -158.238907 35.585094 -60.112007
v  -158.307480 35.569843 -60.055088
v  -158.382828 35.556705 -60.006050
v  -158.464310 35.545856 -59.965569
v  -158.550186 35.537575 -59.934662
v  -158.638458 35.532013 -59.913902
v  -158.728195 35.529171 -59.903297
v  -158.818466 35.529053 -59.902847
v  -158.908310 35.531654 -59.912567
v  -158.996796 35.536983 -59.932449
v  -159.082993 35.545036 -59.962505
v  -159.164917 35.555668 -60.002178
v  -159.240784 35.568604 -60.050465
v  -159.309937 35.583675 -60.106705
v  -159.371765 35.600697 -60.170231
v  -159.425598 35.619495 -60.240387
v  -159.470810 35.639893 -60.316513
v  -159.506729 35.661713 -60.397942
v  -158.045227 35.836884 -60.354042
v  -158.080276 35.794552 -60.280720
v  -158.124680 35.754917 -60.212074
v  -158.177765 35.718327 -60.148697
v  -158.238907 35.685127 -60.091190
v  -158.307480 35.655663 -60.040157
v  -158.382828 35.630280 -59.996193
v  -158.464310 35.609325 -59.959900
v  -158.550186 35.593327 -59.932186
v  -158.638458 35.582581 -59.913574
v  -158.728195 35.577091 -59.904068
v  -158.818466 35.576859 -59.903664
v  -158.908310 35.581890 -59.912376
v  -158.996796 35.592182 -59.930202
v  -159.082993 35.607738 -59.957153
v  -159.164917 35.628277 -59.992722
v  -159.240784 35.653271 -60.036015
v  -159.309937 35.682381 -60.086437
v  -159.371765 35.715267 -60.143394
v  -159.425598 35.751583 -60.206295
v  -159.470810 35.790989 -60.274548
v  -159.506729 35.833138 -60.347553
v  -158.045227 35.990982 -60.259811
v  -158.080276 35.931114 -60.199944
v  -158.124680 35.875065 -60.143894
v  -158.177765 35.823318 -60.092148
v  -158.238907 35.776363 -60.045197
v  -158.307480 35.734695 -60.003525
v  -158.382828 35.698799 -59.967628
v  -158.464310 35.669167 -59.937996
v  -158.550186 35.646538 -59.915367
v  -158.638458 35.631340 -59.900173
v  -158.728195 35.623577 -59.892406
v  -158.818466 35.623249 -59.892082
v  -158.908310 35.630363 -59.899193
v  -158.996796 35.644917 -59.913750
v  -159.082993 35.666920 -59.935753
v  -159.164917 35.695965 -59.964794
v  -159.240784 35.731312 -60.000141
v  -159.309937 35.772480 -60.041313
v  -159.371765 35.818989 -60.087818
v  -159.425598 35.870346 -60.139175
v  -159.470810 35.926071 -60.194904
v  -159.506729 35.985680 -60.254513
v  -158.045227 36.115437 -60.128910
v  -158.080276 36.042118 -60.086578
v  -158.124680 35.973469 -60.046944
v  -158.177765 35.910091 -60.010353
v  -158.238907 35.852589 -59.977154
v  -158.307480 35.801552 -59.947689
v  -158.382828 35.757591 -59.922306
v  -158.464310 35.721294 -59.901352
v  -158.550186 35.693584 -59.885349
v  -158.638458 35.674969 -59.874603
v  -158.728195 35.665462 -59.869114
v  -158.818466 35.665062 -59.868885
v  -158.908310 35.673771 -59.873913
v  -158.996796 35.691601 -59.884205
v  -159.082993 35.718548 -59.899765
v  -159.164917 35.754116 -59.920300
v  -159.240784 35.797409 -59.945293
v  -159.309937 35.847832 -59.974407
v  -159.371765 35.904789 -60.007290
v  -159.425598 35.967690 -60.043606
v  -159.470810 36.035942 -60.083012
v  -159.506729 36.108948 -60.125160
v  -158.045227 36.201775 -59.970253
v  -158.080276 36.119995 -59.948341
v  -158.124680 36.043427 -59.927826
v  -158.177765 35.972740 -59.908886
v  -158.238907 35.908604 -59.891701
v  -158.307480 35.851681 -59.876450
v  -158.382828 35.802647 -59.863308
v  -158.464310 35.762165 -59.852463
v  -158.550186 35.731255 -59.844181
v  -158.638458 35.710495 -59.838615
v  -158.728195 35.699890 -59.835777
v  -158.818466 35.699444 -59.835655
v  -158.908310 35.709160 -59.838261
v  -158.996796 35.729042 -59.843586
v  -159.082993 35.759098 -59.851643
v  -159.164917 35.798771 -59.862270
v  -159.240784 35.847057 -59.875210
v  -159.309937 35.903297 -59.890278
v  -159.371765 35.966824 -59.907299
v  -159.425598 36.036983 -59.926098
v  -159.470810 36.113106 -59.946495
v  -159.506729 36.194534 -59.968315
v  -158.045227 36.244106 -59.794662
v  -158.080276 36.159439 -59.794662
v  -158.124680 36.080173 -59.794662
v  -158.177765 36.006992 -59.794662
v  -158.238907 35.940590 -59.794662
v  -158.307480 35.881664 -59.794662
v  -158.382828 35.830898 -59.794662
v  -158.464310 35.788986 -59.794662
v  -158.550186 35.756989 -59.794662
v  -158.638458 35.735497 -59.794662
v  -158.728195 35.724518 -59.794662
v  -158.818466 35.724052 -59.794662
v  -158.908310 35.734112 -59.794662
v  -158.996796 35.754700 -59.794662
v  -159.082993 35.785816 -59.794662
v  -159.164917 35.826885 -59.794662
v  -159.240784 35.876877 -59.794662
v  -159.309937 35.935101 -59.794662
v  -159.371765 36.000870 -59.794662
v  -159.425598 36.073502 -59.794662
v  -159.470810 36.152309 -59.794662
v  -159.506729 36.236610 -59.794662
v  -158.045227 36.239548 -59.614094
v  -158.080276 36.157768 -59.636005
v  -158.124680 36.081200 -59.656525
v  -158.177765 36.010513 -59.675465
v  -158.238907 35.946377 -59.692650
v  -158.307480 35.889454 -59.707901
v  -158.382828 35.840420 -59.721039
v  -158.464310 35.799938 -59.731888
v  -158.550186 35.769028 -59.740170
v  -158.638458 35.748268 -59.745731
v  -158.728195 35.737663 -59.748573
v  -158.818466 35.737217 -59.748695
v  -158.908310 35.746933 -59.746090
v  -158.996796 35.766815 -59.740761
v  -159.082993 35.796871 -59.732708
v  -159.164917 35.836544 -59.722080
v  -159.240784 35.884830 -59.709141
v  -159.309937 35.941071 -59.694073
v  -159.371765 36.004597 -59.677048
v  -159.425598 36.074757 -59.658249
v  -159.470810 36.150879 -59.637852
v  -159.506729 36.232307 -59.616035
v  -158.045227 36.188412 -59.440861
v  -158.080276 36.115089 -59.483192
v  -158.124680 36.046440 -59.522827
v  -158.177765 35.983063 -59.559418
v  -158.238907 35.925560 -59.592617
v  -158.307480 35.874527 -59.622082
v  -158.382828 35.830563 -59.647465
v  -158.464310 35.794266 -59.668419
v  -158.550186 35.766556 -59.684418
v  -158.638458 35.747944 -59.695164
v  -158.728195 35.738434 -59.700653
v  -158.818466 35.738033 -59.700886
v  -158.908310 35.746742 -59.695858
v  -158.996796 35.764572 -59.685562
v  -159.082993 35.791519 -59.670006
v  -159.164917 35.827087 -59.649471
v  -159.240784 35.870380 -59.624474
v  -159.309937 35.920803 -59.595364
v  -159.371765 35.977760 -59.562477
v  -159.425598 36.040661 -59.526161
v  -159.470810 36.108913 -59.486759
v  -159.506729 36.181919 -59.444607
v  -158.045227 36.094181 -59.286762
v  -158.080276 36.034313 -59.346630
v  -158.124680 35.978260 -59.402683
v  -158.177765 35.926514 -59.454430
v  -158.238907 35.879562 -59.501381
v  -158.307480 35.837894 -59.543049
v  -158.382828 35.801998 -59.578945
v  -158.464310 35.772362 -59.608582
v  -158.550186 35.749737 -59.631207
v  -158.638458 35.734539 -59.646404
v  -158.728195 35.726776 -59.654167
v  -158.818466 35.726448 -59.654495
v  -158.908310 35.733559 -59.647385
v  -158.996796 35.748116 -59.632828
v  -159.082993 35.770119 -59.610825
v  -159.164917 35.799160 -59.581783
v  -159.240784 35.834511 -59.546432
v  -159.309937 35.875679 -59.505264
v  -159.371765 35.922184 -59.458759
v  -159.425598 35.973545 -59.407398
v  -159.470810 36.029270 -59.351673
v  -159.506729 36.088879 -59.292065
v  -158.045227 35.963276 -59.162308
v  -158.080276 35.920944 -59.235630
v  -158.124680 35.881310 -59.304276
v  -158.177765 35.844719 -59.367653
v  -158.238907 35.811520 -59.425159
v  -158.307480 35.782055 -59.476192
v  -158.382828 35.756672 -59.520157
v  -158.464310 35.735718 -59.556450
v  -158.550186 35.719719 -59.584164
v  -158.638458 35.708973 -59.602776
v  -158.728195 35.703484 -59.612282
v  -158.818466 35.703251 -59.612686
v  -158.908310 35.708279 -59.603973
v  -158.996796 35.718575 -59.586147
v  -159.082993 35.734131 -59.559196
v  -159.164917 35.754665 -59.523628
v  -159.240784 35.779663 -59.480335
v  -159.309937 35.808773 -59.429916
v  -159.371765 35.841660 -59.372955
v  -159.425598 35.877975 -59.310055
v  -159.470810 35.917377 -59.241806
v  -159.506729 35.959530 -59.168797
v  -158.045227 35.804623 -59.075970
v  -158.080276 35.782707 -59.157749
v  -158.124680 35.762192 -59.234318
v  -158.177765 35.743252 -59.305004
v  -158.238907 35.726067 -59.369144
v  -158.307480 35.710815 -59.426064
v  -158.382828 35.697678 -59.475098
v  -158.464310 35.686829 -59.515579
v  -158.550186 35.678547 -59.546490
v  -158.638458 35.672985 -59.567249
v  -158.728195 35.670143 -59.577854
v  -158.818466 35.670021 -59.578300
v  -158.908310 35.672626 -59.568584
v  -158.996796 35.677956 -59.548702
v  -159.082993 35.686008 -59.518646
v  -159.164917 35.696636 -59.478973
v  -159.240784 35.709576 -59.430687
v  -159.309937 35.724644 -59.374447
v  -159.371765 35.741669 -59.310921
v  -159.425598 35.760468 -59.240761
v  -159.470810 35.780865 -59.164639
v  -159.506729 35.802681 -59.083210
# 528 vertices

vt  0.000000 0.000000 0.000000
vt  0.048023 0.000000 0.000000
vt  0.095636 0.000000 0.000000
vt  0.143015 0.000000 0.000000
vt  0.190319 0.000000 0.000000
vt  0.237698 0.000000 0.000000
vt  0.285310 0.000000 0.000000
vt  0.333333 0.000000 0.000000
vt  0.381357 0.000000 0.000000
vt  0.428969 0.000000 0.000000
vt  0.476348 0.000000 0.000000
vt  0.523652 0.000000 0.000000
vt  0.571031 0.000000 0.000000
vt  0.618643 0.000000 0.000000
vt  0.666667 0.000000 0.000000
vt  0.714690 0.000000 0.000000
vt  0.762302 0.000000 0.000000
vt  0.809681 0.000000 0.000000
vt  0.856985 0.000000 0.000000
vt  0.904364 0.000000 0.000000
vt  0.951977 0.000000 0.000000
vt  1.000000 0.000000 0.000000
vt  0.000000 0.041667 0.000000
vt  0.048023 0.041667 0.000000
vt  0.095636 0.041667 0.000000
vt  0.143015 0.041667 0.000000
vt  0.190319 0.041667 0.000000
vt  0.237698 0.041667 0.000000
vt  0.285310 0.041667 0.000000
vt  0.333333 0.041667 0.000000
vt  0.381357 0.041667 0.000000
vt  0.428969 0.041667 0.000000
vt  0.476348 0.041667 0.000000
vt  0.523652 0.041667 0.000000
vt  0.571031 0.041667 0.000000
vt  0.618643 0.041667 0.000000
vt  0.666667 0.041667 0.000000
vt  0.714690 0.041667 0.000000
vt  0.762302 0.041667 0.000000
vt  0.809681 0.041667 0.000000
vt  0.856985 0.041667 0.000000
vt  0.904364 0.041667 0.000000
vt  0.951977 0.041667 0.000000
vt  1.000000 0.041667 0.000000
vt  0.000000 0.083333 0.000000
vt  0.048023 0.083333 0.000000
vt  0.095636 0.083333 0.000000
vt  0.143015 0.083333 0.000000
vt  0.190319 0.083333 0.000000
vt  0.237698 0.083333 0.000000
vt  0.285310 0.083333 0.000000
vt  0.333333 0.083333 0.000000
vt  0.381357 0.083333 0.000000
vt  0.428969 0.083333 0.000000
vt  0.476348 0.083333 0.000000
vt  0.523652 0.083333 0.000000
vt  0.571031 0.083333 0.000000
vt  0.618643 0.083333 0.000000
vt  0.666667 0.083333 0.000000
vt  0.714690 0.083333 0.000000
vt  0.762302 0.083333 0.000000
vt  0.809681 0.083333 0.000000
vt  0.856985 0.083333 0.000000
vt  0.904364 0.083333 0.000000
vt  0.951977 0.083333 0.000000
vt  1.000000 0.083333 0.000000
vt  0.000000 0.125000 0.000000
vt  0.048023 0.125000 0.000000
vt  0.095636 0.125000 0.000000
vt  0.143015 0.125000 0.000000
vt  0.190319 0.125000 0.000000
vt  0.237698 0.125000 0.000000
vt  0.285310 0.125000 0.000000
vt  0.333333 0.125000 0.000000
vt  0.381357 0.125000 0.000000
vt  0.428969 0.125000 0.000000
vt  0.476348 0.125000 0.000000
vt  0.523652 0.125000 0.000000
vt  0.571031 0.125000 0.000000
vt  0.618643 0.125000 0.000000
vt  0.666667 0.125000 0.000000
vt  0.714690 0.125000 0.000000
vt  0.762302 0.125000 0.000000
vt  0.809681 0.125000 0.000000
vt  0.856985 0.125000 0.000000
vt  0.904364 0.125000 0.000000
vt  0.951977 0.125000 0.000000
vt  1.000000 0.125000 0.000000
vt  0.000000 0.166667 0.000000
vt  0.048023 0.166667 0.000000
vt  0.095636 0.166667 0.000000
vt  0.143015 0.166667 0.000000
vt  0.190319 0.166667 0.000000
vt  0.237698 0.166667 0.000000
vt  0.285310 0.166667 0.000000
vt  0.333333 0.166667 0.000000
vt  0.381357 0.166667 0.000000
vt  0.428969 0.166667 0.000000
vt  0.476348 0.166667 0.000000
vt  0.523652 0.166667 0.000000
vt  0.571031 0.166667 0.000000
vt  0.618643 0.166667 0.000000
vt  0.666667 0.166667 0.000000
vt  0.714690 0.166667 0.000000
vt  0.762302 0.166667 0.000000
vt  0.809681 0.166667 0.000000
vt  0.856985 0.166667 0.000000
vt  0.904364 0.166667 0.000000
vt  0.951977 0.166667 0.000000
vt  1.000000 0.166667 0.000000
vt  0.000000 0.208333 0.000000
vt  0.048023 0.208333 0.000000
vt  0.095636 0.208333 0.000000
vt  0.143015 0.208333 0.000000
vt  0.190319 0.208333 0.000000
vt  0.237698 0.208333 0.000000
vt  0.285310 0.208333 0.000000
vt  0.333333 0.208333 0.000000
vt  0.381357 0.208333 0.000000
vt  0.428969 0.208333 0.000000
vt  0.476348 0.208333 0.000000
vt  0.523652 0.208333 0.000000
vt  0.571031 0.208333 0.000000
vt  0.618643 0.208333 0.000000
vt  0.666667 0.208333 0.000000
vt  0.714690 0.208333 0.000000
vt  0.762302 0.208333 0.000000
vt  0.809681 0.208333 0.000000
vt  0.856985 0.208333 0.000000
vt  0.904364 0.208333 0.000000
vt  0.951977 0.208333 0.000000
vt  1.000000 0.208333 0.000000
vt  0.000000 0.250000 0.000000
vt  0.048023 0.250000 0.000000
vt  0.095636 0.250000 0.000000
vt  0.143015 0.250000 0.000000
vt  0.190319 0.250000 0.000000
vt  0.237698 0.250000 0.000000
vt  0.285310 0.250000 0.000000
vt  0.333333 0.250000 0.000000
vt  0.381357 0.250000 0.000000
vt  0.428969 0.250000 0.000000
vt  0.476348 0.250000 0.000000
vt  0.523652 0.250000 0.000000
vt  0.571031 0.250000 0.000000
vt  0.618643 0.250000 0.000000
vt  0.666667 0.250000 0.000000
vt  0.714690 0.250000 0.000000
vt  0.762302 0.250000 0.000000
vt  0.809681 0.250000 0.000000
vt  0.856985 0.250000 0.000000
vt  0.904364 0.250000 0.000000
vt  0.951977 0.250000 0.000000
vt  1.000000 0.250000 0.000000
vt  0.000000 0.291667 0.000000
vt  0.048023 0.291667 0.000000
vt  0.095636 0.291667 0.000000
vt  0.143015 0.291667 0.000000
vt  0.190319 0.291667 0.000000
vt  0.237698 0.291667 0.000000
vt  0.285310 0.291667 0.000000
vt  0.333333 0.291667 0.000000
vt  0.381357 0.291667 0.000000
vt  0.428969 0.291667 0.000000
vt  0.476348 0.291667 0.000000
vt  0.523652 0.291667 0.000000
vt  0.571031 0.291667 0.000000
vt  0.618643 0.291667 0.000000
vt  0.666667 0.291667 0.000000
vt  0.714690 0.291667 0.000000
vt  0.762302 0.291667 0.000000
vt  0.809681 0.291667 0.000000
vt  0.856985 0.291667 0.000000
vt  0.904364 0.291667 0.000000
vt  0.951977 0.291667 0.000000
vt  1.000000 0.291667 0.000000
vt  0.000000 0.333333 0.000000
vt  0.048023 0.333333 0.000000
vt  0.095636 0.333333 0.000000
vt  0.143015 0.333333 0.000000
vt  0.190319 0.333333 0.000000
vt  0.237698 0.333333 0.000000
vt  0.285310 0.333333 0.000000
vt  0.333333 0.333333 0.000000
vt  0.381357 0.333333 0.000000
vt  0.428969 0.333333 0.000000
vt  0.476348 0.333333 0.000000
vt  0.523652 0.333333 0.000000
vt  0.571031 0.333333 0.000000
vt  0.618643 0.333333 0.000000
vt  0.666667 0.333333 0.000000
vt  0.714690 0.333333 0.000000
vt  0.762302 0.333333 0.000000
vt  0.809681 0.333333 0.000000
vt  0.856985 0.333333 0.000000
vt  0.904364 0.333333 0.000000
vt  0.951977 0.333333 0.000000
vt  1.000000 0.333333 0.000000
vt  0.000000 0.375000 0.000000
vt  0.048023 0.375000 0.000000
vt  0.095636 0.375000 0.000000
vt  0.143015 0.375000 0.000000
vt  0.190319 0.375000 0.000000
vt  0.237698 0.375000 0.000000
vt  0.285310 0.375000 0.000000
vt  0.333333 0.375000 0.000000
vt  0.381357 0.375000 0.000000
vt  0.428969 0.375000 0.000000
vt  0.476348 0.375000 0.000000
vt  0.523652 0.375000 0.000000
vt  0.571031 0.375000 0.000000
vt  0.618643 0.375000 0.000000
vt  0.666667 0.375000 0.000000
vt  0.714690 0.375000 0.000000
vt  0.762302 0.375000 0.000000
vt  0.809681 0.375000 0.000000
vt  0.856985 0.375000 0.000000
vt  0.904364 0.375000 0.000000
vt  0.951977 0.375000 0.000000
vt  1.000000 0.375000 0.000000
vt  0.000000 0.416667 0.000000
vt  0.048023 0.416667 0.000000
vt  0.095636 0.416667 0.000000
vt  0.143015 0.416667 0.000000
vt  0.190319 0.416667 0.000000
vt  0.237698 0.416667 0.000000
vt  0.285310 0.416667 0.000000
vt  0.333333 0.416667 0.000000
vt  0.381357 0.416667 0.000000
vt  0.428969 0.416667 0.000000
vt  0.476348 0.416667 0.000000
vt  0.523652 0.416667 0.000000
vt  0.571031 0.416667 0.000000
vt  0.618643 0.416667 0.000000
vt  0.666667 0.416667 0.000000
vt  0.714690 0.416667 0.000000
vt  0.762302 0.416667 0.000000
vt  0.809681 0.416667 0.000000
vt  0.856985 0.416667 0.000000
vt  0.904364 0.416667 0.000000
vt  0.951977 0.416667 0.000000
vt  1.000000 0.416667 0.000000
vt  0.000000 0.458333 0.000000
vt  0.048023 0.458333 0.000000
vt  0.095636 0.458333 0.000000
vt  0.143015 0.458333 0.000000
vt  0.190319 0.458333 0.000000
vt  0.237698 0.458333 0.000000
vt  0.285310 0.458333 0.000000
vt  0.333333 0.458333 0.000000
vt  0.381357 0.458333 0.000000
vt  0.428969 0.458333 0.000000
vt  0.476348 0.458333 0.000000
vt  0.523652 0.458333 0.000000
vt  0.571031 0.458333 0.000000
vt  0.618643 0.458333 0.000000
vt  0.666667 0.458333 0.000000
vt  0.714690 0.458333 0.000000
vt  0.762302 0.458333 0.000000
vt  0.809681 0.458333 0.000000
vt  0.856985 0.458333 0.000000
vt  0.904364 0.458333 0.000000
vt  0.951977 0.458333 0.000000
vt  1.000000 0.458333 0.000000
vt  0.000000 0.500000 0.000000
vt  0.048023 0.500000 0.000000
vt  0.095636 0.500000 0.000000
vt  0.143015 0.500000 0.000000
vt  0.190319 0.500000 0.000000
vt  0.237698 0.500000 0.000000
vt  0.285310 0.500000 0.000000
vt  0.333333 0.500000 0.000000
vt  0.381357 0.500000 0.000000
vt  0.428969 0.500000 0.000000
vt  0.476348 0.500000 0.000000
vt  0.523652 0.500000 0.000000
vt  0.571031 0.500000 0.000000
vt  0.618643 0.500000 0.000000
vt  0.666667 0.500000 0.000000
vt  0.714690 0.500000 0.000000
vt  0.762302 0.500000 0.000000
vt  0.809681 0.500000 0.000000
vt  0.856985 0.500000 0.000000
vt  0.904364 0.500000 0.000000
vt  0.951977 0.500000 0.000000
vt  1.000000 0.500000 0.000000
vt  0.000000 0.541667 0.000000
vt  0.048023 0.541667 0.000000
vt  0.095636 0.541667 0.000000
vt  0.143015 0.541667 0.000000
vt  0.190319 0.541667 0.000000
vt  0.237698 0.541667 0.000000
vt  0.285310 0.541667 0.000000
vt  0.333333 0.541667 0.000000
vt  0.381357 0.541667 0.000000
vt  0.428969 0.541667 0.000000
vt  0.476348 0.541667 0.000000
vt  0.523652 0.541667 0.000000
vt  0.571031 0.541667 0.000000
vt  0.618643 0.541667 0.000000
vt  0.666667 0.541667 0.000000
vt  0.714690 0.541667 0.000000
vt  0.762302 0.541667 0.000000
vt  0.809681 0.541667 0.000000
vt  0.856985 0.541667 0.000000
vt  0.904364 0.541667 0.000000
vt  0.951977 0.541667 0.000000
vt  1.000000 0.541667 0.000000
vt  0.000000 0.583333 0.000000
vt  0.048023 0.583333 0.000000
vt  0.095636 0.583333 0.000000
vt  0.143015 0.583333 0.000000
vt  0.190319 0.583333 0.000000
vt  0.237698 0.583333 0.000000
vt  0.285310 0.583333 0.000000
vt  0.333333 0.583333 0.000000
vt  0.381357 0.583333 0.000000
vt  0.428969 0.583333 0.000000
vt  0.476348 0.583333 0.000000
vt  0.523652 0.583333 0.000000
vt  0.571031 0.583333 0.000000
vt  0.618643 0.583333 0.000000
vt  0.666667 0.583333 0.000000
vt  0.714690 0.583333 0.000000
vt  0.762302 0.583333 0.000000
vt  0.809681 0.583333 0.000000
vt  0.856985 0.583333 0.000000
vt  0.904364 0.583333 0.000000
vt  0.951977 0.583333 0.000000
vt  1.000000 0.583333 0.000000
vt  0.000000 0.625000 0.000000
vt  0.048023 0.625000 0.000000
vt  0.095636 0.625000 0.000000
vt  0.143015 0.625000 0.000000
vt  0.190319 0.625000 0.000000
vt  0.237698 0.625000 0.000000
vt  0.285310 0.625000 0.000000
vt  0.333333 0.625000 0.000000
vt  0.381357 0.625000 0.000000
vt  0.428969 0.625000 0.000000
vt  0.476348 0.625000 0.000000
vt  0.523652 0.625000 0.000000
vt  0.571031 0.625000 0.000000
vt  0.618643 0.625000 0.000000
vt  0.666667 0.625000 0.000000
vt  0.714690 0.625000 0.000000
vt  0.762302 0.625000 0.000000
vt  0.809681 0.625000 0.000000
vt  0.856985 0.625000 0.000000
vt  0.904364 0.625000 0.000000
vt  0.951977 0.625000 0.000000
vt  1.000000 0.625000 0.000000
vt  0.000000 0.666667 0.000000
vt  0.048023 0.666667 0.000000
vt  0.095636 0.666667 0.000000
vt  0.143015 0.666667 0.000000
vt  0.190319 0.666667 0.000000
vt  0.237698 0.666667 0.000000
vt  0.285310 0.666667 0.000000
vt  0.333333 0.666667 0.000000
vt  0.381357 0.666667 0.000000
vt  0.428969 0.666667 0.000000
vt  0.476348 0.666667 0.000000
vt  0.523652 0.666667 0.000000
vt  0.571031 0.666667 0.000000
vt  0.618643 0.666667 0.000000
vt  0.666667 0.666667 0.000000
vt  0.714690 0.666667 0.000000
vt  0.762302 0.666667 0.000000
vt  0.809681 0.666667 0.000000
vt  0.856985 0.666667 0.000000
vt  0.904364 0.666667 0.000000
vt  0.951977 0.666667 0.000000
vt  1.000000 0.666667 0.000000
vt  0.000000 0.708333 0.000000
vt  0.048023 0.708333 0.000000
vt  0.095636 0.708333 0.000000
vt  0.143015 0.708333 0.000000
vt  0.190319 0.708333 0.000000
vt  0.237698 0.708333 0.000000
vt  0.285310 0.708333 0.000000
vt  0.333333 0.708333 0.000000
vt  0.381357 0.708333 0.000000
vt  0.428969 0.708333 0.000000
vt  0.476348 0.708333 0.000000
vt  0.523652 0.708333 0.000000
vt  0.571031 0.708333 0.000000
vt  0.618643 0.708333 0.000000
vt  0.666667 0.708333 0.000000
vt  0.714690 0.708333 0.000000
vt  0.762302 0.708333 0.000000
vt  0.809681 0.708333 0.000000
vt  0.856985 0.708333 0.000000
vt  0.904364 0.708333 0.000000
vt  0.951977 0.708333 0.000000
vt  1.000000 0.708333 0.000000
vt  0.000000 0.750000 0.000000
vt  0.048023 0.750000 0.000000
vt  0.095636 0.750000 0.000000
vt  0.143015 0.750000 0.000000
vt  0.190319 0.750000 0.000000
vt  0.237698 0.750000 0.000000
vt  0.285310 0.750000 0.000000
vt  0.333333 0.750000 0.000000
vt  0.381357 0.750000 0.000000
vt  0.428969 0.750000 0.000000
vt  0.476348 0.750000 0.000000
vt  0.523652 0.750000 0.000000
vt  0.571031 0.750000 0.000000
vt  0.618643 0.750000 0.000000
vt  0.666667 0.750000 0.000000
vt  0.714690 0.750000 0.000000
vt  0.762302 0.750000 0.000000
vt  0.809681 0.750000 0.000000
vt  0.856985 0.750000 0.000000
vt  0.904364 0.750000 0.000000
vt  0.951977 0.750000 0.000000
vt  1.000000 0.750000 0.000000
vt  0.000000 0.791667 0.000000
vt  0.048023 0.791667 0.000000
vt  0.095636 0.791667 0.000000
vt  0.143015 0.791667 0.000000
vt  0.190319 0.791667 0.000000
vt  0.237698 0.791667 0.000000
vt  0.285310 0.791667 0.000000
vt  0.333333 0.791667 0.000000
vt  0.381357 0.791667 0.000000
vt  0.428969 0.791667 0.000000
vt  0.476348 0.791667 0.000000
vt  0.523652 0.791667 0.000000
vt  0.571031 0.791667 0.000000
vt  0.618643 0.791667 0.000000
vt  0.666667 0.791667 0.000000
vt  0.714690 0.791667 0.000000
vt  0.762302 0.791667 0.000000
vt  0.809681 0.791667 0.000000
vt  0.856985 0.791667 0.000000
vt  0.904364 0.791667 0.000000
vt  0.951977 0.791667 0.000000
vt  1.000000 0.791667 0.000000
vt  0.000000 0.833333 0.000000
vt  0.048023 0.833333 0.000000
vt  0.095636 0.833333 0.000000
vt  0.143015 0.833333 0.000000
vt  0.190319 0.833333 0.000000
vt  0.237698 0.833333 0.000000
vt  0.285310 0.833333 0.000000
vt  0.333333 0.833333 0.000000
vt  0.381357 0.833333 0.000000
vt  0.428969 0.833333 0.000000
vt  0.476348 0.833333 0.000000
vt  0.523652 0.833333 0.000000
vt  0.571031 0.833333 0.000000
vt  0.618643 0.833333 0.000000
vt  0.666667 0.833333 0.000000
vt  0.714690 0.833333 0.000000
vt  0.762302 0.833333 0.000000
vt  0.809681 0.833333 0.000000
vt  0.856985 0.833333 0.000000
vt  0.904364 0.833333 0.000000
vt  0.951977 0.833333 0.000000
vt  1.000000 0.833333 0.000000
vt  0.000000 0.875000 0.000000
vt  0.048023 0.875000 0.000000
vt  0.095636 0.875000 0.000000
vt  0.143015 0.875000 0.000000
vt  0.190319 0.875000 0.000000
vt  0.237698 0.875000 0.000000
vt  0.285310 0.875000 0.000000
vt  0.333333 0.875000 0.000000
vt  0.381357 0.875000 0.000000
vt  0.428969 0.875000 0.000000
vt  0.476348 0.875000 0.000000
vt  0.523652 0.875000 0.000000
vt  0.571031 0.875000 0.000000
vt  0.618643 0.875000 0.000000
vt  0.666667 0.875000 0.000000
vt  0.714690 0.875000 0.000000
vt  0.762302 0.875000 0.000000
vt  0.809681 0.875000 0.000000
vt  0.856985 0.875000 0.000000
vt  0.904364 0.875000 0.000000
vt  0.951977 0.875000 0.000000
vt  1.000000 0.875000 0.000000
vt  0.000000 0.916667 0.000000
vt  0.048023 0.916667 0.000000
vt  0.095636 0.916667 0.000000
vt  0.143015 0.916667 0.000000
vt  0.190319 0.916667 0.000000
vt  0.237698 0.916667 0.000000
vt  0.285310 0.916667 0.000000
vt  0.333333 0.916667 0.000000
vt  0.381357 0.916667 0.000000
vt  0.428969 0.916667 0.000000
vt  0.476348 0.916667 0.000000
vt  0.523652 0.916667 0.000000
vt  0.571031 0.916667 0.000000
vt  0.618643 0.916667 0.000000
vt  0.666667 0.916667 0.000000
vt  0.714690 0.916667 0.000000
vt  0.762302 0.916667 0.000000
vt  0.809681 0.916667 0.000000
vt  0.856985 0.916667 0.000000
vt  0.904364 0.916667 0.000000
vt  0.951977 0.916667 0.000000
vt  1.000000 0.916667 0.000000
vt  0.000000 0.958333 0.000000
vt  0.048023 0.958333 0.000000
vt  0.095636 0.958333 0.000000
vt  0.143015 0.958333 0.000000
vt  0.190319 0.958333 0.000000
vt  0.237698 0.958333 0.000000
vt  0.285310 0.958333 0.000000
vt  0.333333 0.958333 0.000000
vt  0.381357 0.958333 0.000000
vt  0.428969 0.958333 0.000000
vt  0.476348 0.958333 0.000000
vt  0.523652 0.958333 0.000000
vt  0.571031 0.958333 0.000000
vt  0.618643 0.958333 0.000000
vt  0.666667 0.958333 0.000000
vt  0.714690 0.958333 0.000000
vt  0.762302 0.958333 0.000000
vt  0.809681 0.958333 0.000000
vt  0.856985 0.958333 0.000000
vt  0.904364 0.958333 0.000000
vt  0.951977 0.958333 0.000000
vt  1.000000 0.958333 0.000000
vt  0.000000 1.000000 0.000000
vt  0.048023 1.000000 0.000000
vt  0.095636 1.000000 0.000000
vt  0.143015 1.000000 0.000000
vt  0.190319 1.000000 0.000000
vt  0.237698 1.000000 0.000000
vt  0.285310 1.000000 0.000000
vt  0.333333 1.000000 0.000000
vt  0.381357 1.000000 0.000000
vt  0.428969 1.000000 0.000000
vt  0.476348 1.000000 0.000000
vt  0.523652 1.000000 0.000000
vt  0.571031 1.000000 0.000000
vt  0.618643 1.000000 0.000000
vt  0.666667 1.000000 0.000000
vt  0.714690 1.000000 0.000000
vt  0.762302 1.000000 0.000000
vt  0.809681 1.000000 0.000000
vt  0.856985 1.000000 0.000000
vt  0.904364 1.000000 0.000000
vt  0.951977 1.000000 0.000000
vt  1.000000 1.000000 0.000000
# 550 texture vertices

vn  1.198938 -0.033803 -0.501209
vn  1.167836 -0.066472 -0.567050
vn  1.091818 -0.095697 -0.698986
vn  1.000530 -0.131510 -0.819421
vn  0.894919 -0.175245 -0.926398
vn  0.776029 -0.227959 -1.017654
vn  0.645363 -0.289601 -1.090616
vn  0.505745 -0.357468 -1.142910
vn  0.361763 -0.424374 -1.174240
vn  0.218184 -0.479375 -1.188444
vn  0.077255 -0.511367 -1.192619
vn  -0.062273 -0.513132 -1.192737
vn  -0.203291 -0.484368 -1.189061
vn  -0.347216 -0.431807 -1.175921
vn  -0.491941 -0.366335 -1.146123
vn  -0.632651 -0.299011 -1.095514
vn  -0.764609 -0.237344 -1.024132
vn  -0.884876 -0.184369 -0.934242
vn  -0.991893 -0.140336 -0.828408
vn  -1.084602 -0.104278 -0.708921
vn  -1.162062 -0.074882 -0.577764
vn  -1.195294 -0.079668 -0.504709
vn  1.198938 0.097071 -0.492879
vn  1.167836 0.082556 -0.564933
vn  1.091818 0.088475 -0.699937
vn  1.000530 0.085053 -0.825537
vn  0.894919 0.070495 -0.940189
vn  0.776029 0.043197 -1.041978
vn  0.645363 0.002539 -1.128408
vn  0.505744 -0.049481 -1.196486
vn  0.361763 -0.105999 -1.244065
vn  0.218184 -0.155449 -1.272021
vn  0.077256 -0.185270 -1.284333
vn  -0.062273 -0.186944 -1.284904
vn  -0.203291 -0.160112 -1.273908
vn  -0.347216 -0.112743 -1.247612
vn  -0.491941 -0.057215 -1.201884
vn  -0.632650 -0.005283 -1.135575
vn  -0.764609 0.035808 -1.050664
vn  -0.884876 0.063713 -0.950126
vn  -0.991893 0.078854 -0.836502
vn  -1.084602 0.082757 -0.711755
vn  -1.162062 0.077206 -0.577458
vn  -1.195294 0.053675 -0.508131
vn  1.198938 0.221330 -0.450961
vn  1.167836 0.225959 -0.524316
vn  1.091818 0.266617 -0.653188
vn  1.000530 0.295820 -0.775394
vn  0.894919 0.311432 -0.889907
vn  0.776029 0.311409 -0.995293
vn  0.645363 0.294507 -1.089301
vn  0.505744 0.261880 -1.168523
vn  0.361763 0.219601 -1.229108
vn  0.218184 0.179071 -1.268911
vn  0.077256 0.153452 -1.288522
vn  -0.062273 0.151984 -1.289507
vn  -0.203290 0.175056 -1.271941
vn  -0.347216 0.214005 -1.234280
vn  -0.491941 0.255806 -1.175739
vn  -0.632651 0.288806 -1.098248
vn  -0.764609 0.306520 -1.005596
vn  -0.884876 0.307453 -0.901261
vn  -0.991893 0.292670 -0.787590
vn  -1.084602 0.264153 -0.666083
vn  -1.162062 0.224032 -0.537799
vn  -1.195294 0.183359 -0.476925
vn  1.198938 0.330506 -0.378310
vn  1.167836 0.353962 -0.447968
vn  1.091817 0.426590 -0.561926
vn  1.000529 0.486427 -0.672410
vn  0.894919 0.531146 -0.778980
vn  0.776029 0.558399 -0.880781
vn  0.645363 0.566403 -0.975961
vn  0.505744 0.555391 -1.060928
vn  0.361763 0.530236 -1.130390
vn  0.218184 0.501389 -1.179326
vn  0.077255 0.481718 -1.204900
vn  -0.062273 0.480554 -1.206232
vn  -0.203290 0.498293 -1.183293
vn  -0.347216 0.526168 -1.136835
vn  -0.491941 0.551393 -1.069469
vn  -0.632650 0.563213 -0.986078
vn  -0.764610 0.556343 -0.891997
vn  -0.884876 0.530241 -0.790976
vn  -0.991893 0.486541 -0.685005
vn  -1.084602 0.427547 -0.575019
vn  -1.162062 0.355591 -0.461490
vn  -1.195294 0.300549 -0.413217
vn  1.198938 0.417158 -0.279878
vn  1.167836 0.457844 -0.341091
vn  1.091817 0.557491 -0.432369
vn  1.000529 0.643885 -0.523602
vn  0.894919 0.714662 -0.614966
vn  0.776029 0.767335 -0.706245
vn  0.645363 0.799701 -0.796110
vn  0.505744 0.811056 -0.881031
vn  0.361763 0.804734 -0.954639
vn  0.218184 0.789536 -1.009373
vn  0.077255 0.777155 -1.039166
vn  -0.062273 0.776376 -1.040753
vn  -0.203290 0.787573 -1.014005
vn  -0.347216 0.802473 -0.961916
vn  -0.491941 0.809403 -0.890317
vn  -0.632650 0.799237 -0.806708
vn  -0.764609 0.768252 -0.717612
vn  -0.884876 0.716893 -0.626789
vn  -0.991893 0.647254 -0.535738
vn  -1.084602 0.561804 -0.444768
vn  -1.162062 0.462916 -0.353731
vn  -1.195294 0.397256 -0.321349
vn  1.198938 0.475382 -0.162373
vn  1.167836 0.530524 -0.210970
vn  1.091818 0.650401 -0.273347
vn  1.000529 0.757463 -0.339111
vn  0.894919 0.849475 -0.409043
vn  0.776029 0.923978 -0.483579
vn  0.645363 0.978500 -0.562005
vn  0.505744 1.011447 -0.641095
vn  0.361763 1.024392 -0.713830
vn  0.218184 1.023878 -0.770633
vn  0.077255 1.019630 -0.802616
vn  -0.062273 1.019288 -0.804350
vn  -0.203291 1.023181 -0.775615
vn  -0.347216 1.024092 -0.721444
vn  -0.491941 1.012255 -0.650492
vn  -0.632651 0.980795 -0.572363
vn  -0.764610 0.927806 -0.494322
vn  -0.884876 0.854690 -0.419886
vn  -0.991893 0.763859 -0.349962
vn  -1.084602 0.657776 -0.284207
vn  -1.162062 0.538695 -0.221867
vn  -1.195294 0.466891 -0.207582
vn  1.198938 0.501209 -0.033803
vn  1.167836 0.567050 -0.066472
vn  1.091817 0.698986 -0.095697
vn  1.000529 0.819421 -0.131510
vn  0.894919 0.926398 -0.175245
vn  0.776029 1.017654 -0.227958
vn  0.645362 1.090616 -0.289601
vn  0.505744 1.142910 -0.357468
vn  0.361763 1.174240 -0.424374
vn  0.218184 1.188444 -0.479375
vn  0.077255 1.192619 -0.511367
vn  -0.062273 1.192738 -0.513131
vn  -0.203291 1.189061 -0.484368
vn  -0.347216 1.175920 -0.431807
vn  -0.491941 1.146122 -0.366336
vn  -0.632651 1.095513 -0.299012
vn  -0.764610 1.024131 -0.237344
vn  -0.884876 0.934241 -0.184369
vn  -0.991893 0.828408 -0.140336
vn  -1.084602 0.708921 -0.104279
vn  -1.162062 0.577763 -0.074882
vn  -1.195294 0.504708 -0.079668
vn  1.198938 0.492880 0.097071
vn  1.167836 0.564933 0.082556
vn  1.091817 0.699937 0.088475
vn  1.000529 0.825538 0.085053
vn  0.894919 0.940189 0.070496
vn  0.776029 1.041978 0.043197
vn  0.645362 1.128409 0.002539
vn  0.505744 1.196486 -0.049481
vn  0.361763 1.244065 -0.105999
vn  0.218184 1.272021 -0.155449
vn  0.077255 1.284333 -0.185270
vn  -0.062273 1.284904 -0.186944
vn  -0.203291 1.273908 -0.160111
vn  -0.347216 1.247612 -0.112743
vn  -0.491941 1.201884 -0.057215
vn  -0.632651 1.135575 -0.005283
vn  -0.764610 1.050664 0.035808
vn  -0.884876 0.950126 0.063713
vn  -0.991893 0.836502 0.078854
vn  -1.084602 0.711754 0.082757
vn  -1.162062 0.577457 0.077205
vn  -1.195294 0.508131 0.053674
vn  1.198938 0.450961 0.221330
vn  1.167836 0.524316 0.225958
vn  1.091817 0.653188 0.266617
vn  1.000529 0.775395 0.295820
vn  0.894919 0.889907 0.311432
vn  0.776029 0.995293 0.311409
vn  0.645363 1.089302 0.294506
vn  0.505744 1.168524 0.261880
vn  0.361762 1.229109 0.219602
vn  0.218184 1.268911 0.179072
vn  0.077255 1.288522 0.153452
vn  -0.062273 1.289507 0.151984
vn  -0.203291 1.271941 0.175056
vn  -0.347217 1.234280 0.214005
vn  -0.491941 1.175739 0.255805
vn  -0.632651 1.098248 0.288805
vn  -0.764610 1.005596 0.306520
vn  -0.884876 0.901261 0.307453
vn  -0.991893 0.787590 0.292670
vn  -1.084603 0.666082 0.264153
vn  -1.162062 0.537798 0.224032
vn  -1.195294 0.476925 0.183359
vn  1.198938 0.378311 0.330506
vn  1.167836 0.447968 0.353962
vn  1.091817 0.561926 0.426590
vn  1.000529 0.672410 0.486427
vn  0.894919 0.778980 0.531146
vn  0.776029 0.880781 0.558399
vn  0.645362 0.975961 0.566404
vn  0.505744 1.060928 0.555392
vn  0.361762 1.130391 0.530236
vn  0.218183 1.179326 0.501388
vn  0.077255 1.204900 0.481719
vn  -0.062273 1.206231 0.480555
vn  -0.203291 1.183293 0.498293
vn  -0.347216 1.136835 0.526168
vn  -0.491942 1.069469 0.551393
vn  -0.632651 0.986078 0.563213
vn  -0.764610 0.891997 0.556343
vn  -0.884877 0.790976 0.530240
vn  -0.991893 0.685005 0.486540
vn  -1.084602 0.575018 0.427547
vn  -1.162062 0.461489 0.355590
vn  -1.195294 0.413217 0.300549
vn  1.198938 0.279879 0.417159
vn  1.167835 0.341092 0.457844
vn  1.091817 0.432369 0.557491
vn  1.000529 0.523602 0.643884
vn  0.894919 0.614966 0.714662
vn  0.776029 0.706245 0.767335
vn  0.645362 0.796110 0.799701
vn  0.505744 0.881032 0.811055
vn  0.361762 0.954639 0.804734
vn  0.218183 1.009373 0.789536
vn  0.077255 1.039167 0.777154
vn  -0.062273 1.040754 0.776375
vn  -0.203291 1.014006 0.787573
vn  -0.347217 0.961916 0.802473
vn  -0.491941 0.890317 0.809403
vn  -0.632651 0.806708 0.799237
vn  -0.764610 0.717612 0.768252
vn  -0.884876 0.626789 0.716892
vn  -0.991893 0.535738 0.647254
vn  -1.084602 0.444768 0.561805
vn  -1.162062 0.353731 0.462916
vn  -1.195294 0.321348 0.397256
vn  1.198938 0.162374 0.475382
vn  1.167835 0.210971 0.530525
vn  1.091817 0.273347 0.650401
vn  1.000529 0.339111 0.757463
vn  0.894919 0.409044 0.849475
vn  0.776029 0.483580 0.923978
vn  0.645362 0.562006 0.978500
vn  0.505744 0.641095 1.011447
vn  0.361762 0.713830 1.024392
vn  0.218183 0.770633 1.023878
vn  0.077255 0.802616 1.019630
vn  -0.062273 0.804351 1.019287
vn  -0.203291 0.775615 1.023181
vn  -0.347217 0.721444 1.024092
vn  -0.491942 0.650491 1.012255
vn  -0.632651 0.572362 0.980795
vn  -0.764610 0.494321 0.927806
vn  -0.884876 0.419886 0.854690
vn  -0.991893 0.349961 0.763859
vn  -1.084602 0.284208 0.657776
vn  -1.162062 0.221867 0.538695
vn  -1.195294 0.207582 0.466891
vn  1.198938 0.033803 0.501209
vn  1.167836 0.066472 0.567051
vn  1.091817 0.095697 0.698987
vn  1.000529 0.131510 0.819421
vn  0.894919 0.175245 0.926399
vn  0.776029 0.227959 1.017654
vn  0.645362 0.289601 1.090616
vn  0.505744 0.357468 1.142911
vn  0.361762 0.424374 1.174240
vn  0.218184 0.479375 1.188444
vn  0.077255 0.511367 1.192619
vn  -0.062273 0.513132 1.192738
vn  -0.203291 0.484367 1.189061
vn  -0.347217 0.431806 1.175920
vn  -0.491942 0.366335 1.146123
vn  -0.632651 0.299010 1.095514
vn  -0.764610 0.237343 1.024131
vn  -0.884876 0.184368 0.934241
vn  -0.991893 0.140335 0.828408
vn  -1.084603 0.104278 0.708920
vn  -1.162062 0.074882 0.577763
vn  -1.195294 0.079668 0.504708
vn  1.198938 -0.097071 0.492880
vn  1.167836 -0.082556 0.564933
vn  1.091817 -0.088475 0.699937
vn  1.000529 -0.085053 0.825537
vn  0.894918 -0.070496 0.940189
vn  0.776028 -0.043197 1.041978
vn  0.645362 -0.002539 1.128409
vn  0.505744 0.049480 1.196486
vn  0.361762 0.105998 1.244065
vn  0.218183 0.155448 1.272021
vn  0.077255 0.185269 1.284333
vn  -0.062274 0.186943 1.284904
vn  -0.203291 0.160111 1.273908
vn  -0.347216 0.112742 1.247612
vn  -0.491942 0.057214 1.201884
vn  -0.632651 0.005282 1.135575
vn  -0.764610 -0.035809 1.050663
vn  -0.884877 -0.063714 0.950126
vn  -0.991893 -0.078854 0.836502
vn  -1.084602 -0.082758 0.711754
vn  -1.162062 -0.077206 0.577457
vn  -1.195294 -0.053675 0.508130
vn  1.198938 -0.221330 0.450962
vn  1.167835 -0.225959 0.524317
vn  1.091817 -0.266617 0.653189
vn  1.000529 -0.295819 0.775395
vn  0.894919 -0.311432 0.889907
vn  0.776028 -0.311410 0.995293
vn  0.645362 -0.294507 1.089302
vn  0.505744 -0.261879 1.168523
vn  0.361763 -0.219602 1.229108
vn  0.218183 -0.179073 1.268911
vn  0.077255 -0.153453 1.288522
vn  -0.062274 -0.151985 1.289507
vn  -0.203291 -0.175057 1.271941
vn  -0.347217 -0.214006 1.234280
vn  -0.491942 -0.255806 1.175739
vn  -0.632651 -0.288806 1.098248
vn  -0.764610 -0.306520 1.005595
vn  -0.884877 -0.307453 0.901261
vn  -0.991893 -0.292670 0.787590
vn  -1.084602 -0.264153 0.666082
vn  -1.162062 -0.224032 0.537798
vn  -1.195294 -0.183360 0.476924
vn  1.198938 -0.330506 0.378311
vn  1.167835 -0.353963 0.447969
vn  1.091817 -0.426590 0.561926
vn  1.000529 -0.486427 0.672410
vn  0.894919 -0.531145 0.778980
vn  0.776029 -0.558399 0.880781
vn  0.645362 -0.566403 0.975961
vn  0.505744 -0.555392 1.060928
vn  0.361763 -0.530234 1.130391
vn  0.218183 -0.501388 1.179326
vn  0.077255 -0.481718 1.204900
vn  -0.062273 -0.480553 1.206232
vn  -0.203291 -0.498293 1.183293
vn  -0.347216 -0.526168 1.136835
vn  -0.491942 -0.551393 1.069469
vn  -0.632651 -0.563212 0.986078
vn  -0.764610 -0.556343 0.891997
vn  -0.884876 -0.530240 0.790976
vn  -0.991893 -0.486541 0.685005
vn  -1.084602 -0.427547 0.575019
vn  -1.162062 -0.355591 0.461489
vn  -1.195294 -0.300549 0.413216
vn  1.198938 -0.417158 0.279879
vn  1.167835 -0.457844 0.341093
vn  1.091817 -0.557491 0.432370
vn  1.000530 -0.643884 0.523602
vn  0.894919 -0.714662 0.614967
vn  0.776028 -0.767334 0.706245
vn  0.645363 -0.799700 0.796111
vn  0.505744 -0.811055 0.881032
vn  0.361763 -0.804733 0.954640
vn  0.218184 -0.789534 1.009374
vn  0.077255 -0.777154 1.039167
vn  -0.062274 -0.776374 1.040754
vn  -0.203291 -0.787572 1.014006
vn  -0.347216 -0.802472 0.961917
vn  -0.491941 -0.809402 0.890318
vn  -0.632651 -0.799237 0.806708
vn  -0.764610 -0.768252 0.717612
vn  -0.884876 -0.716892 0.626789
vn  -0.991893 -0.647254 0.535738
vn  -1.084602 -0.561805 0.444768
vn  -1.162062 -0.462917 0.353732
vn  -1.195294 -0.397256 0.321349
vn  1.198938 -0.475382 0.162374
vn  1.167836 -0.530524 0.210971
vn  1.091817 -0.650401 0.273348
vn  1.000530 -0.757462 0.339111
vn  0.894919 -0.849475 0.409044
vn  0.776029 -0.923978 0.483580
vn  0.645363 -0.978500 0.562006
vn  0.505744 -1.011447 0.641095
vn  0.361762 -1.024392 0.713830
vn  0.218184 -1.023878 0.770633
vn  0.077255 -1.019629 0.802616
vn  -0.062274 -1.019288 0.804350
vn  -0.203291 -1.023181 0.775615
vn  -0.347216 -1.024092 0.721444
vn  -0.491941 -1.012255 0.650491
vn  -0.632651 -0.980795 0.572363
vn  -0.764610 -0.927806 0.494321
vn  -0.884876 -0.854690 0.419886
vn  -0.991893 -0.763859 0.349961
vn  -1.084602 -0.657776 0.284207
vn  -1.162061 -0.538696 0.221866
vn  -1.195294 -0.466891 0.207581
vn  1.198938 -0.501209 0.033803
vn  1.167836 -0.567050 0.066473
vn  1.091817 -0.698986 0.095697
vn  1.000530 -0.819421 0.131510
vn  0.894919 -0.926399 0.175245
vn  0.776029 -1.017654 0.227959
vn  0.645363 -1.090616 0.289601
vn  0.505744 -1.142910 0.357468
vn  0.361762 -1.174240 0.424374
vn  0.218184 -1.188445 0.479375
vn  0.077255 -1.192619 0.511367
vn  -0.062273 -1.192738 0.513132
vn  -0.203291 -1.189061 0.484368
vn  -0.347216 -1.175921 0.431806
vn  -0.491942 -1.146123 0.366334
vn  -0.632650 -1.095514 0.299011
vn  -0.764610 -1.024132 0.237343
vn  -0.884876 -0.934242 0.184368
vn  -0.991893 -0.828408 0.140335
vn  -1.084602 -0.708921 0.104278
vn  -1.162061 -0.577764 0.074882
vn  -1.195294 -0.504708 0.079668
vn  1.198938 -0.492880 -0.097071
vn  1.167836 -0.564933 -0.082556
vn  1.091818 -0.699937 -0.088475
vn  1.000530 -0.825537 -0.085053
vn  0.894919 -0.940189 -0.070496
vn  0.776029 -1.041978 -0.043198
vn  0.645363 -1.128408 -0.002540
vn  0.505744 -1.196486 0.049480
vn  0.361763 -1.244065 0.105998
vn  0.218183 -1.272021 0.155448
vn  0.077255 -1.284333 0.185270
vn  -0.062273 -1.284904 0.186943
vn  -0.203291 -1.273908 0.160111
vn  -0.347216 -1.247612 0.112742
vn  -0.491941 -1.201884 0.057214
vn  -0.632651 -1.135575 0.005282
vn  -0.764609 -1.050664 -0.035809
vn  -0.884876 -0.950126 -0.063714
vn  -0.991893 -0.836502 -0.078854
vn  -1.084602 -0.711755 -0.082758
vn  -1.162061 -0.577458 -0.077206
vn  -1.195294 -0.508130 -0.053675
vn  1.198938 -0.450961 -0.221330
vn  1.167835 -0.524316 -0.225959
vn  1.091818 -0.653188 -0.266617
vn  1.000530 -0.775394 -0.295819
vn  0.894919 -0.889907 -0.311433
vn  0.776029 -0.995293 -0.311410
vn  0.645363 -1.089301 -0.294507
vn  0.505744 -1.168523 -0.261880
vn  0.361763 -1.229108 -0.219602
vn  0.218184 -1.268911 -0.179072
vn  0.077255 -1.288522 -0.153454
vn  -0.062273 -1.289507 -0.151985
vn  -0.203290 -1.271941 -0.175057
vn  -0.347216 -1.234280 -0.214006
vn  -0.491941 -1.175739 -0.255806
vn  -0.632651 -1.098248 -0.288806
vn  -0.764610 -1.005595 -0.306521
vn  -0.884876 -0.901261 -0.307454
vn  -0.991893 -0.787590 -0.292670
vn  -1.084602 -0.666083 -0.264154
vn  -1.162061 -0.537799 -0.224033
vn  -1.195294 -0.476924 -0.183360
vn  1.198938 -0.378311 -0.330506
vn  1.167836 -0.447968 -0.353962
vn  1.091817 -0.561926 -0.426590
vn  1.000530 -0.672410 -0.486426
vn  0.894919 -0.778980 -0.531145
vn  0.776029 -0.880781 -0.558398
vn  0.645363 -0.975961 -0.566403
vn  0.505744 -1.060928 -0.555392
vn  0.361763 -1.130391 -0.530235
vn  0.218184 -1.179326 -0.501388
vn  0.077255 -1.204900 -0.481718
vn  -0.062273 -1.206231 -0.480555
vn  -0.203290 -1.183293 -0.498294
vn  -0.347216 -1.136835 -0.526169
vn  -0.491942 -1.069469 -0.551394
vn  -0.632650 -0.986078 -0.563213
vn  -0.764609 -0.891997 -0.556344
vn  -0.884876 -0.790977 -0.530241
vn  -0.991893 -0.685005 -0.486541
vn  -1.084602 -0.575019 -0.427548
vn  -1.162061 -0.461490 -0.355591
vn  -1.195294 -0.413217 -0.300549
vn  1.198938 -0.279879 -0.417158
vn  1.167836 -0.341092 -0.457844
vn  1.091817 -0.432369 -0.557492
vn  1.000530 -0.523601 -0.643884
vn  0.894919 -0.614966 -0.714662
vn  0.776029 -0.706245 -0.767334
vn  0.645363 -0.796110 -0.799700
vn  0.505744 -0.881032 -0.811056
vn  0.361763 -0.954639 -0.804734
vn  0.218184 -1.009373 -0.789536
vn  0.077256 -1.039166 -0.777155
vn  -0.062273 -1.040753 -0.776376
vn  -0.203290 -1.014005 -0.787573
vn  -0.347216 -0.961916 -0.802474
vn  -0.491941 -0.890317 -0.809404
vn  -0.632650 -0.806708 -0.799238
vn  -0.764609 -0.717611 -0.768252
vn  -0.884876 -0.626788 -0.716893
vn  -0.991893 -0.535738 -0.647255
vn  -1.084602 -0.444768 -0.561805
vn  -1.162061 -0.353732 -0.462917
vn  -1.195294 -0.321349 -0.397256
vn  1.198938 -0.162374 -0.475382
vn  1.167836 -0.210971 -0.530524
vn  1.091817 -0.273347 -0.650401
vn  1.000530 -0.339111 -0.757463
vn  0.894919 -0.409043 -0.849475
vn  0.776029 -0.483579 -0.923978
vn  0.645363 -0.562005 -0.978500
vn  0.505744 -0.641095 -1.011447
vn  0.361763 -0.713830 -1.024392
vn  0.218184 -0.770633 -1.023878
vn  0.077256 -0.802615 -1.019630
vn  -0.062273 -0.804350 -1.019288
vn  -0.203291 -0.775615 -1.023181
vn  -0.347216 -0.721443 -1.024093
vn  -0.491941 -0.650491 -1.012255
vn  -0.632650 -0.572362 -0.980795
vn  -0.764609 -0.494321 -0.927806
vn  -0.884876 -0.419886 -0.854690
vn  -0.991893 -0.349961 -0.763859
vn  -1.084602 -0.284207 -0.657776
vn  -1.162062 -0.221866 -0.538696
vn  -1.195294 -0.207582 -0.466892
# 528 vertex normals

g Arc04
usemtl drevo_skrin
s 1
f 499/649/499 522/672/522 500/650/500
f 499/649/499 521/671/521 522/672/522
s 3
f 500/650/500 523/673/523 501/651/501
f 500/650/500 522/672/522 523/673/523
s 2
f 501/651/501 524/674/524 502/652/502
f 501/651/501 523/673/523 524/674/524
f 502/652/502 525/675/525 503/653/503
f 502/652/502 524/674/524 525/675/525
f 503/653/503 526/676/526 504/654/504
f 503/653/503 525/675/525 526/676/526
f 504/654/504 527/677/527 505/655/505
f 504/654/504 526/676/526 527/677/527
f 505/655/505 528/678/528 506/656/506
f 505/655/505 527/677/527 528/678/528
f 506/656/506 529/679/529 507/657/507
f 506/656/506 528/678/528 529/679/529
f 507/657/507 530/680/530 508/658/508
f 507/657/507 529/679/529 530/680/530
f 508/658/508 531/681/531 509/659/509
f 508/658/508 530/680/530 531/681/531
f 509/659/509 532/682/532 510/660/510
f 509/659/509 531/681/531 532/682/532
f 510/660/510 533/683/533 511/661/511
f 510/660/510 532/682/532 533/683/533
f 511/661/511 534/684/534 512/662/512
f 511/661/511 533/683/533 534/684/534
f 512/662/512 535/685/535 513/663/513
f 512/662/512 534/684/534 535/685/535
f 513/663/513 536/686/536 514/664/514
f 513/663/513 535/685/535 536/686/536
f 514/664/514 537/687/537 515/665/515
f 514/664/514 536/686/536 537/687/537
f 515/665/515 538/688/538 516/666/516
f 515/665/515 537/687/537 538/688/538
f 516/666/516 539/689/539 517/667/517
f 516/666/516 538/688/538 539/689/539
f 517/667/517 540/690/540 518/668/518
f 517/667/517 539/689/539 540/690/540
f 518/668/518 541/691/541 519/669/519
f 518/668/518 540/690/540 541/691/541
f 519/669/519 542/692/542 520/670/520
f 519/669/519 541/691/541 542/692/542
s 1
f 521/671/521 544/694/544 522/672/522
f 521/671/521 543/693/543 544/694/544
s 3
f 522/672/522 545/695/545 523/673/523
f 522/672/522 544/694/544 545/695/545
s 2
f 523/673/523 546/696/546 524/674/524
f 523/673/523 545/695/545 546/696/546
f 524/674/524 547/697/547 525/675/525
f 524/674/524 546/696/546 547/697/547
f 525/675/525 548/698/548 526/676/526
f 525/675/525 547/697/547 548/698/548
f 526/676/526 549/699/549 527/677/527
f 526/676/526 548/698/548 549/699/549
f 527/677/527 550/700/550 528/678/528
f 527/677/527 549/699/549 550/700/550
f 528/678/528 551/701/551 529/679/529
f 528/678/528 550/700/550 551/701/551
f 529/679/529 552/702/552 530/680/530
f 529/679/529 551/701/551 552/702/552
f 530/680/530 553/703/553 531/681/531
f 530/680/530 552/702/552 553/703/553
f 531/681/531 554/704/554 532/682/532
f 531/681/531 553/703/553 554/704/554
f 532/682/532 555/705/555 533/683/533
f 532/682/532 554/704/554 555/705/555
f 533/683/533 556/706/556 534/684/534
f 533/683/533 555/705/555 556/706/556
f 534/684/534 557/707/557 535/685/535
f 534/684/534 556/706/556 557/707/557
f 535/685/535 558/708/558 536/686/536
f 535/685/535 557/707/557 558/708/558
f 536/686/536 559/709/559 537/687/537
f 536/686/536 558/708/558 559/709/559
f 537/687/537 560/710/560 538/688/538
f 537/687/537 559/709/559 560/710/560
f 538/688/538 561/711/561 539/689/539
f 538/688/538 560/710/560 561/711/561
f 539/689/539 562/712/562 540/690/540
f 539/689/539 561/711/561 562/712/562
f 540/690/540 563/713/563 541/691/541
f 540/690/540 562/712/562 563/713/563
f 541/691/541 564/714/564 542/692/542
f 541/691/541 563/713/563 564/714/564
s 1
f 543/693/543 566/716/566 544/694/544
f 543/693/543 565/715/565 566/716/566
s 3
f 544/694/544 567/717/567 545/695/545
f 544/694/544 566/716/566 567/717/567
s 2
f 545/695/545 568/718/568 546/696/546
f 545/695/545 567/717/567 568/718/568
f 546/696/546 569/719/569 547/697/547
f 546/696/546 568/718/568 569/719/569
f 547/697/547 570/720/570 548/698/548
f 547/697/547 569/719/569 570/720/570
f 548/698/548 571/721/571 549/699/549
f 548/698/548 570/720/570 571/721/571
f 549/699/549 572/722/572 550/700/550
f 549/699/549 571/721/571 572/722/572
f 550/700/550 573/723/573 551/701/551
f 550/700/550 572/722/572 573/723/573
f 551/701/551 574/724/574 552/702/552
f 551/701/551 573/723/573 574/724/574
f 552/702/552 575/725/575 553/703/553
f 552/702/552 574/724/574 575/725/575
f 553/703/553 576/726/576 554/704/554
f 553/703/553 575/725/575 576/726/576
f 554/704/554 577/727/577 555/705/555
f 554/704/554 576/726/576 577/727/577
f 555/705/555 578/728/578 556/706/556
f 555/705/555 577/727/577 578/728/578
f 556/706/556 579/729/579 557/707/557
f 556/706/556 578/728/578 579/729/579
f 557/707/557 580/730/580 558/708/558
f 557/707/557 579/729/579 580/730/580
f 558/708/558 581/731/581 559/709/559
f 558/708/558 580/730/580 581/731/581
f 559/709/559 582/732/582 560/710/560
f 559/709/559 581/731/581 582/732/582
f 560/710/560 583/733/583 561/711/561
f 560/710/560 582/732/582 583/733/583
f 561/711/561 584/734/584 562/712/562
f 561/711/561 583/733/583 584/734/584
f 562/712/562 585/735/585 563/713/563
f 562/712/562 584/734/584 585/735/585
f 563/713/563 586/736/586 564/714/564
f 563/713/563 585/735/585 586/736/586
s 1
f 565/715/565 588/738/588 566/716/566
f 565/715/565 587/737/587 588/738/588
s 3
f 566/716/566 589/739/589 567/717/567
f 566/716/566 588/738/588 589/739/589
s 2
f 567/717/567 590/740/590 568/718/568
f 567/717/567 589/739/589 590/740/590
f 568/718/568 591/741/591 569/719/569
f 568/718/568 590/740/590 591/741/591
f 569/719/569 592/742/592 570/720/570
f 569/719/569 591/741/591 592/742/592
f 570/720/570 593/743/593 571/721/571
f 570/720/570 592/742/592 593/743/593
f 571/721/571 594/744/594 572/722/572
f 571/721/571 593/743/593 594/744/594
f 572/722/572 595/745/595 573/723/573
f 572/722/572 594/744/594 595/745/595
f 573/723/573 596/746/596 574/724/574
f 573/723/573 595/745/595 596/746/596
f 574/724/574 597/747/597 575/725/575
f 574/724/574 596/746/596 597/747/597
f 575/725/575 598/748/598 576/726/576
f 575/725/575 597/747/597 598/748/598
f 576/726/576 599/749/599 577/727/577
f 576/726/576 598/748/598 599/749/599
f 577/727/577 600/750/600 578/728/578
f 577/727/577 599/749/599 600/750/600
f 578/728/578 601/751/601 579/729/579
f 578/728/578 600/750/600 601/751/601
f 579/729/579 602/752/602 580/730/580
f 579/729/579 601/751/601 602/752/602
f 580/730/580 603/753/603 581/731/581
f 580/730/580 602/752/602 603/753/603
f 581/731/581 604/754/604 582/732/582
f 581/731/581 603/753/603 604/754/604
f 582/732/582 605/755/605 583/733/583
f 582/732/582 604/754/604 605/755/605
f 583/733/583 606/756/606 584/734/584
f 583/733/583 605/755/605 606/756/606
f 584/734/584 607/757/607 585/735/585
f 584/734/584 606/756/606 607/757/607
f 585/735/585 608/758/608 586/736/586
f 585/735/585 607/757/607 608/758/608
s 1
f 587/737/587 610/760/610 588/738/588
f 587/737/587 609/759/609 610/760/610
s 3
f 588/738/588 611/761/611 589/739/589
f 588/738/588 610/760/610 611/761/611
s 2
f 589/739/589 612/762/612 590/740/590
f 589/739/589 611/761/611 612/762/612
f 590/740/590 613/763/613 591/741/591
f 590/740/590 612/762/612 613/763/613
f 591/741/591 614/764/614 592/742/592
f 591/741/591 613/763/613 614/764/614
f 592/742/592 615/765/615 593/743/593
f 592/742/592 614/764/614 615/765/615
f 593/743/593 616/766/616 594/744/594
f 593/743/593 615/765/615 616/766/616
f 594/744/594 617/767/617 595/745/595
f 594/744/594 616/766/616 617/767/617
f 595/745/595 618/768/618 596/746/596
f 595/745/595 617/767/617 618/768/618
f 596/746/596 619/769/619 597/747/597
f 596/746/596 618/768/618 619/769/619
f 597/747/597 620/770/620 598/748/598
f 597/747/597 619/769/619 620/770/620
f 598/748/598 621/771/621 599/749/599
f 598/748/598 620/770/620 621/771/621
f 599/749/599 622/772/622 600/750/600
f 599/749/599 621/771/621 622/772/622
f 600/750/600 623/773/623 601/751/601
f 600/750/600 622/772/622 623/773/623
f 601/751/601 624/774/624 602/752/602
f 601/751/601 623/773/623 624/774/624
f 602/752/602 625/775/625 603/753/603
f 602/752/602 624/774/624 625/775/625
f 603/753/603 626/776/626 604/754/604
f 603/753/603 625/775/625 626/776/626
f 604/754/604 627/777/627 605/755/605
f 604/754/604 626/776/626 627/777/627
f 605/755/605 628/778/628 606/756/606
f 605/755/605 627/777/627 628/778/628
f 606/756/606 629/779/629 607/757/607
f 606/756/606 628/778/628 629/779/629
f 607/757/607 630/780/630 608/758/608
f 607/757/607 629/779/629 630/780/630
s 1
f 609/759/609 632/782/632 610/760/610
f 609/759/609 631/781/631 632/782/632
s 3
f 610/760/610 633/783/633 611/761/611
f 610/760/610 632/782/632 633/783/633
s 2
f 611/761/611 634/784/634 612/762/612
f 611/761/611 633/783/633 634/784/634
f 612/762/612 635/785/635 613/763/613
f 612/762/612 634/784/634 635/785/635
f 613/763/613 636/786/636 614/764/614
f 613/763/613 635/785/635 636/786/636
f 614/764/614 637/787/637 615/765/615
f 614/764/614 636/786/636 637/787/637
f 615/765/615 638/788/638 616/766/616
f 615/765/615 637/787/637 638/788/638
f 616/766/616 639/789/639 617/767/617
f 616/766/616 638/788/638 639/789/639
f 617/767/617 640/790/640 618/768/618
f 617/767/617 639/789/639 640/790/640
f 618/768/618 641/791/641 619/769/619
f 618/768/618 640/790/640 641/791/641
f 619/769/619 642/792/642 620/770/620
f 619/769/619 641/791/641 642/792/642
f 620/770/620 643/793/643 621/771/621
f 620/770/620 642/792/642 643/793/643
f 621/771/621 644/794/644 622/772/622
f 621/771/621 643/793/643 644/794/644
f 622/772/622 645/795/645 623/773/623
f 622/772/622 644/794/644 645/795/645
f 623/773/623 646/796/646 624/774/624
f 623/773/623 645/795/645 646/796/646
f 624/774/624 647/797/647 625/775/625
f 624/774/624 646/796/646 647/797/647
f 625/775/625 648/798/648 626/776/626
f 625/775/625 647/797/647 648/798/648
f 626/776/626 649/799/649 627/777/627
f 626/776/626 648/798/648 649/799/649
f 627/777/627 650/800/650 628/778/628
f 627/777/627 649/799/649 650/800/650
f 628/778/628 651/801/651 629/779/629
f 628/778/628 650/800/650 651/801/651
f 629/779/629 652/802/652 630/780/630
f 629/779/629 651/801/651 652/802/652
s 1
f 631/781/631 654/804/654 632/782/632
f 631/781/631 653/803/653 654/804/654
s 3
f 632/782/632 655/805/655 633/783/633
f 632/782/632 654/804/654 655/805/655
s 2
f 633/783/633 656/806/656 634/784/634
f 633/783/633 655/805/655 656/806/656
f 634/784/634 657/807/657 635/785/635
f 634/784/634 656/806/656 657/807/657
f 635/785/635 658/808/658 636/786/636
f 635/785/635 657/807/657 658/808/658
f 636/786/636 659/809/659 637/787/637
f 636/786/636 658/808/658 659/809/659
f 637/787/637 660/810/660 638/788/638
f 637/787/637 659/809/659 660/810/660
f 638/788/638 661/811/661 639/789/639
f 638/788/638 660/810/660 661/811/661
f 639/789/639 662/812/662 640/790/640
f 639/789/639 661/811/661 662/812/662
f 640/790/640 663/813/663 641/791/641
f 640/790/640 662/812/662 663/813/663
f 641/791/641 664/814/664 642/792/642
f 641/791/641 663/813/663 664/814/664
f 642/792/642 665/815/665 643/793/643
f 642/792/642 664/814/664 665/815/665
f 643/793/643 666/816/666 644/794/644
f 643/793/643 665/815/665 666/816/666
f 644/794/644 667/817/667 645/795/645
f 644/794/644 666/816/666 667/817/667
f 645/795/645 668/818/668 646/796/646
f 645/795/645 667/817/667 668/818/668
f 646/796/646 669/819/669 647/797/647
f 646/796/646 668/818/668 669/819/669
f 647/797/647 670/820/670 648/798/648
f 647/797/647 669/819/669 670/820/670
f 648/798/648 671/821/671 649/799/649
f 648/798/648 670/820/670 671/821/671
f 649/799/649 672/822/672 650/800/650
f 649/799/649 671/821/671 672/822/672
f 650/800/650 673/823/673 651/801/651
f 650/800/650 672/822/672 673/823/673
f 651/801/651 674/824/674 652/802/652
f 651/801/651 673/823/673 674/824/674
s 1
f 653/803/653 676/826/676 654/804/654
f 653/803/653 675/825/675 676/826/676
s 3
f 654/804/654 677/827/677 655/805/655
f 654/804/654 676/826/676 677/827/677
s 2
f 655/805/655 678/828/678 656/806/656
f 655/805/655 677/827/677 678/828/678
f 656/806/656 679/829/679 657/807/657
f 656/806/656 678/828/678 679/829/679
f 657/807/657 680/830/680 658/808/658
f 657/807/657 679/829/679 680/830/680
f 658/808/658 681/831/681 659/809/659
f 658/808/658 680/830/680 681/831/681
f 659/809/659 682/832/682 660/810/660
f 659/809/659 681/831/681 682/832/682
f 660/810/660 683/833/683 661/811/661
f 660/810/660 682/832/682 683/833/683
f 661/811/661 684/834/684 662/812/662
f 661/811/661 683/833/683 684/834/684
f 662/812/662 685/835/685 663/813/663
f 662/812/662 684/834/684 685/835/685
f 663/813/663 686/836/686 664/814/664
f 663/813/663 685/835/685 686/836/686
f 664/814/664 687/837/687 665/815/665
f 664/814/664 686/836/686 687/837/687
f 665/815/665 688/838/688 666/816/666
f 665/815/665 687/837/687 688/838/688
f 666/816/666 689/839/689 667/817/667
f 666/816/666 688/838/688 689/839/689
f 667/817/667 690/840/690 668/818/668
f 667/817/667 689/839/689 690/840/690
f 668/818/668 691/841/691 669/819/669
f 668/818/668 690/840/690 691/841/691
f 669/819/669 692/842/692 670/820/670
f 669/819/669 691/841/691 692/842/692
f 670/820/670 693/843/693 671/821/671
f 670/820/670 692/842/692 693/843/693
f 671/821/671 694/844/694 672/822/672
f 671/821/671 693/843/693 694/844/694
f 672/822/672 695/845/695 673/823/673
f 672/822/672 694/844/694 695/845/695
f 673/823/673 696/846/696 674/824/674
f 673/823/673 695/845/695 696/846/696
s 1
f 675/825/675 698/848/698 676/826/676
f 675/825/675 697/847/697 698/848/698
s 3
f 676/826/676 699/849/699 677/827/677
f 676/826/676 698/848/698 699/849/699
s 2
f 677/827/677 700/850/700 678/828/678
f 677/827/677 699/849/699 700/850/700
f 678/828/678 701/851/701 679/829/679
f 678/828/678 700/850/700 701/851/701
f 679/829/679 702/852/702 680/830/680
f 679/829/679 701/851/701 702/852/702
f 680/830/680 703/853/703 681/831/681
f 680/830/680 702/852/702 703/853/703
f 681/831/681 704/854/704 682/832/682
f 681/831/681 703/853/703 704/854/704
f 682/832/682 705/855/705 683/833/683
f 682/832/682 704/854/704 705/855/705
f 683/833/683 706/856/706 684/834/684
f 683/833/683 705/855/705 706/856/706
f 684/834/684 707/857/707 685/835/685
f 684/834/684 706/856/706 707/857/707
f 685/835/685 708/858/708 686/836/686
f 685/835/685 707/857/707 708/858/708
f 686/836/686 709/859/709 687/837/687
f 686/836/686 708/858/708 709/859/709
f 687/837/687 710/860/710 688/838/688
f 687/837/687 709/859/709 710/860/710
f 688/838/688 711/861/711 689/839/689
f 688/838/688 710/860/710 711/861/711
f 689/839/689 712/862/712 690/840/690
f 689/839/689 711/861/711 712/862/712
f 690/840/690 713/863/713 691/841/691
f 690/840/690 712/862/712 713/863/713
f 691/841/691 714/864/714 692/842/692
f 691/841/691 713/863/713 714/864/714
f 692/842/692 715/865/715 693/843/693
f 692/842/692 714/864/714 715/865/715
f 693/843/693 716/866/716 694/844/694
f 693/843/693 715/865/715 716/866/716
f 694/844/694 717/867/717 695/845/695
f 694/844/694 716/866/716 717/867/717
f 695/845/695 718/868/718 696/846/696
f 695/845/695 717/867/717 718/868/718
s 1
f 697/847/697 720/870/720 698/848/698
f 697/847/697 719/869/719 720/870/720
s 3
f 698/848/698 721/871/721 699/849/699
f 698/848/698 720/870/720 721/871/721
s 2
f 699/849/699 722/872/722 700/850/700
f 699/849/699 721/871/721 722/872/722
f 700/850/700 723/873/723 701/851/701
f 700/850/700 722/872/722 723/873/723
f 701/851/701 724/874/724 702/852/702
f 701/851/701 723/873/723 724/874/724
f 702/852/702 725/875/725 703/853/703
f 702/852/702 724/874/724 725/875/725
f 703/853/703 726/876/726 704/854/704
f 703/853/703 725/875/725 726/876/726
f 704/854/704 727/877/727 705/855/705
f 704/854/704 726/876/726 727/877/727
f 705/855/705 728/878/728 706/856/706
f 705/855/705 727/877/727 728/878/728
f 706/856/706 729/879/729 707/857/707
f 706/856/706 728/878/728 729/879/729
f 707/857/707 730/880/730 708/858/708
f 707/857/707 729/879/729 730/880/730
f 708/858/708 731/881/731 709/859/709
f 708/858/708 730/880/730 731/881/731
f 709/859/709 732/882/732 710/860/710
f 709/859/709 731/881/731 732/882/732
f 710/860/710 733/883/733 711/861/711
f 710/860/710 732/882/732 733/883/733
f 711/861/711 734/884/734 712/862/712
f 711/861/711 733/883/733 734/884/734
f 712/862/712 735/885/735 713/863/713
f 712/862/712 734/884/734 735/885/735
f 713/863/713 736/886/736 714/864/714
f 713/863/713 735/885/735 736/886/736
f 714/864/714 737/887/737 715/865/715
f 714/864/714 736/886/736 737/887/737
f 715/865/715 738/888/738 716/866/716
f 715/865/715 737/887/737 738/888/738
f 716/866/716 739/889/739 717/867/717
f 716/866/716 738/888/738 739/889/739
f 717/867/717 740/890/740 718/868/718
f 717/867/717 739/889/739 740/890/740
s 1
f 719/869/719 742/892/742 720/870/720
f 719/869/719 741/891/741 742/892/742
s 3
f 720/870/720 743/893/743 721/871/721
f 720/870/720 742/892/742 743/893/743
s 2
f 721/871/721 744/894/744 722/872/722
f 721/871/721 743/893/743 744/894/744
f 722/872/722 745/895/745 723/873/723
f 722/872/722 744/894/744 745/895/745
f 723/873/723 746/896/746 724/874/724
f 723/873/723 745/895/745 746/896/746
f 724/874/724 747/897/747 725/875/725
f 724/874/724 746/896/746 747/897/747
f 725/875/725 748/898/748 726/876/726
f 725/875/725 747/897/747 748/898/748
f 726/876/726 749/899/749 727/877/727
f 726/876/726 748/898/748 749/899/749
f 727/877/727 750/900/750 728/878/728
f 727/877/727 749/899/749 750/900/750
f 728/878/728 751/901/751 729/879/729
f 728/878/728 750/900/750 751/901/751
f 729/879/729 752/902/752 730/880/730
f 729/879/729 751/901/751 752/902/752
f 730/880/730 753/903/753 731/881/731
f 730/880/730 752/902/752 753/903/753
f 731/881/731 754/904/754 732/882/732
f 731/881/731 753/903/753 754/904/754
f 732/882/732 755/905/755 733/883/733
f 732/882/732 754/904/754 755/905/755
f 733/883/733 756/906/756 734/884/734
f 733/883/733 755/905/755 756/906/756
f 734/884/734 757/907/757 735/885/735
f 734/884/734 756/906/756 757/907/757
f 735/885/735 758/908/758 736/886/736
f 735/885/735 757/907/757 758/908/758
f 736/886/736 759/909/759 737/887/737
f 736/886/736 758/908/758 759/909/759
f 737/887/737 760/910/760 738/888/738
f 737/887/737 759/909/759 760/910/760
f 738/888/738 761/911/761 739/889/739
f 738/888/738 760/910/760 761/911/761
f 739/889/739 762/912/762 740/890/740
f 739/889/739 761/911/761 762/912/762
s 1
f 741/891/741 764/914/764 742/892/742
f 741/891/741 763/913/763 764/914/764
s 3
f 742/892/742 765/915/765 743/893/743
f 742/892/742 764/914/764 765/915/765
s 2
f 743/893/743 766/916/766 744/894/744
f 743/893/743 765/915/765 766/916/766
f 744/894/744 767/917/767 745/895/745
f 744/894/744 766/916/766 767/917/767
f 745/895/745 768/918/768 746/896/746
f 745/895/745 767/917/767 768/918/768
f 746/896/746 769/919/769 747/897/747
f 746/896/746 768/918/768 769/919/769
f 747/897/747 770/920/770 748/898/748
f 747/897/747 769/919/769 770/920/770
f 748/898/748 771/921/771 749/899/749
f 748/898/748 770/920/770 771/921/771
f 749/899/749 772/922/772 750/900/750
f 749/899/749 771/921/771 772/922/772
f 750/900/750 773/923/773 751/901/751
f 750/900/750 772/922/772 773/923/773
f 751/901/751 774/924/774 752/902/752
f 751/901/751 773/923/773 774/924/774
f 752/902/752 775/925/775 753/903/753
f 752/902/752 774/924/774 775/925/775
f 753/903/753 776/926/776 754/904/754
f 753/903/753 775/925/775 776/926/776
f 754/904/754 777/927/777 755/905/755
f 754/904/754 776/926/776 777/927/777
f 755/905/755 778/928/778 756/906/756
f 755/905/755 777/927/777 778/928/778
f 756/906/756 779/929/779 757/907/757
f 756/906/756 778/928/778 779/929/779
f 757/907/757 780/930/780 758/908/758
f 757/907/757 779/929/779 780/930/780
f 758/908/758 781/931/781 759/909/759
f 758/908/758 780/930/780 781/931/781
f 759/909/759 782/932/782 760/910/760
f 759/909/759 781/931/781 782/932/782
f 760/910/760 783/933/783 761/911/761
f 760/910/760 782/932/782 783/933/783
f 761/911/761 784/934/784 762/912/762
f 761/911/761 783/933/783 784/934/784
s 1
f 763/913/763 786/936/786 764/914/764
f 763/913/763 785/935/785 786/936/786
s 3
f 764/914/764 787/937/787 765/915/765
f 764/914/764 786/936/786 787/937/787
s 2
f 765/915/765 788/938/788 766/916/766
f 765/915/765 787/937/787 788/938/788
f 766/916/766 789/939/789 767/917/767
f 766/916/766 788/938/788 789/939/789
f 767/917/767 790/940/790 768/918/768
f 767/917/767 789/939/789 790/940/790
f 768/918/768 791/941/791 769/919/769
f 768/918/768 790/940/790 791/941/791
f 769/919/769 792/942/792 770/920/770
f 769/919/769 791/941/791 792/942/792
f 770/920/770 793/943/793 771/921/771
f 770/920/770 792/942/792 793/943/793
f 771/921/771 794/944/794 772/922/772
f 771/921/771 793/943/793 794/944/794
f 772/922/772 795/945/795 773/923/773
f 772/922/772 794/944/794 795/945/795
f 773/923/773 796/946/796 774/924/774
f 773/923/773 795/945/795 796/946/796
f 774/924/774 797/947/797 775/925/775
f 774/924/774 796/946/796 797/947/797
f 775/925/775 798/948/798 776/926/776
f 775/925/775 797/947/797 798/948/798
f 776/926/776 799/949/799 777/927/777
f 776/926/776 798/948/798 799/949/799
f 777/927/777 800/950/800 778/928/778
f 777/927/777 799/949/799 800/950/800
f 778/928/778 801/951/801 779/929/779
f 778/928/778 800/950/800 801/951/801
f 779/929/779 802/952/802 780/930/780
f 779/929/779 801/951/801 802/952/802
f 780/930/780 803/953/803 781/931/781
f 780/930/780 802/952/802 803/953/803
f 781/931/781 804/954/804 782/932/782
f 781/931/781 803/953/803 804/954/804
f 782/932/782 805/955/805 783/933/783
f 782/932/782 804/954/804 805/955/805
f 783/933/783 806/956/806 784/934/784
f 783/933/783 805/955/805 806/956/806
s 1
f 785/935/785 808/958/808 786/936/786
f 785/935/785 807/957/807 808/958/808
s 3
f 786/936/786 809/959/809 787/937/787
f 786/936/786 808/958/808 809/959/809
s 2
f 787/937/787 810/960/810 788/938/788
f 787/937/787 809/959/809 810/960/810
f 788/938/788 811/961/811 789/939/789
f 788/938/788 810/960/810 811/961/811
f 789/939/789 812/962/812 790/940/790
f 789/939/789 811/961/811 812/962/812
f 790/940/790 813/963/813 791/941/791
f 790/940/790 812/962/812 813/963/813
f 791/941/791 814/964/814 792/942/792
f 791/941/791 813/963/813 814/964/814
f 792/942/792 815/965/815 793/943/793
f 792/942/792 814/964/814 815/965/815
f 793/943/793 816/966/816 794/944/794
f 793/943/793 815/965/815 816/966/816
f 794/944/794 817/967/817 795/945/795
f 794/944/794 816/966/816 817/967/817
f 795/945/795 818/968/818 796/946/796
f 795/945/795 817/967/817 818/968/818
f 796/946/796 819/969/819 797/947/797
f 796/946/796 818/968/818 819/969/819
f 797/947/797 820/970/820 798/948/798
f 797/947/797 819/969/819 820/970/820
f 798/948/798 821/971/821 799/949/799
f 798/948/798 820/970/820 821/971/821
f 799/949/799 822/972/822 800/950/800
f 799/949/799 821/971/821 822/972/822
f 800/950/800 823/973/823 801/951/801
f 800/950/800 822/972/822 823/973/823
f 801/951/801 824/974/824 802/952/802
f 801/951/801 823/973/823 824/974/824
f 802/952/802 825/975/825 803/953/803
f 802/952/802 824/974/824 825/975/825
f 803/953/803 826/976/826 804/954/804
f 803/953/803 825/975/825 826/976/826
f 804/954/804 827/977/827 805/955/805
f 804/954/804 826/976/826 827/977/827
f 805/955/805 828/978/828 806/956/806
f 805/955/805 827/977/827 828/978/828
s 1
f 807/957/807 830/980/830 808/958/808
f 807/957/807 829/979/829 830/980/830
s 3
f 808/958/808 831/981/831 809/959/809
f 808/958/808 830/980/830 831/981/831
s 2
f 809/959/809 832/982/832 810/960/810
f 809/959/809 831/981/831 832/982/832
f 810/960/810 833/983/833 811/961/811
f 810/960/810 832/982/832 833/983/833
f 811/961/811 834/984/834 812/962/812
f 811/961/811 833/983/833 834/984/834
f 812/962/812 835/985/835 813/963/813
f 812/962/812 834/984/834 835/985/835
f 813/963/813 836/986/836 814/964/814
f 813/963/813 835/985/835 836/986/836
f 814/964/814 837/987/837 815/965/815
f 814/964/814 836/986/836 837/987/837
f 815/965/815 838/988/838 816/966/816
f 815/965/815 837/987/837 838/988/838
f 816/966/816 839/989/839 817/967/817
f 816/966/816 838/988/838 839/989/839
f 817/967/817 840/990/840 818/968/818
f 817/967/817 839/989/839 840/990/840
f 818/968/818 841/991/841 819/969/819
f 818/968/818 840/990/840 841/991/841
f 819/969/819 842/992/842 820/970/820
f 819/969/819 841/991/841 842/992/842
f 820/970/820 843/993/843 821/971/821
f 820/970/820 842/992/842 843/993/843
f 821/971/821 844/994/844 822/972/822
f 821/971/821 843/993/843 844/994/844
f 822/972/822 845/995/845 823/973/823
f 822/972/822 844/994/844 845/995/845
f 823/973/823 846/996/846 824/974/824
f 823/973/823 845/995/845 846/996/846
f 824/974/824 847/997/847 825/975/825
f 824/974/824 846/996/846 847/997/847
f 825/975/825 848/998/848 826/976/826
f 825/975/825 847/997/847 848/998/848
f 826/976/826 849/999/849 827/977/827
f 826/976/826 848/998/848 849/999/849
f 827/977/827 850/1000/850 828/978/828
f 827/977/827 849/999/849 850/1000/850
s 1
f 829/979/829 852/1002/852 830/980/830
f 829/979/829 851/1001/851 852/1002/852
s 3
f 830/980/830 853/1003/853 831/981/831
f 830/980/830 852/1002/852 853/1003/853
s 2
f 831/981/831 854/1004/854 832/982/832
f 831/981/831 853/1003/853 854/1004/854
f 832/982/832 855/1005/855 833/983/833
f 832/982/832 854/1004/854 855/1005/855
f 833/983/833 856/1006/856 834/984/834
f 833/983/833 855/1005/855 856/1006/856
f 834/984/834 857/1007/857 835/985/835
f 834/984/834 856/1006/856 857/1007/857
f 835/985/835 858/1008/858 836/986/836
f 835/985/835 857/1007/857 858/1008/858
f 836/986/836 859/1009/859 837/987/837
f 836/986/836 858/1008/858 859/1009/859
f 837/987/837 860/1010/860 838/988/838
f 837/987/837 859/1009/859 860/1010/860
f 838/988/838 861/1011/861 839/989/839
f 838/988/838 860/1010/860 861/1011/861
f 839/989/839 862/1012/862 840/990/840
f 839/989/839 861/1011/861 862/1012/862
f 840/990/840 863/1013/863 841/991/841
f 840/990/840 862/1012/862 863/1013/863
f 841/991/841 864/1014/864 842/992/842
f 841/991/841 863/1013/863 864/1014/864
f 842/992/842 865/1015/865 843/993/843
f 842/992/842 864/1014/864 865/1015/865
f 843/993/843 866/1016/866 844/994/844
f 843/993/843 865/1015/865 866/1016/866
f 844/994/844 867/1017/867 845/995/845
f 844/994/844 866/1016/866 867/1017/867
f 845/995/845 868/1018/868 846/996/846
f 845/995/845 867/1017/867 868/1018/868
f 846/996/846 869/1019/869 847/997/847
f 846/996/846 868/1018/868 869/1019/869
f 847/997/847 870/1020/870 848/998/848
f 847/997/847 869/1019/869 870/1020/870
f 848/998/848 871/1021/871 849/999/849
f 848/998/848 870/1020/870 871/1021/871
f 849/999/849 872/1022/872 850/1000/850
f 849/999/849 871/1021/871 872/1022/872
s 1
f 851/1001/851 874/1024/874 852/1002/852
f 851/1001/851 873/1023/873 874/1024/874
s 3
f 852/1002/852 875/1025/875 853/1003/853
f 852/1002/852 874/1024/874 875/1025/875
s 2
f 853/1003/853 876/1026/876 854/1004/854
f 853/1003/853 875/1025/875 876/1026/876
f 854/1004/854 877/1027/877 855/1005/855
f 854/1004/854 876/1026/876 877/1027/877
f 855/1005/855 878/1028/878 856/1006/856
f 855/1005/855 877/1027/877 878/1028/878
f 856/1006/856 879/1029/879 857/1007/857
f 856/1006/856 878/1028/878 879/1029/879
f 857/1007/857 880/1030/880 858/1008/858
f 857/1007/857 879/1029/879 880/1030/880
f 858/1008/858 881/1031/881 859/1009/859
f 858/1008/858 880/1030/880 881/1031/881
f 859/1009/859 882/1032/882 860/1010/860
f 859/1009/859 881/1031/881 882/1032/882
f 860/1010/860 883/1033/883 861/1011/861
f 860/1010/860 882/1032/882 883/1033/883
f 861/1011/861 884/1034/884 862/1012/862
f 861/1011/861 883/1033/883 884/1034/884
f 862/1012/862 885/1035/885 863/1013/863
f 862/1012/862 884/1034/884 885/1035/885
f 863/1013/863 886/1036/886 864/1014/864
f 863/1013/863 885/1035/885 886/1036/886
f 864/1014/864 887/1037/887 865/1015/865
f 864/1014/864 886/1036/886 887/1037/887
f 865/1015/865 888/1038/888 866/1016/866
f 865/1015/865 887/1037/887 888/1038/888
f 866/1016/866 889/1039/889 867/1017/867
f 866/1016/866 888/1038/888 889/1039/889
f 867/1017/867 890/1040/890 868/1018/868
f 867/1017/867 889/1039/889 890/1040/890
f 868/1018/868 891/1041/891 869/1019/869
f 868/1018/868 890/1040/890 891/1041/891
f 869/1019/869 892/1042/892 870/1020/870
f 869/1019/869 891/1041/891 892/1042/892
f 870/1020/870 893/1043/893 871/1021/871
f 870/1020/870 892/1042/892 893/1043/893
f 871/1021/871 894/1044/894 872/1022/872
f 871/1021/871 893/1043/893 894/1044/894
s 1
f 873/1023/873 896/1046/896 874/1024/874
f 873/1023/873 895/1045/895 896/1046/896
s 3
f 874/1024/874 897/1047/897 875/1025/875
f 874/1024/874 896/1046/896 897/1047/897
s 2
f 875/1025/875 898/1048/898 876/1026/876
f 875/1025/875 897/1047/897 898/1048/898
f 876/1026/876 899/1049/899 877/1027/877
f 876/1026/876 898/1048/898 899/1049/899
f 877/1027/877 900/1050/900 878/1028/878
f 877/1027/877 899/1049/899 900/1050/900
f 878/1028/878 901/1051/901 879/1029/879
f 878/1028/878 900/1050/900 901/1051/901
f 879/1029/879 902/1052/902 880/1030/880
f 879/1029/879 901/1051/901 902/1052/902
f 880/1030/880 903/1053/903 881/1031/881
f 880/1030/880 902/1052/902 903/1053/903
f 881/1031/881 904/1054/904 882/1032/882
f 881/1031/881 903/1053/903 904/1054/904
f 882/1032/882 905/1055/905 883/1033/883
f 882/1032/882 904/1054/904 905/1055/905
f 883/1033/883 906/1056/906 884/1034/884
f 883/1033/883 905/1055/905 906/1056/906
f 884/1034/884 907/1057/907 885/1035/885
f 884/1034/884 906/1056/906 907/1057/907
f 885/1035/885 908/1058/908 886/1036/886
f 885/1035/885 907/1057/907 908/1058/908
f 886/1036/886 909/1059/909 887/1037/887
f 886/1036/886 908/1058/908 909/1059/909
f 887/1037/887 910/1060/910 888/1038/888
f 887/1037/887 909/1059/909 910/1060/910
f 888/1038/888 911/1061/911 889/1039/889
f 888/1038/888 910/1060/910 911/1061/911
f 889/1039/889 912/1062/912 890/1040/890
f 889/1039/889 911/1061/911 912/1062/912
f 890/1040/890 913/1063/913 891/1041/891
f 890/1040/890 912/1062/912 913/1063/913
f 891/1041/891 914/1064/914 892/1042/892
f 891/1041/891 913/1063/913 914/1064/914
f 892/1042/892 915/1065/915 893/1043/893
f 892/1042/892 914/1064/914 915/1065/915
f 893/1043/893 916/1066/916 894/1044/894
f 893/1043/893 915/1065/915 916/1066/916
s 1
f 895/1045/895 918/1068/918 896/1046/896
f 895/1045/895 917/1067/917 918/1068/918
s 3
f 896/1046/896 919/1069/919 897/1047/897
f 896/1046/896 918/1068/918 919/1069/919
s 2
f 897/1047/897 920/1070/920 898/1048/898
f 897/1047/897 919/1069/919 920/1070/920
f 898/1048/898 921/1071/921 899/1049/899
f 898/1048/898 920/1070/920 921/1071/921
f 899/1049/899 922/1072/922 900/1050/900
f 899/1049/899 921/1071/921 922/1072/922
f 900/1050/900 923/1073/923 901/1051/901
f 900/1050/900 922/1072/922 923/1073/923
f 901/1051/901 924/1074/924 902/1052/902
f 901/1051/901 923/1073/923 924/1074/924
f 902/1052/902 925/1075/925 903/1053/903
f 902/1052/902 924/1074/924 925/1075/925
f 903/1053/903 926/1076/926 904/1054/904
f 903/1053/903 925/1075/925 926/1076/926
f 904/1054/904 927/1077/927 905/1055/905
f 904/1054/904 926/1076/926 927/1077/927
f 905/1055/905 928/1078/928 906/1056/906
f 905/1055/905 927/1077/927 928/1078/928
f 906/1056/906 929/1079/929 907/1057/907
f 906/1056/906 928/1078/928 929/1079/929
f 907/1057/907 930/1080/930 908/1058/908
f 907/1057/907 929/1079/929 930/1080/930
f 908/1058/908 931/1081/931 909/1059/909
f 908/1058/908 930/1080/930 931/1081/931
f 909/1059/909 932/1082/932 910/1060/910
f 909/1059/909 931/1081/931 932/1082/932
f 910/1060/910 933/1083/933 911/1061/911
f 910/1060/910 932/1082/932 933/1083/933
f 911/1061/911 934/1084/934 912/1062/912
f 911/1061/911 933/1083/933 934/1084/934
f 912/1062/912 935/1085/935 913/1063/913
f 912/1062/912 934/1084/934 935/1085/935
f 913/1063/913 936/1086/936 914/1064/914
f 913/1063/913 935/1085/935 936/1086/936
f 914/1064/914 937/1087/937 915/1065/915
f 914/1064/914 936/1086/936 937/1087/937
f 915/1065/915 938/1088/938 916/1066/916
f 915/1065/915 937/1087/937 938/1088/938
s 1
f 917/1067/917 940/1090/940 918/1068/918
f 917/1067/917 939/1089/939 940/1090/940
s 3
f 918/1068/918 941/1091/941 919/1069/919
f 918/1068/918 940/1090/940 941/1091/941
s 2
f 919/1069/919 942/1092/942 920/1070/920
f 919/1069/919 941/1091/941 942/1092/942
f 920/1070/920 943/1093/943 921/1071/921
f 920/1070/920 942/1092/942 943/1093/943
f 921/1071/921 944/1094/944 922/1072/922
f 921/1071/921 943/1093/943 944/1094/944
f 922/1072/922 945/1095/945 923/1073/923
f 922/1072/922 944/1094/944 945/1095/945
f 923/1073/923 946/1096/946 924/1074/924
f 923/1073/923 945/1095/945 946/1096/946
f 924/1074/924 947/1097/947 925/1075/925
f 924/1074/924 946/1096/946 947/1097/947
f 925/1075/925 948/1098/948 926/1076/926
f 925/1075/925 947/1097/947 948/1098/948
f 926/1076/926 949/1099/949 927/1077/927
f 926/1076/926 948/1098/948 949/1099/949
f 927/1077/927 950/1100/950 928/1078/928
f 927/1077/927 949/1099/949 950/1100/950
f 928/1078/928 951/1101/951 929/1079/929
f 928/1078/928 950/1100/950 951/1101/951
f 929/1079/929 952/1102/952 930/1080/930
f 929/1079/929 951/1101/951 952/1102/952
f 930/1080/930 953/1103/953 931/1081/931
f 930/1080/930 952/1102/952 953/1103/953
f 931/1081/931 954/1104/954 932/1082/932
f 931/1081/931 953/1103/953 954/1104/954
f 932/1082/932 955/1105/955 933/1083/933
f 932/1082/932 954/1104/954 955/1105/955
f 933/1083/933 956/1106/956 934/1084/934
f 933/1083/933 955/1105/955 956/1106/956
f 934/1084/934 957/1107/957 935/1085/935
f 934/1084/934 956/1106/956 957/1107/957
f 935/1085/935 958/1108/958 936/1086/936
f 935/1085/935 957/1107/957 958/1108/958
f 936/1086/936 959/1109/959 937/1087/937
f 936/1086/936 958/1108/958 959/1109/959
f 937/1087/937 960/1110/960 938/1088/938
f 937/1087/937 959/1109/959 960/1110/960
s 1
f 939/1089/939 962/1112/962 940/1090/940
f 939/1089/939 961/1111/961 962/1112/962
s 3
f 940/1090/940 963/1113/963 941/1091/941
f 940/1090/940 962/1112/962 963/1113/963
s 2
f 941/1091/941 964/1114/964 942/1092/942
f 941/1091/941 963/1113/963 964/1114/964
f 942/1092/942 965/1115/965 943/1093/943
f 942/1092/942 964/1114/964 965/1115/965
f 943/1093/943 966/1116/966 944/1094/944
f 943/1093/943 965/1115/965 966/1116/966
f 944/1094/944 967/1117/967 945/1095/945
f 944/1094/944 966/1116/966 967/1117/967
f 945/1095/945 968/1118/968 946/1096/946
f 945/1095/945 967/1117/967 968/1118/968
f 946/1096/946 969/1119/969 947/1097/947
f 946/1096/946 968/1118/968 969/1119/969
f 947/1097/947 970/1120/970 948/1098/948
f 947/1097/947 969/1119/969 970/1120/970
f 948/1098/948 971/1121/971 949/1099/949
f 948/1098/948 970/1120/970 971/1121/971
f 949/1099/949 972/1122/972 950/1100/950
f 949/1099/949 971/1121/971 972/1122/972
f 950/1100/950 973/1123/973 951/1101/951
f 950/1100/950 972/1122/972 973/1123/973
f 951/1101/951 974/1124/974 952/1102/952
f 951/1101/951 973/1123/973 974/1124/974
f 952/1102/952 975/1125/975 953/1103/953
f 952/1102/952 974/1124/974 975/1125/975
f 953/1103/953 976/1126/976 954/1104/954
f 953/1103/953 975/1125/975 976/1126/976
f 954/1104/954 977/1127/977 955/1105/955
f 954/1104/954 976/1126/976 977/1127/977
f 955/1105/955 978/1128/978 956/1106/956
f 955/1105/955 977/1127/977 978/1128/978
f 956/1106/956 979/1129/979 957/1107/957
f 956/1106/956 978/1128/978 979/1129/979
f 957/1107/957 980/1130/980 958/1108/958
f 957/1107/957 979/1129/979 980/1130/980
f 958/1108/958 981/1131/981 959/1109/959
f 958/1108/958 980/1130/980 981/1131/981
f 959/1109/959 982/1132/982 960/1110/960
f 959/1109/959 981/1131/981 982/1132/982
s 1
f 961/1111/961 984/1134/984 962/1112/962
f 961/1111/961 983/1133/983 984/1134/984
s 3
f 962/1112/962 985/1135/985 963/1113/963
f 962/1112/962 984/1134/984 985/1135/985
s 2
f 963/1113/963 986/1136/986 964/1114/964
f 963/1113/963 985/1135/985 986/1136/986
f 964/1114/964 987/1137/987 965/1115/965
f 964/1114/964 986/1136/986 987/1137/987
f 965/1115/965 988/1138/988 966/1116/966
f 965/1115/965 987/1137/987 988/1138/988
f 966/1116/966 989/1139/989 967/1117/967
f 966/1116/966 988/1138/988 989/1139/989
f 967/1117/967 990/1140/990 968/1118/968
f 967/1117/967 989/1139/989 990/1140/990
f 968/1118/968 991/1141/991 969/1119/969
f 968/1118/968 990/1140/990 991/1141/991
f 969/1119/969 992/1142/992 970/1120/970
f 969/1119/969 991/1141/991 992/1142/992
f 970/1120/970 993/1143/993 971/1121/971
f 970/1120/970 992/1142/992 993/1143/993
f 971/1121/971 994/1144/994 972/1122/972
f 971/1121/971 993/1143/993 994/1144/994
f 972/1122/972 995/1145/995 973/1123/973
f 972/1122/972 994/1144/994 995/1145/995
f 973/1123/973 996/1146/996 974/1124/974
f 973/1123/973 995/1145/995 996/1146/996
f 974/1124/974 997/1147/997 975/1125/975
f 974/1124/974 996/1146/996 997/1147/997
f 975/1125/975 998/1148/998 976/1126/976
f 975/1125/975 997/1147/997 998/1148/998
f 976/1126/976 999/1149/999 977/1127/977
f 976/1126/976 998/1148/998 999/1149/999
f 977/1127/977 1000/1150/1000 978/1128/978
f 977/1127/977 999/1149/999 1000/1150/1000
f 978/1128/978 1001/1151/1001 979/1129/979
f 978/1128/978 1000/1150/1000 1001/1151/1001
f 979/1129/979 1002/1152/1002 980/1130/980
f 979/1129/979 1001/1151/1001 1002/1152/1002
f 980/1130/980 1003/1153/1003 981/1131/981
f 980/1130/980 1002/1152/1002 1003/1153/1003
f 981/1131/981 1004/1154/1004 982/1132/982
f 981/1131/981 1003/1153/1003 1004/1154/1004
s 1
f 983/1133/983 1006/1156/1006 984/1134/984
f 983/1133/983 1005/1155/1005 1006/1156/1006
s 3
f 984/1134/984 1007/1157/1007 985/1135/985
f 984/1134/984 1006/1156/1006 1007/1157/1007
s 2
f 985/1135/985 1008/1158/1008 986/1136/986
f 985/1135/985 1007/1157/1007 1008/1158/1008
f 986/1136/986 1009/1159/1009 987/1137/987
f 986/1136/986 1008/1158/1008 1009/1159/1009
f 987/1137/987 1010/1160/1010 988/1138/988
f 987/1137/987 1009/1159/1009 1010/1160/1010
f 988/1138/988 1011/1161/1011 989/1139/989
f 988/1138/988 1010/1160/1010 1011/1161/1011
f 989/1139/989 1012/1162/1012 990/1140/990
f 989/1139/989 1011/1161/1011 1012/1162/1012
f 990/1140/990 1013/1163/1013 991/1141/991
f 990/1140/990 1012/1162/1012 1013/1163/1013
f 991/1141/991 1014/1164/1014 992/1142/992
f 991/1141/991 1013/1163/1013 1014/1164/1014
f 992/1142/992 1015/1165/1015 993/1143/993
f 992/1142/992 1014/1164/1014 1015/1165/1015
f 993/1143/993 1016/1166/1016 994/1144/994
f 993/1143/993 1015/1165/1015 1016/1166/1016
f 994/1144/994 1017/1167/1017 995/1145/995
f 994/1144/994 1016/1166/1016 1017/1167/1017
f 995/1145/995 1018/1168/1018 996/1146/996
f 995/1145/995 1017/1167/1017 1018/1168/1018
f 996/1146/996 1019/1169/1019 997/1147/997
f 996/1146/996 1018/1168/1018 1019/1169/1019
f 997/1147/997 1020/1170/1020 998/1148/998
f 997/1147/997 1019/1169/1019 1020/1170/1020
f 998/1148/998 1021/1171/1021 999/1149/999
f 998/1148/998 1020/1170/1020 1021/1171/1021
f 999/1149/999 1022/1172/1022 1000/1150/1000
f 999/1149/999 1021/1171/1021 1022/1172/1022
f 1000/1150/1000 1023/1173/1023 1001/1151/1001
f 1000/1150/1000 1022/1172/1022 1023/1173/1023
f 1001/1151/1001 1024/1174/1024 1002/1152/1002
f 1001/1151/1001 1023/1173/1023 1024/1174/1024
f 1002/1152/1002 1025/1175/1025 1003/1153/1003
f 1002/1152/1002 1024/1174/1024 1025/1175/1025
f 1003/1153/1003 1026/1176/1026 1004/1154/1004
f 1003/1153/1003 1025/1175/1025 1026/1176/1026
s 1
f 1005/1155/1005 500/1178/500 1006/1156/1006
f 1005/1155/1005 499/1177/499 500/1178/500
s 3
f 1006/1156/1006 501/1179/501 1007/1157/1007
f 1006/1156/1006 500/1178/500 501/1179/501
s 2
f 1007/1157/1007 502/1180/502 1008/1158/1008
f 1007/1157/1007 501/1179/501 502/1180/502
f 1008/1158/1008 503/1181/503 1009/1159/1009
f 1008/1158/1008 502/1180/502 503/1181/503
f 1009/1159/1009 504/1182/504 1010/1160/1010
f 1009/1159/1009 503/1181/503 504/1182/504
f 1010/1160/1010 505/1183/505 1011/1161/1011
f 1010/1160/1010 504/1182/504 505/1183/505
f 1011/1161/1011 506/1184/506 1012/1162/1012
f 1011/1161/1011 505/1183/505 506/1184/506
f 1012/1162/1012 507/1185/507 1013/1163/1013
f 1012/1162/1012 506/1184/506 507/1185/507
f 1013/1163/1013 508/1186/508 1014/1164/1014
f 1013/1163/1013 507/1185/507 508/1186/508
f 1014/1164/1014 509/1187/509 1015/1165/1015
f 1014/1164/1014 508/1186/508 509/1187/509
f 1015/1165/1015 510/1188/510 1016/1166/1016
f 1015/1165/1015 509/1187/509 510/1188/510
f 1016/1166/1016 511/1189/511 1017/1167/1017
f 1016/1166/1016 510/1188/510 511/1189/511
f 1017/1167/1017 512/1190/512 1018/1168/1018
f 1017/1167/1017 511/1189/511 512/1190/512
f 1018/1168/1018 513/1191/513 1019/1169/1019
f 1018/1168/1018 512/1190/512 513/1191/513
f 1019/1169/1019 514/1192/514 1020/1170/1020
f 1019/1169/1019 513/1191/513 514/1192/514
f 1020/1170/1020 515/1193/515 1021/1171/1021
f 1020/1170/1020 514/1192/514 515/1193/515
f 1021/1171/1021 516/1194/516 1022/1172/1022
f 1021/1171/1021 515/1193/515 516/1194/516
f 1022/1172/1022 517/1195/517 1023/1173/1023
f 1022/1172/1022 516/1194/516 517/1195/517
f 1023/1173/1023 518/1196/518 1024/1174/1024
f 1023/1173/1023 517/1195/517 518/1196/518
f 1024/1174/1024 519/1197/519 1025/1175/1025
f 1024/1174/1024 518/1196/518 519/1197/519
f 1025/1175/1025 520/1198/520 1026/1176/1026
f 1025/1175/1025 519/1197/519 520/1198/520
# 1008 faces

g
# object Box22 to come ...
#
v  -161.830643 29.052505 -46.133202
v  -161.830643 29.052505 -45.133202
v  -211.830643 29.052502 -46.133202
v  -211.830643 29.052502 -45.133202
v  -161.830643 40.552505 -46.133202
v  -161.830643 40.552505 -45.133202
v  -211.830643 40.552502 -46.133202
v  -211.830643 40.552502 -45.133202
# 8 vertices

vt  0.000000 0.000000 0.000000
vt  1.000000 0.000000 0.000000
vt  0.000000 1.000000 0.000000
vt  1.000000 1.000000 0.000000
vt  0.000000 0.000000 0.000000
vt  1.000000 0.000000 0.000000
vt  0.000000 1.000000 0.000000
vt  1.000000 1.000000 0.000000
vt  0.000000 0.000000 0.000000
vt  1.000000 0.000000 0.000000
vt  0.000000 1.000000 0.000000
vt  1.000000 1.000000 0.000000
# 12 texture vertices

vn  0.000000 -2.000000 0.000000
vn  0.000000 -1.000000 0.000000
vn  0.000000 -1.000000 0.000000
vn  0.000000 -2.000000 0.000000
vn  -0.000000 2.000000 -0.000000
vn  -0.000000 1.000000 -0.000000
vn  -0.000000 1.000000 -0.000000
vn  -0.000000 2.000000 -0.000000
# 8 vertex normals

g Box22
usemtl drevo_skrin
s 2
f 1030/1209/1030 1029/1210/1029 1027/1208/1027
f 1027/1208/1027 1028/1207/1028 1030/1209/1030
s 4
f 1034/1210/1034 1032/1208/1032 1031/1207/1031
f 1031/1207/1031 1033/1209/1033 1034/1210/1034
s 8
f 1032/1206/1032 1028/1204/1028 1027/1203/1027
f 1027/1203/1027 1031/1205/1031 1032/1206/1032
s 16
f 1034/1202/1034 1030/1200/1030 1028/1199/1028
f 1028/1199/1028 1032/1201/1032 1034/1202/1034
s 32
f 1033/1206/1033 1029/1204/1029 1030/1203/1030
f 1030/1203/1030 1034/1205/1034 1033/1206/1033
s 64
f 1031/1202/1031 1027/1200/1027 1029/1199/1029
f 1029/1199/1029 1033/1201/1033 1031/1202/1031
# 12 faces

g
# object Box23 to come ...
#
v  -159.836014 28.566334 -42.471207
v  -159.836014 28.566334 -76.971207
v  -161.836014 28.566334 -42.471207
v  -161.836014 28.566334 -76.971207
v  -159.836014 42.566334 -42.471207
v  -159.836014 42.566334 -76.971207
v  -161.836014 42.566334 -42.471207
v  -161.836014 42.566334 -76.971207
# 8 vertices

vt  0.000000 0.000000 0.000000
vt  1.000000 0.000000 0.000000
vt  0.000000 1.000000 0.000000
vt  1.000000 1.000000 0.000000
vt  0.000000 0.000000 0.000000
vt  1.000000 0.000000 0.000000
vt  0.000000 1.000000 0.000000
vt  1.000000 1.000000 0.000000
vt  0.000000 0.000000 0.000000
vt  1.000000 0.000000 0.000000
vt  0.000000 1.000000 0.000000
vt  1.000000 1.000000 0.000000
# 12 texture vertices

vn  0.000000 -2.000000 -0.000000
vn  0.000000 -1.000000 -0.000000
vn  0.000000 -1.000000 -0.000000
vn  0.000000 -2.000000 -0.000000
vn  0.000000 2.000000 -0.000000
vn  0.000000 1.000000 -0.000000
vn  0.000000 1.000000 -0.000000
vn  0.000000 2.000000 -0.000000
# 8 vertex normals

g Box23
usemtl drevo_skrin
s 2
f 1035/1220/1035 1037/1222/1037 1038/1221/1038
f 1038/1221/1038 1036/1219/1036 1035/1220/1035
s 4
f 1039/1219/1039 1040/1220/1040 1042/1222/1042
f 1042/1222/1042 1041/1221/1041 1039/1219/1039
s 8
f 1035/1215/1035 1036/1216/1036 1040/1218/1040
f 1040/1218/1040 1039/1217/1039 1035/1215/1035
s 16
f 1036/1211/1036 1038/1212/1038 1042/1214/1042
f 1042/1214/1042 1040/1213/1040 1036/1211/1036
s 32
f 1038/1215/1038 1037/1216/1037 1041/1218/1041
f 1041/1218/1041 1042/1217/1042 1038/1215/1038
s 64
f 1037/1211/1037 1035/1212/1035 1039/1214/1039
f 1039/1214/1039 1041/1213/1041 1037/1211/1037
# 12 faces

g
# object Box24 to come ...
#
v  -210.834717 29.056421 -45.721210
v  -210.834717 29.056421 -73.721207
v  -211.834717 29.056421 -45.721210
v  -211.834717 29.056421 -73.721207
v  -210.834717 40.556419 -45.721210
v  -210.834717 40.556419 -73.721207
v  -211.834717 40.556419 -45.721210
v  -211.834717 40.556419 -73.721207
# 8 vertices

vt  0.000000 0.000000 0.000000
vt  1.000000 0.000000 0.000000
vt  0.000000 1.000000 0.000000
vt  1.000000 1.000000 0.000000
vt  0.000000 0.000000 0.000000
vt  1.000000 0.000000 0.000000
vt  0.000000 1.000000 0.000000
vt  1.000000 1.000000 0.000000
vt  0.000000 0.000000 0.000000
vt  1.000000 0.000000 0.000000
vt  0.000000 1.000000 0.000000
vt  1.000000 1.000000 0.000000
# 12 texture vertices

vn  0.000000 -2.000000 -0.000000
vn  0.000000 -1.000000 -0.000000
vn  0.000000 -1.000000 -0.000000
vn  0.000000 -2.000000 -0.000000
vn  0.000000 2.000000 -0.000000
vn  0.000000 1.000000 -0.000000
vn  0.000000 1.000000 -0.000000
vn  0.000000 2.000000 -0.000000
# 8 vertex normals

g Box24
usemtl drevo_skrin
s 2
f 1043/1232/1043 1045/1234/1045 1046/1233/1046
f 1046/1233/1046 1044/1231/1044 1043/1232/1043
s 4
f 1047/1231/1047 1048/1232/1048 1050/1234/1050
f 1050/1234/1050 1049/1233/1049 1047/1231/1047
s 8
f 1043/1227/1043 1044/1228/1044 1048/1230/1048
f 1048/1230/1048 1047/1229/1047 1043/1227/1043
s 16
f 1044/1223/1044 1046/1224/1046 1050/1226/1050
f 1050/1226/1050 1048/1225/1048 1044/1223/1044
s 32
f 1046/1227/1046 1045/1228/1045 1049/1230/1049
f 1049/1230/1049 1050/1229/1050 1046/1227/1046
s 64
f 1045/1223/1045 1043/1224/1043 1047/1226/1047
f 1047/1226/1047 1049/1225/1049 1045/1223/1045
# 12 faces

g
# object Box25 to come ...
#
v  -161.613113 29.056244 -45.835655
v  -161.613098 29.056244 -73.835655
v  -210.913116 29.056244 -45.835655
v  -210.913101 29.056244 -73.835655
v  -161.613113 29.256245 -45.835655
v  -161.613098 29.256245 -73.835655
v  -210.913116 29.256245 -45.835655
v  -210.913101 29.256245 -73.835655
# 8 vertices

vt  0.000000 0.000000 0.000000
vt  1.000000 0.000000 0.000000
vt  0.000000 1.000000 0.000000
vt  1.000000 1.000000 0.000000
vt  0.000000 0.000000 0.000000
vt  1.000000 0.000000 0.000000
vt  0.000000 1.000000 0.000000
vt  1.000000 1.000000 0.000000
vt  0.000000 0.000000 0.000000
vt  1.000000 0.000000 0.000000
vt  0.000000 1.000000 0.000000
vt  1.000000 1.000000 0.000000
# 12 texture vertices

vn  0.000000 -2.000000 -0.000000
vn  0.000000 -1.000000 -0.000000
vn  0.000000 -1.000000 -0.000000
vn  0.000000 -2.000000 -0.000000
vn  0.000000 2.000000 -0.000000
vn  0.000000 1.000000 -0.000000
vn  0.000000 1.000000 -0.000000
vn  0.000000 2.000000 -0.000000
# 8 vertex normals

g Box25
usemtl drevo_skrin
s 2
f 1051/1244/1051 1053/1246/1053 1054/1245/1054
f 1054/1245/1054 1052/1243/1052 1051/1244/1051
s 4
f 1055/1243/1055 1056/1244/1056 1058/1246/1058
f 1058/1246/1058 1057/1245/1057 1055/1243/1055
s 8
f 1051/1239/1051 1052/1240/1052 1056/1242/1056
f 1056/1242/1056 1055/1241/1055 1051/1239/1051
s 16
f 1052/1235/1052 1054/1236/1054 1058/1238/1058
f 1058/1238/1058 1056/1237/1056 1052/1235/1052
s 32
f 1054/1239/1054 1053/1240/1053 1057/1242/1057
f 1057/1242/1057 1058/1241/1058 1054/1239/1054
s 64
f 1053/1235/1053 1051/1236/1051 1055/1238/1055
f 1055/1238/1055 1057/1237/1057 1053/1235/1053
# 12 faces

g
# object Box26 to come ...
#
v  -161.830643 29.052504 -73.280846
v  -161.830643 29.052504 -74.280846
v  -211.830643 29.052504 -73.280846
v  -211.830643 29.052504 -74.280846
v  -161.830643 40.552505 -73.280846
v  -161.830643 40.552505 -74.280846
v  -211.830643 40.552505 -73.280846
v  -211.830643 40.552505 -74.280846
# 8 vertices

vt  0.000000 0.000000 0.000000
vt  1.000000 0.000000 0.000000
vt  0.000000 1.000000 0.000000
vt  1.000000 1.000000 0.000000
vt  0.000000 0.000000 0.000000
vt  1.000000 0.000000 0.000000
vt  0.000000 1.000000 0.000000
vt  1.000000 1.000000 0.000000
vt  0.000000 0.000000 0.000000
vt  1.000000 0.000000 0.000000
vt  0.000000 1.000000 0.000000
vt  1.000000 1.000000 0.000000
# 12 texture vertices

vn  0.000000 -2.000000 -0.000000
vn  0.000000 -1.000000 -0.000000
vn  0.000000 -1.000000 -0.000000
vn  0.000000 -2.000000 -0.000000
vn  0.000000 2.000000 -0.000000
vn  0.000000 1.000000 -0.000000
vn  0.000000 1.000000 -0.000000
vn  0.000000 2.000000 -0.000000
# 8 vertex normals

g Box26
usemtl drevo_skrin
s 2
f 1059/1256/1059 1061/1258/1061 1062/1257/1062
f 1062/1257/1062 1060/1255/1060 1059/1256/1059
s 4
f 1063/1255/1063 1064/1256/1064 1066/1258/1066
f 1066/1258/1066 1065/1257/1065 1063/1255/1063
s 8
f 1059/1251/1059 1060/1252/1060 1064/1254/1064
f 1064/1254/1064 1063/1253/1063 1059/1251/1059
s 16
f 1060/1247/1060 1062/1248/1062 1066/1250/1066
f 1066/1250/1066 1064/1249/1064 1060/1247/1060
s 32
f 1062/1251/1062 1061/1252/1061 1065/1254/1065
f 1065/1254/1065 1066/1253/1066 1062/1251/1062
s 64
f 1061/1247/1061 1059/1248/1059 1063/1250/1063
f 1063/1250/1063 1065/1249/1065 1061/1247/1061
# 12 faces

g
# object Sphere03 to come ...
#
v  -162.968964 50.223804 -59.032669
v  -162.968964 50.390938 -59.051186
v  -162.968964 50.549061 -59.105736
v  -162.968964 50.689651 -59.193378
v  -162.968964 50.805126 -59.309395
v  -162.968964 50.889259 -59.447521
v  -162.968964 50.937523 -59.600319
v  -162.968964 50.947304 -59.759544
v  -162.968964 50.918087 -59.916618
v  -162.968964 50.851437 -60.063072
v  -162.968964 50.750954 -60.191006
v  -162.968964 50.622047 -60.293530
v  -162.968964 50.471676 -60.365112
v  -162.968964 50.307941 -60.401894
v  -162.968964 50.139671 -60.401894
v  -162.968964 49.975937 -60.365112
v  -162.968964 49.825562 -60.293530
v  -162.968964 49.696659 -60.191006
v  -162.968964 49.596176 -60.063068
v  -162.968964 49.529526 -59.916618
v  -162.968964 49.500305 -59.759544
v  -162.968964 49.510090 -59.600319
v  -162.968964 49.558350 -59.447521
v  -162.968964 49.642487 -59.309395
v  -162.968964 49.757961 -59.193382
v  -162.968964 49.898548 -59.105736
v  -162.968964 50.056671 -59.051186
v  -163.135696 50.223804 -59.032669
v  -163.135696 50.390938 -59.051186
v  -163.135696 50.549061 -59.105736
v  -163.135696 50.689651 -59.193378
v  -163.135696 50.805126 -59.309395
v  -163.135696 50.889259 -59.447521
v  -163.135696 50.937523 -59.600319
v  -163.135696 50.947304 -59.759544
v  -163.135696 50.918087 -59.916618
v  -163.135696 50.851437 -60.063072
v  -163.135696 50.750954 -60.191006
v  -163.135696 50.622047 -60.293530
v  -163.135696 50.471676 -60.365112
v  -163.135696 50.307941 -60.401894
v  -163.135696 50.139671 -60.401894
v  -163.135696 49.975937 -60.365112
v  -163.135696 49.825562 -60.293530
v  -163.135696 49.696659 -60.191006
v  -163.135696 49.596176 -60.063068
v  -163.135696 49.529526 -59.916618
v  -163.135696 49.500305 -59.759544
v  -163.135696 49.510090 -59.600319
v  -163.135696 49.558350 -59.447521
v  -163.135696 49.642487 -59.309395
v  -163.135696 49.757961 -59.193382
v  -163.135696 49.898548 -59.105736
v  -163.135696 50.056671 -59.051186
v  -163.302444 50.223804 -59.032669
v  -163.302444 50.390938 -59.051186
v  -163.302444 50.549061 -59.105736
v  -163.302444 50.689651 -59.193378
v  -163.302444 50.805126 -59.309395
v  -163.302444 50.889259 -59.447521
v  -163.302444 50.937523 -59.600319
v  -163.302444 50.947304 -59.759544
v  -163.302444 50.918087 -59.916618
v  -163.302444 50.851437 -60.063072
v  -163.302444 50.750954 -60.191006
v  -163.302444 50.622047 -60.293530
v  -163.302444 50.471676 -60.365112
v  -163.302444 50.307941 -60.401894
v  -163.302444 50.139671 -60.401894
v  -163.302444 49.975937 -60.365112
v  -163.302444 49.825562 -60.293530
v  -163.302444 49.696659 -60.191006
v  -163.302444 49.596176 -60.063072
v  -163.302444 49.529526 -59.916618
v  -163.302444 49.500305 -59.759544
v  -163.302444 49.510090 -59.600319
v  -163.302444 49.558350 -59.447521
v  -163.302444 49.642487 -59.309395
v  -163.302444 49.757961 -59.193382
v  -163.302444 49.898548 -59.105736
v  -163.302444 50.056671 -59.051186
v  -162.968964 50.864857 -59.723370
v  -162.968964 50.802685 -59.994511
v  -162.968964 50.712830 -60.141918
v  -162.968964 50.851757 -59.856445
v  -162.968964 50.851757 -59.601341
v  -162.968964 50.802685 -59.463276
v  -162.968964 50.569202 -60.266315
v  -162.968964 50.712830 -59.315868
v  -162.968964 50.569202 -59.191471
v  -162.968964 50.398502 -60.347549
v  -162.968964 50.398502 -59.110241
v  -162.968964 50.213169 -60.371136
v  -162.968964 50.043461 -60.347549
v  -162.968964 50.213169 -59.086647
v  -162.968964 50.043461 -59.110241
v  -162.968964 49.872761 -60.266319
v  -162.968964 49.872761 -59.191471
v  -162.968964 49.729134 -60.141914
v  -162.968964 49.729134 -59.315868
v  -162.968964 49.639278 -59.994511
v  -162.968964 49.590206 -59.856445
v  -162.968964 49.577106 -59.734417
v  -162.968964 49.590206 -59.601341
v  -162.968964 49.639278 -59.463276
v  -162.971146 50.864410 -59.728893
v  -163.026718 50.726521 -60.018429
v  -163.069763 50.726521 -59.876499
v  -163.084305 50.726521 -59.728893
v  -163.069763 50.726521 -59.581287
v  -163.026718 50.726521 -59.439358
v  -163.026718 50.569202 -60.195950
v  -163.104401 50.569202 -60.050610
v  -163.152237 50.569202 -59.892902
v  -163.168396 50.569202 -59.728893
v  -163.152237 50.569202 -59.564884
v  -163.104401 50.569202 -59.407177
v  -163.026718 50.569202 -59.261837
v  -163.069763 50.398502 -60.224720
v  -163.152237 50.398502 -60.070423
v  -163.203033 50.398502 -59.903004
v  -163.220169 50.398502 -59.728893
v  -163.203033 50.398502 -59.554783
v  -163.152237 50.398502 -59.387363
v  -163.069763 50.398502 -59.233067
v  -162.971146 50.220982 -60.372322
v  -163.084305 50.220982 -60.234432
v  -163.168396 50.220982 -60.077114
v  -163.220169 50.220982 -59.906414
v  -163.237656 50.220982 -59.728893
v  -163.220169 50.220982 -59.551373
v  -163.168396 50.220982 -59.380672
v  -163.084305 50.220982 -59.223354
v  -162.971146 50.220982 -59.085464
v  -163.069763 50.043461 -60.224720
v  -163.152237 50.043461 -60.070423
v  -163.203033 50.043461 -59.903004
v  -163.220169 50.043461 -59.728893
v  -163.203033 50.043461 -59.554783
v  -163.152237 50.043461 -59.387363
v  -163.069763 50.043461 -59.233067
v  -163.026718 49.872761 -60.195950
v  -163.104401 49.872761 -60.050610
v  -163.152237 49.872761 -59.892902
v  -163.168396 49.872761 -59.728893
v  -163.152237 49.872761 -59.564884
v  -163.104401 49.872761 -59.407177
v  -163.026718 49.872761 -59.261837
v  -163.026718 49.715443 -60.018429
v  -163.069763 49.715443 -59.876499
v  -163.084305 49.715443 -59.728893
v  -163.069763 49.715443 -59.581287
v  -163.026718 49.715443 -59.439358
v  -162.971146 49.577553 -59.728893
# 154 vertices

vt  0.750000 0.000000 1.000000
vt  0.787037 0.000000 1.000000
vt  0.824074 0.000000 1.000000
vt  0.861111 0.000000 1.000000
vt  0.898148 0.000000 1.000000
vt  0.935185 0.000000 1.000000
vt  0.972222 0.000000 1.000000
vt  0.009259 0.000000 1.000000
vt  0.046296 0.000000 1.000000
vt  0.083333 0.000000 1.000000
vt  0.120370 0.000000 1.000000
vt  0.157407 0.000000 1.000000
vt  0.194444 0.000000 1.000000
vt  0.231482 0.000000 1.000000
vt  0.268519 0.000000 1.000000
vt  0.305556 0.000000 1.000000
vt  0.342593 0.000000 1.000000
vt  0.379630 0.000000 1.000000
vt  0.416667 0.000000 1.000000
vt  0.453704 0.000000 1.000000
vt  0.490741 0.000000 1.000000
vt  0.527778 0.000000 1.000000
vt  0.564815 0.000000 1.000000
vt  0.601852 0.000000 1.000000
vt  0.638889 0.000000 1.000000
vt  0.675926 0.000000 1.000000
vt  0.712963 0.000000 1.000000
vt  0.750000 0.500000 1.000000
vt  0.787037 0.500000 1.000000
vt  0.824074 0.500000 1.000000
vt  0.861111 0.500000 1.000000
vt  0.898148 0.500000 1.000000
vt  0.935185 0.500000 1.000000
vt  0.972222 0.500000 1.000000
vt  0.009259 0.500000 1.000000
vt  0.046296 0.500000 1.000000
vt  0.083333 0.500000 1.000000
vt  0.120370 0.500000 1.000000
vt  0.157407 0.500000 1.000000
vt  0.194444 0.500000 1.000000
vt  0.231482 0.500000 1.000000
vt  0.268519 0.500000 1.000000
vt  0.305556 0.500000 1.000000
vt  0.342593 0.500000 1.000000
vt  0.379630 0.500000 1.000000
vt  0.416667 0.500000 1.000000
vt  0.453704 0.500000 1.000000
vt  0.490741 0.500000 1.000000
vt  0.527778 0.500000 1.000000
vt  0.564815 0.500000 1.000000
vt  0.601852 0.500000 1.000000
vt  0.638889 0.500000 1.000000
vt  0.675926 0.500000 1.000000
vt  0.712963 0.500000 1.000000
vt  0.750000 1.000000 1.000000
vt  0.787037 1.000000 1.000000
vt  0.824074 1.000000 1.000000
vt  0.861111 1.000000 1.000000
vt  0.898148 1.000000 1.000000
vt  0.935185 1.000000 1.000000
vt  0.972222 1.000000 1.000000
vt  0.009259 1.000000 1.000000
vt  0.046296 1.000000 1.000000
vt  0.083333 1.000000 1.000000
vt  0.120370 1.000000 1.000000
vt  0.157407 1.000000 1.000000
vt  0.194444 1.000000 1.000000
vt  0.231482 1.000000 1.000000
vt  0.268519 1.000000 1.000000
vt  0.305556 1.000000 1.000000
vt  0.342593 1.000000 1.000000
vt  0.379630 1.000000 1.000000
vt  0.416667 1.000000 1.000000
vt  0.453704 1.000000 1.000000
vt  0.490741 1.000000 1.000000
vt  0.527778 1.000000 1.000000
vt  0.564815 1.000000 1.000000
vt  0.601852 1.000000 1.000000
vt  0.638889 1.000000 1.000000
vt  0.675926 1.000000 1.000000
vt  0.712963 1.000000 1.000000
vt  1.009259 0.000000 1.000000
vt  1.009259 0.500000 1.000000
vt  1.009259 1.000000 1.000000
vt  0.615309 0.986522 -0.250000
vt  0.724400 0.946816 -0.250000
vt  0.821394 0.883022 -0.250000
vt  0.901062 0.798579 -0.250000
vt  0.959108 0.698040 -0.250000
vt  0.992404 0.586824 -0.250000
vt  0.999154 0.470927 -0.250000
vt  0.978995 0.356598 -0.250000
vt  0.933013 0.250000 -0.250000
vt  0.863687 0.156879 -0.250000
vt  0.774755 0.082256 -0.250000
vt  0.671010 0.030154 -0.250000
vt  0.558047 0.003381 -0.250000
vt  0.441954 0.003381 -0.250000
vt  0.328990 0.030154 -0.250000
vt  0.225246 0.082256 -0.250000
vt  0.136313 0.156879 -0.250000
vt  0.066987 0.250000 -0.250000
vt  0.021005 0.356598 -0.250000
vt  0.000846 0.470928 -0.250000
vt  0.007596 0.586824 -0.250000
vt  0.040892 0.698040 -0.250000
vt  0.098938 0.798579 -0.250000
vt  0.178606 0.883022 -0.250000
vt  0.275600 0.946816 -0.250000
vt  0.384692 0.986522 -0.250000
vt  0.500000 1.000000 -0.250000
vt  0.500000 1.000000 0.250000
vt  0.384692 0.986522 0.250000
vt  0.275600 0.946816 0.250000
vt  0.178606 0.883022 0.250000
vt  0.098938 0.798579 0.250000
vt  0.040892 0.698040 0.250000
vt  0.007596 0.586824 0.250000
vt  0.000846 0.470928 0.250000
vt  0.021005 0.356598 0.250000
vt  0.066987 0.250000 0.250000
vt  0.136313 0.156879 0.250000
vt  0.225246 0.082256 0.250000
vt  0.328990 0.030154 0.250000
vt  0.441954 0.003381 0.250000
vt  0.558047 0.003381 0.250000
vt  0.671010 0.030154 0.250000
vt  0.774755 0.082256 0.250000
vt  0.863687 0.156879 0.250000
vt  0.933013 0.250000 0.250000
vt  0.978995 0.356598 0.250000
vt  0.999154 0.470927 0.250000
vt  0.992404 0.586824 0.250000
vt  0.959108 0.698040 0.250000
vt  0.901062 0.798579 0.250000
vt  0.821394 0.883022 0.250000
vt  0.724400 0.946816 0.250000
vt  0.615309 0.986522 0.250000
vt  0.058036 0.509322 -0.250000
vt  0.100622 0.299904 -0.250000
vt  0.153168 0.203855 -0.250000
vt  0.066767 0.400395 -0.250000
vt  0.066767 0.586080 -0.250000
vt  0.100622 0.686572 -0.250000
vt  0.261705 0.102062 -0.250000
vt  0.172060 0.805110 -0.250000
vt  0.261705 0.884412 -0.250000
vt  0.379473 0.042937 -0.250000
vt  0.379473 0.943538 -0.250000
vt  0.480387 0.026488 -0.250000
vt  0.624424 0.042937 -0.250000
vt  0.521390 0.959988 -0.250000
vt  0.624424 0.943538 -0.250000
vt  0.742193 0.102062 -0.250000
vt  0.742193 0.884412 -0.250000
vt  0.831838 0.181366 -0.250000
vt  0.850729 0.782620 -0.250000
vt  0.903275 0.299904 -0.250000
vt  0.937130 0.400395 -0.250000
vt  0.945862 0.477153 -0.250000
vt  0.937130 0.586080 -0.250000
vt  0.903275 0.686572 -0.250000
vt  0.250000 0.750000 0.000000
vt  0.187500 0.687500 0.000000
vt  0.218750 0.687500 0.000000
vt  0.250000 0.687500 0.000000
vt  0.281250 0.687500 0.000000
vt  0.312500 0.687500 0.000000
vt  0.156250 0.625000 0.000000
vt  0.187500 0.625000 0.000000
vt  0.218750 0.625000 0.000000
vt  0.250000 0.625000 0.000000
vt  0.281250 0.625000 0.000000
vt  0.312500 0.625000 0.000000
vt  0.343750 0.625000 0.000000
vt  0.156250 0.562500 0.000000
vt  0.187500 0.562500 0.000000
vt  0.218750 0.562500 0.000000
vt  0.250000 0.562500 0.000000
vt  0.281250 0.562500 0.000000
vt  0.312500 0.562500 0.000000
vt  0.343750 0.562500 0.000000
vt  0.125000 0.500000 0.000000
vt  0.156250 0.500000 0.000000
vt  0.187500 0.500000 0.000000
vt  0.218750 0.500000 0.000000
vt  0.250000 0.500000 0.000000
vt  0.281250 0.500000 0.000000
vt  0.312500 0.500000 0.000000
vt  0.343750 0.500000 0.000000
vt  0.375000 0.500000 0.000000
vt  0.156250 0.437500 0.000000
vt  0.187500 0.437500 0.000000
vt  0.218750 0.437500 0.000000
vt  0.250000 0.437500 0.000000
vt  0.281250 0.437500 0.000000
vt  0.312500 0.437500 0.000000
vt  0.343750 0.437500 0.000000
vt  0.156250 0.375000 0.000000
vt  0.187500 0.375000 0.000000
vt  0.218750 0.375000 0.000000
vt  0.250000 0.375000 0.000000
vt  0.281250 0.375000 0.000000
vt  0.312500 0.375000 0.000000
vt  0.343750 0.375000 0.000000
vt  0.187500 0.312500 0.000000
vt  0.218750 0.312500 0.000000
vt  0.250000 0.312500 0.000000
vt  0.281250 0.312500 0.000000
vt  0.312500 0.312500 0.000000
vt  0.250000 0.250000 0.000000
vt  0.244499 0.750000 0.000000
vt  0.187500 0.722022 0.000000
vt  0.281250 0.744264 0.000000
vt  0.312500 0.722022 0.000000
vt  0.338311 0.687500 0.000000
vt  0.138989 0.625000 0.000000
vt  0.156250 0.676622 0.000000
vt  0.127868 0.562500 0.000000
vt  0.361011 0.625000 0.000000
vt  0.372132 0.562500 0.000000
vt  0.375000 0.511000 0.000000
vt  0.125000 0.488997 0.000000
vt  0.372132 0.437500 0.000000
vt  0.138989 0.375000 0.000000
vt  0.127868 0.437500 0.000000
vt  0.343750 0.323378 0.000000
vt  0.361011 0.375000 0.000000
vt  0.187500 0.277978 0.000000
vt  0.161689 0.312500 0.000000
vt  0.218750 0.255736 0.000000
vt  0.281250 0.255736 0.000000
vt  0.255501 0.250000 0.000000
vt  0.312500 0.277978 0.000000
vt  0.218750 0.744264 0.000000
# 235 texture vertices

vn  -0.000001 0.143139 3.876060
vn  -0.000001 0.991028 3.749723
vn  -0.000002 1.799345 3.435090
vn  -0.000001 2.530348 2.937205
vn  -0.000001 3.141701 2.269501
vn  -0.000001 3.589318 1.459262
vn  -0.000000 3.834520 0.550969
vn  0.000000 3.853477 -0.395759
vn  0.000001 3.644332 -1.314633
vn  0.000001 3.227760 -2.144326
vn  0.000001 2.640629 -2.837694
vn  0.000002 1.926623 -3.364824
vn  0.000001 1.128572 -3.710355
vn  0.000001 0.284921 -3.868165
vn  0.000001 -0.569844 -3.836556
vn  0.000002 -1.402381 -3.615762
vn  0.000002 -2.177062 -3.208477
vn  0.000001 -2.853761 -2.623257
vn  0.000001 -3.388630 -1.879830
vn  0.000000 -3.739166 -1.013931
vn  0.000000 -3.872955 -0.078291
vn  -0.000000 -3.776607 0.862757
vn  -0.000001 -3.459943 1.743973
vn  -0.000001 -2.952839 2.510311
vn  -0.000001 -2.296729 3.123279
vn  -0.000001 -1.535591 3.560822
vn  -0.000001 -0.710229 3.812891
vn  -0.000001 -0.000001 1.299925
vn  -0.000001 0.285296 1.268232
vn  -0.000000 0.559366 1.173420
vn  -0.000000 0.809874 1.016813
vn  -0.000000 1.022868 0.802213
vn  -0.000000 1.183470 0.537777
vn  -0.000000 1.278065 0.237394
vn  0.000000 1.297485 -0.079606
vn  0.000000 1.239734 -0.390980
vn  0.000000 1.110633 -0.675499
vn  0.000000 0.921987 -0.916376
vn  0.000000 0.688400 -1.102683
vn  0.000001 0.424468 -1.228671
vn  0.000001 0.143335 -1.291999
vn  0.000001 -0.143335 -1.291999
vn  0.000000 -0.424469 -1.228670
vn  0.000000 -0.688401 -1.102683
vn  0.000000 -0.921987 -0.916376
vn  0.000000 -1.110633 -0.675498
vn  0.000000 -1.239734 -0.390980
vn  0.000000 -1.297485 -0.079606
vn  -0.000000 -1.278065 0.237393
vn  -0.000000 -1.183470 0.537777
vn  -0.000000 -1.022869 0.802212
vn  -0.000000 -0.809875 1.016812
vn  -0.000001 -0.559367 1.173419
vn  -0.000001 -0.285297 1.268231
vn  -0.000003 -0.143144 3.876060
vn  -0.000003 0.710224 3.812892
vn  -0.000001 1.535588 3.560823
vn  -0.000001 2.296726 3.123282
vn  -0.000001 2.952837 2.510314
vn  -0.000001 3.459942 1.743975
vn  -0.000000 3.776607 0.862759
vn  0.000000 3.872955 -0.078289
vn  0.000000 3.739166 -1.013930
vn  0.000001 3.388629 -1.879831
vn  0.000001 2.853760 -2.623258
vn  0.000001 2.177060 -3.208477
vn  0.000001 1.402380 -3.615763
vn  0.000002 0.569843 -3.836556
vn  0.000003 -0.284923 -3.868165
vn  0.000002 -1.128573 -3.710355
vn  0.000001 -1.926625 -3.364823
vn  0.000001 -2.640630 -2.837693
vn  0.000001 -3.227761 -2.144325
vn  0.000000 -3.644332 -1.314633
vn  0.000000 -3.853477 -0.395760
vn  -0.000000 -3.834520 0.550967
vn  -0.000001 -3.589318 1.459259
vn  -0.000001 -3.141703 2.269499
vn  -0.000001 -2.530352 2.937201
vn  -0.000001 -1.799348 3.435089
vn  -0.000002 -0.991031 3.749723
vn  5.199700 0.000005 0.000002
vn  2.599850 -0.000001 0.000001
vn  5.199700 -0.000001 0.000003
vn  2.599850 0.000001 0.000001
vn  3.899775 0.000002 0.000001
vn  3.899775 -0.000001 0.000002
vn  5.199700 -0.000005 0.000012
vn  3.899775 0.000002 0.000003
vn  3.899775 -0.000000 0.000001
vn  3.899775 -0.000003 0.000010
vn  3.899775 -0.000001 -0.000002
vn  3.899775 0.000001 -0.000001
vn  3.899775 0.000000 0.000001
vn  5.199700 0.000000 0.000003
vn  3.899775 0.000000 0.000004
vn  5.199700 0.000003 0.000006
vn  3.899775 0.000001 0.000001
vn  2.599850 -0.000027 -0.000013
vn  5.199700 -0.000000 0.000002
vn  0.000000 -0.000029 -0.000017
vn  3.899775 0.000001 0.000002
vn  2.599850 -0.000003 0.000000
vn  2.599850 -0.000001 0.000001
vn  2.599850 -0.000003 0.000003
vn  0.572331 -1.163443 0.092959
vn  1.017914 -0.700709 0.403316
vn  1.052478 -0.738832 0.190318
vn  1.092818 -0.703627 0.021488
vn  1.069209 -0.700711 -0.235800
vn  0.995824 -0.722201 -0.420196
vn  1.019025 -0.476947 0.651087
vn  1.110150 -0.497499 0.458112
vn  1.178192 -0.497499 0.232730
vn  1.200957 -0.497499 -0.001595
vn  1.177570 -0.497499 -0.235860
vn  1.108929 -0.497499 -0.461061
vn  1.001583 -0.524216 -0.641743
vn  1.060527 -0.253625 0.707645
vn  1.178204 -0.253625 0.487149
vn  1.250603 -0.253625 0.247932
vn  1.274943 -0.253625 -0.000813
vn  1.250286 -0.253625 -0.249526
vn  1.177582 -0.253625 -0.488650
vn  1.046742 -0.271510 -0.721400
vn  0.496030 0.068246 1.199626
vn  1.068959 0.056041 0.737557
vn  1.200974 -0.000000 0.497460
vn  1.274947 -0.000000 0.253603
vn  1.299925 -0.000000 -0.000000
vn  1.274947 -0.000000 -0.253603
vn  1.200974 0.000000 -0.497460
vn  1.080848 0.000000 -0.722200
vn  0.517729 -0.016476 -1.192263
vn  1.046057 0.269749 0.723053
vn  1.177582 0.253625 0.488650
vn  1.250286 0.253625 0.249526
vn  1.274943 0.253625 0.000813
vn  1.250603 0.253625 -0.247932
vn  1.178204 0.253625 -0.487149
vn  1.060527 0.253625 -0.707645
vn  1.001581 0.524218 0.641744
vn  1.108929 0.497498 0.461060
vn  1.177570 0.497498 0.235860
vn  1.200957 0.497498 0.001596
vn  1.178192 0.497498 -0.232731
vn  1.110150 0.497498 -0.458113
vn  1.019024 0.476947 -0.651088
vn  1.000393 0.700602 0.445169
vn  1.046738 0.737322 0.224724
vn  1.111819 0.671577 -0.051452
vn  1.052478 0.738833 -0.190318
vn  1.017913 0.700709 -0.403317
vn  0.805052 1.020633 0.001814
# 154 vertex normals

g Sphere03
usemtl drevo_skrin
s 8
f 1067/1259/1067 1068/1260/1068 1095/1287/1095
f 1095/1287/1095 1094/1286/1094 1067/1259/1067
f 1068/1260/1068 1069/1261/1069 1096/1288/1096
f 1096/1288/1096 1095/1287/1095 1068/1260/1068
f 1069/1261/1069 1070/1262/1070 1097/1289/1097
f 1097/1289/1097 1096/1288/1096 1069/1261/1069
f 1070/1262/1070 1071/1263/1071 1098/1290/1098
f 1098/1290/1098 1097/1289/1097 1070/1262/1070
f 1071/1263/1071 1072/1264/1072 1099/1291/1099
f 1099/1291/1099 1098/1290/1098 1071/1263/1071
f 1072/1264/1072 1073/1265/1073 1100/1292/1100
f 1100/1292/1100 1099/1291/1099 1072/1264/1072
f 1073/1265/1073 1074/1340/1074 1101/1341/1101
f 1101/1341/1101 1100/1292/1100 1073/1265/1073
f 1074/1266/1074 1075/1267/1075 1102/1294/1102
f 1102/1294/1102 1101/1293/1101 1074/1266/1074
f 1075/1267/1075 1076/1268/1076 1103/1295/1103
f 1103/1295/1103 1102/1294/1102 1075/1267/1075
f 1076/1268/1076 1077/1269/1077 1104/1296/1104
f 1104/1296/1104 1103/1295/1103 1076/1268/1076
f 1077/1269/1077 1078/1270/1078 1105/1297/1105
f 1105/1297/1105 1104/1296/1104 1077/1269/1077
f 1078/1270/1078 1079/1271/1079 1106/1298/1106
f 1106/1298/1106 1105/1297/1105 1078/1270/1078
f 1079/1271/1079 1080/1272/1080 1107/1299/1107
f 1107/1299/1107 1106/1298/1106 1079/1271/1079
f 1080/1272/1080 1081/1273/1081 1108/1300/1108
f 1108/1300/1108 1107/1299/1107 1080/1272/1080
f 1081/1273/1081 1082/1274/1082 1109/1301/1109
f 1109/1301/1109 1108/1300/1108 1081/1273/1081
f 1082/1274/1082 1083/1275/1083 1110/1302/1110
f 1110/1302/1110 1109/1301/1109 1082/1274/1082
f 1083/1275/1083 1084/1276/1084 1111/1303/1111
f 1111/1303/1111 1110/1302/1110 1083/1275/1083
f 1084/1276/1084 1085/1277/1085 1112/1304/1112
f 1112/1304/1112 1111/1303/1111 1084/1276/1084
f 1085/1277/1085 1086/1278/1086 1113/1305/1113
f 1113/1305/1113 1112/1304/1112 1085/1277/1085
f 1086/1278/1086 1087/1279/1087 1114/1306/1114
f 1114/1306/1114 1113/1305/1113 1086/1278/1086
f 1087/1279/1087 1088/1280/1088 1115/1307/1115
f 1115/1307/1115 1114/1306/1114 1087/1279/1087
f 1088/1280/1088 1089/1281/1089 1116/1308/1116
f 1116/1308/1116 1115/1307/1115 1088/1280/1088
f 1089/1281/1089 1090/1282/1090 1117/1309/1117
f 1117/1309/1117 1116/1308/1116 1089/1281/1089
f 1090/1282/1090 1091/1283/1091 1118/1310/1118
f 1118/1310/1118 1117/1309/1117 1090/1282/1090
f 1091/1283/1091 1092/1284/1092 1119/1311/1119
f 1119/1311/1119 1118/1310/1118 1091/1283/1091
f 1092/1284/1092 1093/1285/1093 1120/1312/1120
f 1120/1312/1120 1119/1311/1119 1092/1284/1092
f 1093/1285/1093 1067/1259/1067 1094/1286/1094
f 1094/1286/1094 1120/1312/1120 1093/1285/1093
f 1094/1286/1094 1095/1287/1095 1122/1314/1122
f 1122/1314/1122 1121/1313/1121 1094/1286/1094
f 1095/1287/1095 1096/1288/1096 1123/1315/1123
f 1123/1315/1123 1122/1314/1122 1095/1287/1095
f 1096/1288/1096 1097/1289/1097 1124/1316/1124
f 1124/1316/1124 1123/1315/1123 1096/1288/1096
f 1097/1289/1097 1098/1290/1098 1125/1317/1125
f 1125/1317/1125 1124/1316/1124 1097/1289/1097
f 1098/1290/1098 1099/1291/1099 1126/1318/1126
f 1126/1318/1126 1125/1317/1125 1098/1290/1098
f 1099/1291/1099 1100/1292/1100 1127/1319/1127
f 1127/1319/1127 1126/1318/1126 1099/1291/1099
f 1100/1292/1100 1101/1341/1101 1128/1342/1128
f 1128/1342/1128 1127/1319/1127 1100/1292/1100
f 1101/1293/1101 1102/1294/1102 1129/1321/1129
f 1129/1321/1129 1128/1320/1128 1101/1293/1101
f 1102/1294/1102 1103/1295/1103 1130/1322/1130
f 1130/1322/1130 1129/1321/1129 1102/1294/1102
f 1103/1295/1103 1104/1296/1104 1131/1323/1131
f 1131/1323/1131 1130/1322/1130 1103/1295/1103
f 1104/1296/1104 1105/1297/1105 1132/1324/1132
f 1132/1324/1132 1131/1323/1131 1104/1296/1104
f 1105/1297/1105 1106/1298/1106 1133/1325/1133
f 1133/1325/1133 1132/1324/1132 1105/1297/1105
f 1106/1298/1106 1107/1299/1107 1134/1326/1134
f 1134/1326/1134 1133/1325/1133 1106/1298/1106
f 1107/1299/1107 1108/1300/1108 1135/1327/1135
f 1135/1327/1135 1134/1326/1134 1107/1299/1107
f 1108/1300/1108 1109/1301/1109 1136/1328/1136
f 1136/1328/1136 1135/1327/1135 1108/1300/1108
f 1109/1301/1109 1110/1302/1110 1137/1329/1137
f 1137/1329/1137 1136/1328/1136 1109/1301/1109
f 1110/1302/1110 1111/1303/1111 1138/1330/1138
f 1138/1330/1138 1137/1329/1137 1110/1302/1110
f 1111/1303/1111 1112/1304/1112 1139/1331/1139
f 1139/1331/1139 1138/1330/1138 1111/1303/1111
f 1112/1304/1112 1113/1305/1113 1140/1332/1140
f 1140/1332/1140 1139/1331/1139 1112/1304/1112
f 1113/1305/1113 1114/1306/1114 1141/1333/1141
f 1141/1333/1141 1140/1332/1140 1113/1305/1113
f 1114/1306/1114 1115/1307/1115 1142/1334/1142
f 1142/1334/1142 1141/1333/1141 1114/1306/1114
f 1115/1307/1115 1116/1308/1116 1143/1335/1143
f 1143/1335/1143 1142/1334/1142 1115/1307/1115
f 1116/1308/1116 1117/1309/1117 1144/1336/1144
f 1144/1336/1144 1143/1335/1143 1116/1308/1116
f 1117/1309/1117 1118/1310/1118 1145/1337/1145
f 1145/1337/1145 1144/1336/1144 1117/1309/1117
f 1118/1310/1118 1119/1311/1119 1146/1338/1146
f 1146/1338/1146 1145/1337/1145 1118/1310/1118
f 1119/1311/1119 1120/1312/1120 1147/1339/1147
f 1147/1339/1147 1146/1338/1146 1119/1311/1119
f 1120/1312/1120 1094/1286/1094 1121/1313/1121
f 1121/1313/1121 1147/1339/1147 1120/1312/1120
s 1
f 1122/1371/1122 1123/1372/1123 1124/1373/1124
f 1124/1373/1124 1125/1374/1125 1126/1375/1126
f 1122/1371/1122 1124/1373/1124 1126/1375/1126
f 1126/1375/1126 1127/1376/1127 1128/1377/1128
f 1128/1377/1128 1129/1378/1129 1130/1379/1130
f 1126/1375/1126 1128/1377/1128 1130/1379/1130
f 1130/1379/1130 1131/1380/1131 1132/1381/1132
f 1132/1381/1132 1133/1382/1133 1134/1383/1134
f 1130/1379/1130 1132/1381/1132 1134/1383/1134
f 1126/1375/1126 1130/1379/1130 1134/1383/1134
f 1134/1383/1134 1135/1384/1135 1136/1385/1136
f 1136/1385/1136 1137/1386/1137 1138/1387/1138
f 1134/1383/1134 1136/1385/1136 1138/1387/1138
f 1138/1387/1138 1139/1388/1139 1140/1389/1140
f 1140/1389/1140 1141/1390/1141 1142/1391/1142
f 1138/1387/1138 1140/1389/1140 1142/1391/1142
f 1134/1383/1134 1138/1387/1138 1142/1391/1142
f 1126/1375/1126 1134/1383/1134 1142/1391/1142
f 1142/1391/1142 1143/1392/1143 1144/1393/1144
f 1144/1393/1144 1145/1394/1145 1146/1395/1146
f 1142/1391/1142 1144/1393/1144 1146/1395/1146
f 1126/1375/1126 1142/1391/1142 1146/1395/1146
f 1122/1371/1122 1126/1375/1126 1146/1395/1146
f 1122/1371/1122 1146/1395/1146 1147/1396/1147
f 1121/1370/1121 1122/1371/1122 1147/1396/1147
f 1170/1419/1170 1171/1420/1171 1088/1348/1088
f 1076/1360/1076 1075/1361/1075 1074/1362/1074
f 1074/1362/1074 1073/1363/1073 1072/1364/1072
f 1088/1348/1088 1171/1420/1171 1166/1415/1166
f 1089/1347/1089 1088/1348/1088 1166/1415/1166
f 1090/1346/1090 1089/1347/1089 1166/1415/1166
f 1090/1346/1090 1166/1415/1166 1164/1413/1164
f 1091/1345/1091 1090/1346/1090 1164/1413/1164
f 1091/1345/1091 1164/1413/1164 1162/1411/1162
f 1092/1344/1092 1091/1345/1091 1162/1411/1162
f 1092/1344/1092 1162/1411/1162 1161/1410/1161
f 1093/1343/1093 1092/1344/1092 1161/1410/1161
f 1067/1369/1067 1093/1343/1093 1161/1410/1161
f 1067/1369/1067 1161/1410/1161 1158/1407/1158
f 1068/1368/1068 1067/1369/1067 1158/1407/1158
f 1068/1368/1068 1158/1407/1158 1156/1405/1156
f 1069/1367/1069 1068/1368/1068 1156/1405/1156
f 1069/1367/1069 1156/1405/1156 1155/1404/1155
f 1070/1366/1070 1069/1367/1069 1155/1404/1155
f 1070/1366/1070 1155/1404/1155 1153/1402/1153
f 1071/1365/1071 1070/1366/1070 1153/1402/1153
f 1071/1365/1071 1153/1402/1153 1152/1401/1152
f 1072/1364/1072 1071/1365/1071 1152/1401/1152
f 1072/1364/1072 1152/1401/1152 1148/1397/1148
f 1074/1362/1074 1072/1364/1072 1148/1397/1148
f 1076/1360/1076 1074/1362/1074 1148/1397/1148
f 1076/1360/1076 1148/1397/1148 1151/1400/1151
f 1076/1360/1076 1151/1400/1151 1149/1398/1149
f 1076/1360/1076 1149/1398/1149 1150/1399/1150
f 1077/1359/1077 1076/1360/1076 1150/1399/1150
f 1078/1358/1078 1077/1359/1077 1150/1399/1150
f 1078/1358/1078 1150/1399/1150 1154/1403/1154
f 1079/1357/1079 1078/1358/1078 1154/1403/1154
f 1080/1356/1080 1079/1357/1079 1154/1403/1154
f 1080/1356/1080 1154/1403/1154 1157/1406/1157
f 1081/1355/1081 1080/1356/1080 1157/1406/1157
f 1081/1355/1081 1157/1406/1157 1159/1408/1159
f 1082/1354/1082 1081/1355/1081 1159/1408/1159
f 1082/1354/1082 1159/1408/1159 1160/1409/1160
f 1083/1353/1083 1082/1354/1082 1160/1409/1160
f 1083/1353/1083 1160/1409/1160 1163/1412/1163
f 1084/1352/1084 1083/1353/1083 1163/1412/1163
f 1085/1351/1085 1084/1352/1084 1163/1412/1163
f 1085/1351/1085 1163/1412/1163 1165/1414/1165
f 1086/1350/1086 1085/1351/1085 1165/1414/1165
f 1087/1349/1087 1086/1350/1086 1165/1414/1165
f 1087/1349/1087 1165/1414/1165 1167/1416/1167
f 1087/1349/1087 1167/1416/1167 1168/1417/1168
f 1088/1348/1088 1087/1349/1087 1168/1417/1168
f 1088/1348/1088 1168/1417/1168 1169/1418/1169
f 1170/1419/1170 1088/1348/1088 1169/1418/1169
s 2
f 1174/1423/1174 1151/1493/1151 1148/1470/1148
f 1175/1424/1175 1174/1423/1174 1148/1470/1148
f 1175/1424/1175 1148/1470/1148 1172/1421/1172
f 1178/1427/1178 1154/1475/1154 1150/1476/1150
f 1150/1476/1150 1173/1422/1173 1179/1428/1179
f 1178/1427/1178 1150/1476/1150 1179/1428/1179
f 1180/1429/1180 1179/1428/1179 1173/1422/1173
f 1173/1422/1173 1174/1423/1174 1180/1429/1180
f 1181/1430/1181 1180/1429/1180 1174/1423/1174
f 1174/1423/1174 1175/1424/1175 1181/1430/1181
f 1182/1431/1182 1181/1430/1181 1175/1424/1175
f 1175/1424/1175 1176/1425/1176 1182/1431/1182
f 1183/1432/1183 1182/1431/1182 1176/1425/1176
f 1176/1425/1176 1177/1426/1177 1183/1432/1183
f 1186/1435/1186 1185/1434/1185 1178/1427/1178
f 1178/1427/1178 1179/1428/1179 1186/1435/1186
f 1187/1436/1187 1186/1435/1186 1179/1428/1179
f 1179/1428/1179 1180/1429/1180 1187/1436/1187
f 1188/1437/1188 1187/1436/1187 1180/1429/1180
f 1180/1429/1180 1181/1430/1181 1188/1437/1188
f 1189/1438/1189 1188/1437/1188 1181/1430/1181
f 1181/1430/1181 1182/1431/1182 1189/1438/1189
f 1190/1439/1190 1189/1438/1189 1182/1431/1182
f 1182/1431/1182 1183/1432/1183 1190/1439/1190
f 1191/1440/1191 1190/1439/1190 1183/1432/1183
f 1183/1432/1183 1184/1433/1184 1191/1440/1191
f 1192/1441/1192 1159/1481/1159 1157/1477/1157
f 1157/1477/1157 1185/1434/1185 1193/1442/1193
f 1192/1441/1192 1157/1477/1157 1193/1442/1193
f 1194/1443/1194 1193/1442/1193 1185/1434/1185
f 1185/1434/1185 1186/1435/1186 1194/1443/1194
f 1195/1444/1195 1194/1443/1194 1186/1435/1186
f 1186/1435/1186 1187/1436/1187 1195/1444/1195
f 1196/1445/1196 1195/1444/1195 1187/1436/1187
f 1187/1436/1187 1188/1437/1188 1196/1445/1196
f 1197/1446/1197 1196/1445/1196 1188/1437/1188
f 1188/1437/1188 1189/1438/1189 1197/1446/1197
f 1198/1447/1198 1197/1446/1197 1189/1438/1189
f 1189/1438/1189 1190/1439/1190 1198/1447/1198
f 1199/1448/1199 1198/1447/1198 1190/1439/1190
f 1190/1439/1190 1191/1440/1191 1199/1448/1199
f 1201/1450/1201 1160/1484/1160 1159/1481/1159
f 1193/1442/1193 1201/1450/1201 1159/1481/1159
f 1192/1441/1192 1193/1442/1193 1159/1481/1159
f 1202/1451/1202 1201/1450/1201 1193/1442/1193
f 1193/1442/1193 1194/1443/1194 1202/1451/1202
f 1203/1452/1203 1202/1451/1202 1194/1443/1194
f 1194/1443/1194 1195/1444/1195 1203/1452/1203
f 1204/1453/1204 1203/1452/1203 1195/1444/1195
f 1195/1444/1195 1196/1445/1196 1204/1453/1204
f 1205/1454/1205 1204/1453/1204 1196/1445/1196
f 1196/1445/1196 1197/1446/1197 1205/1454/1205
f 1206/1455/1206 1205/1454/1205 1197/1446/1197
f 1197/1446/1197 1198/1447/1198 1206/1455/1206
f 1207/1456/1207 1206/1455/1206 1198/1447/1198
f 1198/1447/1198 1199/1448/1199 1207/1456/1207
f 1209/1458/1209 1208/1457/1208 1201/1450/1201
f 1201/1450/1201 1202/1451/1202 1209/1458/1209
f 1210/1459/1210 1209/1458/1209 1202/1451/1202
f 1202/1451/1202 1203/1452/1203 1210/1459/1210
f 1211/1460/1211 1210/1459/1210 1203/1452/1203
f 1203/1452/1203 1204/1453/1204 1211/1460/1211
f 1212/1461/1212 1211/1460/1211 1204/1453/1204
f 1204/1453/1204 1205/1454/1205 1212/1461/1212
f 1213/1462/1213 1212/1461/1212 1205/1454/1205
f 1205/1454/1205 1206/1455/1206 1213/1462/1213
f 1214/1463/1214 1213/1462/1213 1206/1455/1206
f 1206/1455/1206 1207/1456/1207 1214/1463/1214
f 1208/1457/1208 1209/1458/1209 1215/1464/1215
f 1215/1464/1215 1167/1487/1167 1165/1488/1165
f 1208/1457/1208 1215/1464/1215 1165/1488/1165
f 1216/1465/1216 1215/1464/1215 1209/1458/1209
f 1209/1458/1209 1210/1459/1210 1216/1465/1216
f 1217/1466/1217 1216/1465/1216 1210/1459/1210
f 1210/1459/1210 1211/1460/1211 1217/1466/1217
f 1218/1467/1218 1217/1466/1217 1211/1460/1211
f 1211/1460/1211 1212/1461/1212 1218/1467/1218
f 1219/1468/1219 1218/1467/1218 1212/1461/1212
f 1212/1461/1212 1213/1462/1213 1219/1468/1219
f 1216/1465/1216 1217/1466/1217 1220/1469/1220
f 1220/1469/1220 1169/1491/1169 1168/1489/1168
f 1216/1465/1216 1220/1469/1220 1168/1489/1168
f 1149/1471/1149 1151/1493/1151 1174/1423/1174
f 1174/1423/1174 1173/1422/1173 1149/1471/1149
f 1150/1476/1150 1149/1471/1149 1173/1422/1173
f 1152/1472/1152 1153/1473/1153 1177/1426/1177
f 1177/1426/1177 1176/1425/1176 1152/1472/1152
f 1152/1472/1152 1176/1425/1176 1175/1424/1175
f 1152/1472/1152 1175/1424/1175 1172/1421/1172
f 1148/1470/1148 1152/1472/1152 1172/1421/1172
f 1184/1433/1184 1183/1432/1183 1177/1426/1177
f 1177/1426/1177 1155/1474/1155 1184/1433/1184
f 1153/1473/1153 1155/1474/1155 1177/1426/1177
f 1185/1434/1185 1157/1477/1157 1154/1475/1154
f 1154/1475/1154 1178/1427/1178 1185/1434/1185
f 1156/1478/1156 1158/1479/1158 1191/1440/1191
f 1191/1440/1191 1184/1433/1184 1156/1478/1156
f 1158/1479/1158 1161/1480/1161 1200/1449/1200
f 1200/1449/1200 1199/1448/1199 1191/1440/1191
f 1158/1479/1158 1200/1449/1200 1191/1440/1191
f 1207/1456/1207 1162/1482/1162 1164/1486/1164
f 1164/1486/1164 1214/1463/1214 1207/1456/1207
f 1162/1482/1162 1207/1456/1207 1199/1448/1199
f 1162/1482/1162 1199/1448/1199 1200/1449/1200
f 1161/1480/1161 1162/1482/1162 1200/1449/1200
f 1163/1483/1163 1160/1484/1160 1201/1450/1201
f 1201/1450/1201 1208/1457/1208 1163/1483/1163
f 1165/1488/1165 1163/1483/1163 1208/1457/1208
f 1166/1485/1166 1219/1468/1219 1213/1462/1213
f 1213/1462/1213 1214/1463/1214 1166/1485/1166
f 1164/1486/1164 1166/1485/1166 1214/1463/1214
f 1216/1465/1216 1168/1489/1168 1167/1487/1167
f 1167/1487/1167 1215/1464/1215 1216/1465/1216
f 1169/1491/1169 1220/1469/1220 1217/1466/1217
f 1169/1491/1169 1217/1466/1217 1218/1467/1218
f 1170/1490/1170 1169/1491/1169 1218/1467/1218
f 1171/1492/1171 1170/1490/1170 1218/1467/1218
f 1218/1467/1218 1219/1468/1219 1171/1492/1171
f 1155/1474/1155 1156/1478/1156 1184/1433/1184
f 1166/1485/1166 1171/1492/1171 1219/1468/1219
# 304 faces

g
# object Cylinder03 to come ...
#
v  -164.763962 50.223804 -59.719601
v  -164.763962 50.223804 -59.032665
v  -164.763962 50.390938 -59.051182
v  -164.763962 50.549061 -59.105732
v  -164.763962 50.689648 -59.193378
v  -164.763962 50.805122 -59.309391
v  -164.763962 50.889259 -59.447521
v  -164.763962 50.937519 -59.600315
v  -164.763962 50.947304 -59.759544
v  -164.763962 50.918083 -59.916615
v  -164.763962 50.851437 -60.063068
v  -164.763962 50.750950 -60.191006
v  -164.763962 50.622047 -60.293526
v  -164.763962 50.471676 -60.365108
v  -164.763962 50.307941 -60.401890
v  -164.763962 50.139668 -60.401890
v  -164.763962 49.975933 -60.365108
v  -164.763962 49.825562 -60.293526
v  -164.763962 49.696659 -60.191006
v  -164.763962 49.596172 -60.063068
v  -164.763962 49.529526 -59.916615
v  -164.763962 49.500305 -59.759544
v  -164.763962 49.510090 -59.600315
v  -164.763962 49.558350 -59.447521
v  -164.763962 49.642487 -59.309391
v  -164.763962 49.757961 -59.193378
v  -164.763962 49.898548 -59.105732
v  -164.763962 50.056671 -59.051182
v  -164.830658 50.223804 -59.032665
v  -164.830658 50.390938 -59.051182
v  -164.830658 50.549061 -59.105732
v  -164.830658 50.689648 -59.193378
v  -164.830658 50.805122 -59.309391
v  -164.830658 50.889259 -59.447521
v  -164.830658 50.937519 -59.600315
v  -164.830658 50.947304 -59.759544
v  -164.830658 50.918083 -59.916615
v  -164.830658 50.851437 -60.063068
v  -164.830658 50.750950 -60.191006
v  -164.830658 50.622047 -60.293526
v  -164.830658 50.471676 -60.365108
v  -164.830658 50.307941 -60.401890
v  -164.830658 50.139668 -60.401890
v  -164.830658 49.975933 -60.365108
v  -164.830658 49.825562 -60.293526
v  -164.830658 49.696659 -60.191006
v  -164.830658 49.596172 -60.063068
v  -164.830658 49.529526 -59.916615
v  -164.830658 49.500305 -59.759544
v  -164.830658 49.510090 -59.600315
v  -164.830658 49.558350 -59.447521
v  -164.830658 49.642487 -59.309391
v  -164.830658 49.757961 -59.193378
v  -164.830658 49.898548 -59.105732
v  -164.830658 50.056671 -59.051182
v  -164.897354 50.223804 -59.032665
v  -164.897354 50.390938 -59.051182
v  -164.897354 50.549061 -59.105732
v  -164.897354 50.689648 -59.193378
v  -164.897354 50.805122 -59.309391
v  -164.897354 50.889259 -59.447521
v  -164.897354 50.937519 -59.600315
v  -164.897354 50.947304 -59.759544
v  -164.897354 50.918083 -59.916615
v  -164.897354 50.851437 -60.063068
v  -164.897354 50.750950 -60.191006
v  -164.897354 50.622047 -60.293526
v  -164.897354 50.471676 -60.365108
v  -164.897354 50.307941 -60.401890
v  -164.897354 50.139668 -60.401890
v  -164.897354 49.975933 -60.365108
v  -164.897354 49.825562 -60.293526
v  -164.897354 49.696659 -60.191006
v  -164.897354 49.596172 -60.063068
v  -164.897354 49.529526 -59.916615
v  -164.897354 49.500305 -59.759544
v  -164.897354 49.510090 -59.600315
v  -164.897354 49.558350 -59.447521
v  -164.897354 49.642487 -59.309391
v  -164.897354 49.757961 -59.193378
v  -164.897354 49.898548 -59.105732
v  -164.897354 50.056671 -59.051182
v  -164.964050 50.223804 -59.032665
v  -164.964050 50.390938 -59.051182
v  -164.964050 50.549061 -59.105732
v  -164.964050 50.689648 -59.193378
v  -164.964050 50.805122 -59.309391
v  -164.964050 50.889259 -59.447521
v  -164.964050 50.937519 -59.600315
v  -164.964050 50.947304 -59.759544
v  -164.964050 50.918083 -59.916615
v  -164.964050 50.851437 -60.063068
v  -164.964050 50.750950 -60.191006
v  -164.964050 50.622047 -60.293526
v  -164.964050 50.471676 -60.365108
v  -164.964050 50.307941 -60.401890
v  -164.964050 50.139668 -60.401890
v  -164.964050 49.975933 -60.365108
v  -164.964050 49.825562 -60.293526
v  -164.964050 49.696659 -60.191006
v  -164.964050 49.596172 -60.063068
v  -164.964050 49.529526 -59.916615
v  -164.964050 49.500305 -59.759544
v  -164.964050 49.510090 -59.600315
v  -164.964050 49.558350 -59.447521
v  -164.964050 49.642487 -59.309391
v  -164.964050 49.757961 -59.193378
v  -164.964050 49.898548 -59.105732
v  -164.964050 50.056671 -59.051182
v  -165.030746 50.223804 -59.032665
v  -165.030746 50.390938 -59.051182
v  -165.030746 50.549061 -59.105732
v  -165.030746 50.689648 -59.193378
v  -165.030746 50.805122 -59.309391
v  -165.030746 50.889259 -59.447521
v  -165.030746 50.937519 -59.600315
v  -165.030746 50.947304 -59.759544
v  -165.030746 50.918083 -59.916615
v  -165.030746 50.851437 -60.063068
v  -165.030746 50.750950 -60.191006
v  -165.030746 50.622047 -60.293526
v  -165.030746 50.471676 -60.365108
v  -165.030746 50.307941 -60.401890
v  -165.030746 50.139668 -60.401890
v  -165.030746 49.975933 -60.365108
v  -165.030746 49.825562 -60.293526
v  -165.030746 49.696659 -60.191006
v  -165.030746 49.596172 -60.063068
v  -165.030746 49.529526 -59.916615
v  -165.030746 49.500305 -59.759544
v  -165.030746 49.510090 -59.600315
v  -165.030746 49.558350 -59.447521
v  -165.030746 49.642487 -59.309391
v  -165.030746 49.757961 -59.193378
v  -165.030746 49.898548 -59.105732
v  -165.030746 50.056671 -59.051182
v  -165.097443 50.223804 -59.032665
v  -165.097443 50.390938 -59.051182
v  -165.097443 50.549061 -59.105732
v  -165.097443 50.689648 -59.193378
v  -165.097443 50.805122 -59.309391
v  -165.097443 50.889259 -59.447521
v  -165.097443 50.937519 -59.600315
v  -165.097443 50.947304 -59.759544
v  -165.097443 50.918083 -59.916615
v  -165.097443 50.851437 -60.063068
v  -165.097443 50.750950 -60.191006
v  -165.097443 50.622047 -60.293526
v  -165.097443 50.471676 -60.365108
v  -165.097443 50.307941 -60.401890
v  -165.097443 50.139668 -60.401890
v  -165.097443 49.975933 -60.365108
v  -165.097443 49.825562 -60.293526
v  -165.097443 49.696659 -60.191006
v  -165.097443 49.596172 -60.063068
v  -165.097443 49.529526 -59.916615
v  -165.097443 49.500305 -59.759544
v  -165.097443 49.510090 -59.600315
v  -165.097443 49.558350 -59.447521
v  -165.097443 49.642487 -59.309391
v  -165.097443 49.757961 -59.193378
v  -165.097443 49.898548 -59.105732
v  -165.097443 50.056671 -59.051182
v  -165.097443 50.223804 -59.719601
# 164 vertices

vt  0.500000 0.000000 0.000000
vt  0.750000 0.000000 1.000000
vt  0.787037 0.000000 1.000000
vt  0.824074 0.000000 1.000000
vt  0.861111 0.000000 1.000000
vt  0.898148 0.000000 1.000000
vt  0.935185 0.000000 1.000000
vt  0.972222 0.000000 1.000000
vt  0.009259 0.000000 1.000000
vt  0.046296 0.000000 1.000000
vt  0.083333 0.000000 1.000000
vt  0.120370 0.000000 1.000000
vt  0.157407 0.000000 1.000000
vt  0.194444 0.000000 1.000000
vt  0.231482 0.000000 1.000000
vt  0.268519 0.000000 1.000000
vt  0.305556 0.000000 1.000000
vt  0.342593 0.000000 1.000000
vt  0.379630 0.000000 1.000000
vt  0.416667 0.000000 1.000000
vt  0.453704 0.000000 1.000000
vt  0.490741 0.000000 1.000000
vt  0.527778 0.000000 1.000000
vt  0.564815 0.000000 1.000000
vt  0.601852 0.000000 1.000000
vt  0.638889 0.000000 1.000000
vt  0.675926 0.000000 1.000000
vt  0.712963 0.000000 1.000000
vt  0.750000 0.200000 1.000000
vt  0.787037 0.200000 1.000000
vt  0.824074 0.200000 1.000000
vt  0.861111 0.200000 1.000000
vt  0.898148 0.200000 1.000000
vt  0.935185 0.200000 1.000000
vt  0.972222 0.200000 1.000000
vt  0.009259 0.200000 1.000000
vt  0.046296 0.200000 1.000000
vt  0.083333 0.200000 1.000000
vt  0.120370 0.200000 1.000000
vt  0.157407 0.200000 1.000000
vt  0.194444 0.200000 1.000000
vt  0.231482 0.200000 1.000000
vt  0.268519 0.200000 1.000000
vt  0.305556 0.200000 1.000000
vt  0.342593 0.200000 1.000000
vt  0.379630 0.200000 1.000000
vt  0.416667 0.200000 1.000000
vt  0.453704 0.200000 1.000000
vt  0.490741 0.200000 1.000000
vt  0.527778 0.200000 1.000000
vt  0.564815 0.200000 1.000000
vt  0.601852 0.200000 1.000000
vt  0.638889 0.200000 1.000000
vt  0.675926 0.200000 1.000000
vt  0.712963 0.200000 1.000000
vt  0.750000 0.400000 1.000000
vt  0.787037 0.400000 1.000000
vt  0.824074 0.400000 1.000000
vt  0.861111 0.400000 1.000000
vt  0.898148 0.400000 1.000000
vt  0.935185 0.400000 1.000000
vt  0.972222 0.400000 1.000000
vt  0.009259 0.400000 1.000000
vt  0.046296 0.400000 1.000000
vt  0.083333 0.400000 1.000000
vt  0.120370 0.400000 1.000000
vt  0.157407 0.400000 1.000000
vt  0.194444 0.400000 1.000000
vt  0.231482 0.400000 1.000000
vt  0.268519 0.400000 1.000000
vt  0.305556 0.400000 1.000000
vt  0.342593 0.400000 1.000000
vt  0.379630 0.400000 1.000000
vt  0.416667 0.400000 1.000000
vt  0.453704 0.400000 1.000000
vt  0.490741 0.400000 1.000000
vt  0.527778 0.400000 1.000000
vt  0.564815 0.400000 1.000000
vt  0.601852 0.400000 1.000000
vt  0.638889 0.400000 1.000000
vt  0.675926 0.400000 1.000000
vt  0.712963 0.400000 1.000000
vt  0.750000 0.600000 1.000000
vt  0.787037 0.600000 1.000000
vt  0.824074 0.600000 1.000000
vt  0.861111 0.600000 1.000000
vt  0.898148 0.600000 1.000000
vt  0.935185 0.600000 1.000000
vt  0.972222 0.600000 1.000000
vt  0.009259 0.600000 1.000000
vt  0.046296 0.600000 1.000000
vt  0.083333 0.600000 1.000000
vt  0.120370 0.600000 1.000000
vt  0.157407 0.600000 1.000000
vt  0.194444 0.600000 1.000000
vt  0.231482 0.600000 1.000000
vt  0.268519 0.600000 1.000000
vt  0.305556 0.600000 1.000000
vt  0.342593 0.600000 1.000000
vt  0.379630 0.600000 1.000000
vt  0.416667 0.600000 1.000000
vt  0.453704 0.600000 1.000000
vt  0.490741 0.600000 1.000000
vt  0.527778 0.600000 1.000000
vt  0.564815 0.600000 1.000000
vt  0.601852 0.600000 1.000000
vt  0.638889 0.600000 1.000000
vt  0.675926 0.600000 1.000000
vt  0.712963 0.600000 1.000000
vt  0.750000 0.800000 1.000000
vt  0.787037 0.800000 1.000000
vt  0.824074 0.800000 1.000000
vt  0.861111 0.800000 1.000000
vt  0.898148 0.800000 1.000000
vt  0.935185 0.800000 1.000000
vt  0.972222 0.800000 1.000000
vt  0.009259 0.800000 1.000000
vt  0.046296 0.800000 1.000000
vt  0.083333 0.800000 1.000000
vt  0.120370 0.800000 1.000000
vt  0.157407 0.800000 1.000000
vt  0.194444 0.800000 1.000000
vt  0.231482 0.800000 1.000000
vt  0.268519 0.800000 1.000000
vt  0.305556 0.800000 1.000000
vt  0.342593 0.800000 1.000000
vt  0.379630 0.800000 1.000000
vt  0.416667 0.800000 1.000000
vt  0.453704 0.800000 1.000000
vt  0.490741 0.800000 1.000000
vt  0.527778 0.800000 1.000000
vt  0.564815 0.800000 1.000000
vt  0.601852 0.800000 1.000000
vt  0.638889 0.800000 1.000000
vt  0.675926 0.800000 1.000000
vt  0.712963 0.800000 1.000000
vt  0.750000 1.000000 1.000000
vt  0.787037 1.000000 1.000000
vt  0.824074 1.000000 1.000000
vt  0.861111 1.000000 1.000000
vt  0.898148 1.000000 1.000000
vt  0.935185 1.000000 1.000000
vt  0.972222 1.000000 1.000000
vt  0.009259 1.000000 1.000000
vt  0.046296 1.000000 1.000000
vt  0.083333 1.000000 1.000000
vt  0.120370 1.000000 1.000000
vt  0.157407 1.000000 1.000000
vt  0.194444 1.000000 1.000000
vt  0.231482 1.000000 1.000000
vt  0.268519 1.000000 1.000000
vt  0.305556 1.000000 1.000000
vt  0.342593 1.000000 1.000000
vt  0.379630 1.000000 1.000000
vt  0.416667 1.000000 1.000000
vt  0.453704 1.000000 1.000000
vt  0.490741 1.000000 1.000000
vt  0.527778 1.000000 1.000000
vt  0.564815 1.000000 1.000000
vt  0.601852 1.000000 1.000000
vt  0.638889 1.000000 1.000000
vt  0.675926 1.000000 1.000000
vt  0.712963 1.000000 1.000000
vt  0.500000 1.000000 0.000000
vt  -0.027778 0.000000 1.000000
vt  -0.027778 0.000000 1.000000
vt  -0.027778 0.200000 1.000000
vt  -0.027778 0.000000 1.000000
vt  -0.027778 0.200000 1.000000
vt  -0.027778 0.400000 1.000000
vt  -0.027778 0.200000 1.000000
vt  -0.027778 0.400000 1.000000
vt  -0.027778 0.600000 1.000000
vt  -0.027778 0.400000 1.000000
vt  -0.027778 0.600000 1.000000
vt  -0.027778 0.800000 1.000000
vt  -0.027778 0.600000 1.000000
vt  -0.027778 0.800000 1.000000
vt  -0.027778 1.000000 1.000000
vt  -0.027778 0.800000 1.000000
vt  -0.027778 1.000000 1.000000
# 181 texture vertices

vn  1.299925 0.000000 0.000001
vn  2.599850 0.000000 0.000001
vn  2.599850 0.000000 0.000001
vn  2.599850 0.000000 0.000001
vn  2.599850 0.000000 0.000001
vn  2.599850 0.000000 0.000001
vn  2.599850 0.000000 0.000001
vn  2.599850 0.000000 0.000001
vn  2.599850 0.000000 0.000001
vn  2.599850 0.000000 0.000001
vn  2.599850 0.000000 0.000001
vn  2.599850 0.000000 0.000001
vn  2.599850 0.000000 0.000001
vn  2.599850 0.000000 0.000001
vn  2.599850 0.000000 0.000001
vn  2.599850 0.000000 0.000001
vn  2.599850 0.000000 0.000001
vn  2.599850 0.000000 0.000001
vn  2.599850 0.000000 0.000001
vn  2.599850 0.000000 0.000001
vn  2.599850 0.000000 0.000001
vn  2.599850 0.000000 0.000001
vn  2.599850 0.000000 0.000001
vn  2.599850 0.000000 0.000001
vn  2.599850 0.000000 0.000001
vn  2.599850 0.000000 0.000001
vn  2.599850 0.000000 0.000001
vn  2.599850 0.000000 0.000001
vn  -0.000001 -0.000001 1.299925
vn  -0.000001 0.316275 1.264885
vn  -0.000000 0.615500 1.161655
vn  -0.000000 0.881543 0.995800
vn  -0.000000 1.100062 0.776261
vn  -0.000000 1.259276 0.514874
vn  -0.000000 1.350602 0.225729
vn  -0.000000 1.369117 -0.075584
vn  0.000000 1.313823 -0.372823
vn  0.000000 1.187699 -0.649963
vn  0.000000 0.997547 -0.892063
vn  0.000000 0.753617 -1.086072
vn  0.000000 0.469059 -1.221530
vn  0.000001 0.159214 -1.291135
vn  0.000001 -0.159214 -1.291135
vn  0.000001 -0.469059 -1.221530
vn  0.000000 -0.753617 -1.086071
vn  0.000000 -0.997548 -0.892062
vn  0.000000 -1.187700 -0.649962
vn  0.000000 -1.313823 -0.372823
vn  0.000000 -1.369117 -0.075584
vn  -0.000000 -1.350602 0.225729
vn  -0.000000 -1.259276 0.514873
vn  -0.000000 -1.100062 0.776260
vn  -0.000000 -0.881544 0.995799
vn  -0.000000 -0.615501 1.161655
vn  -0.000000 -0.316277 1.264885
vn  -0.000001 -0.000001 1.299925
vn  -0.000001 0.316275 1.264885
vn  -0.000000 0.615500 1.161655
vn  -0.000000 0.881543 0.995800
vn  -0.000000 1.100062 0.776261
vn  -0.000000 1.259276 0.514874
vn  -0.000000 1.350602 0.225729
vn  -0.000000 1.369117 -0.075584
vn  0.000000 1.313823 -0.372823
vn  0.000000 1.187699 -0.649963
vn  0.000000 0.997547 -0.892063
vn  0.000000 0.753617 -1.086072
vn  0.000000 0.469059 -1.221530
vn  0.000001 0.159214 -1.291135
vn  0.000001 -0.159214 -1.291135
vn  0.000001 -0.469059 -1.221530
vn  0.000000 -0.753617 -1.086071
vn  0.000000 -0.997548 -0.892062
vn  0.000000 -1.187700 -0.649962
vn  0.000000 -1.313823 -0.372823
vn  0.000000 -1.369117 -0.075584
vn  -0.000000 -1.350602 0.225729
vn  -0.000000 -1.259276 0.514873
vn  -0.000000 -1.100062 0.776260
vn  -0.000000 -0.881544 0.995799
vn  -0.000000 -0.615501 1.161655
vn  -0.000000 -0.316277 1.264885
vn  -0.000001 -0.000001 1.299925
vn  -0.000001 0.316275 1.264885
vn  -0.000000 0.615500 1.161655
vn  -0.000000 0.881543 0.995800
vn  -0.000000 1.100062 0.776261
vn  -0.000000 1.259276 0.514874
vn  -0.000000 1.350602 0.225729
vn  -0.000000 1.369117 -0.075584
vn  0.000000 1.313823 -0.372823
vn  0.000000 1.187699 -0.649963
vn  0.000000 0.997547 -0.892063
vn  0.000000 0.753617 -1.086072
vn  0.000000 0.469059 -1.221530
vn  0.000001 0.159214 -1.291135
vn  0.000001 -0.159214 -1.291135
vn  0.000001 -0.469059 -1.221530
vn  0.000000 -0.753617 -1.086071
vn  0.000000 -0.997548 -0.892062
vn  0.000000 -1.187700 -0.649962
vn  0.000000 -1.313823 -0.372823
vn  0.000000 -1.369117 -0.075584
vn  -0.000000 -1.350602 0.225729
vn  -0.000000 -1.259276 0.514873
vn  -0.000000 -1.100062 0.776260
vn  -0.000000 -0.881544 0.995799
vn  -0.000000 -0.615501 1.161655
vn  -0.000000 -0.316277 1.264885
vn  -0.000001 -0.000001 1.299925
vn  -0.000001 0.316275 1.264885
vn  -0.000000 0.615500 1.161655
vn  -0.000000 0.881543 0.995800
vn  -0.000000 1.100062 0.776261
vn  -0.000000 1.259276 0.514874
vn  -0.000000 1.350602 0.225729
vn  -0.000000 1.369117 -0.075584
vn  0.000000 1.313823 -0.372823
vn  0.000000 1.187699 -0.649963
vn  0.000000 0.997547 -0.892063
vn  0.000000 0.753617 -1.086072
vn  0.000000 0.469059 -1.221530
vn  0.000001 0.159214 -1.291135
vn  0.000001 -0.159214 -1.291135
vn  0.000001 -0.469059 -1.221530
vn  0.000000 -0.753617 -1.086071
vn  0.000000 -0.997548 -0.892062
vn  0.000000 -1.187700 -0.649962
vn  0.000000 -1.313823 -0.372823
vn  0.000000 -1.369117 -0.075584
vn  -0.000000 -1.350602 0.225729
vn  -0.000000 -1.259276 0.514873
vn  -0.000000 -1.100062 0.776260
vn  -0.000000 -0.881544 0.995799
vn  -0.000000 -0.615501 1.161655
vn  -0.000000 -0.316277 1.264885
vn  -0.000002 -0.159217 3.873406
vn  -0.000002 0.787487 3.803800
vn  -0.000001 1.691736 3.529131
vn  -0.000001 2.504782 3.064205
vn  -0.000001 3.182794 2.434088
vn  -0.000001 3.689221 1.672748
vn  -0.000001 3.996762 0.821229
vn  -0.000000 4.088837 -0.074562
vn  0.000000 3.960480 -0.966333
vn  0.000001 3.618613 -1.806010
vn  0.000001 3.081666 -2.548323
vn  0.000001 2.378585 -3.153256
vn  0.000001 1.547275 -3.588196
vn  0.000002 0.632550 -3.829696
vn  0.000002 -0.316276 -3.864735
vn  0.000002 -1.248051 -3.691426
vn  0.000001 -2.112544 -3.319110
vn  0.000001 -2.863148 -2.767861
vn  0.000001 -3.459400 -2.067396
vn  0.000001 -3.869154 -1.255478
vn  0.000000 -4.070322 -0.375876
vn  -0.000000 -4.052057 0.523988
vn  -0.000000 -3.815346 1.395606
vn  -0.000001 -3.372948 2.191985
vn  -0.000001 -2.748715 2.870194
vn  -0.000001 -1.976297 3.393671
vn  -0.000001 -1.097337 3.734194
vn  -1.299925 -0.000000 -0.000001
# 164 vertex normals

g Cylinder03
usemtl drevo_skrin
s 1
f 1221/1494/1221 1223/1496/1223 1222/1495/1222
f 1221/1494/1221 1224/1497/1224 1223/1496/1223
f 1221/1494/1221 1225/1498/1225 1224/1497/1224
f 1221/1494/1221 1226/1499/1226 1225/1498/1225
f 1221/1494/1221 1227/1500/1227 1226/1499/1226
f 1221/1494/1221 1228/1501/1228 1227/1500/1227
f 1221/1494/1221 1229/1502/1229 1228/1658/1228
f 1221/1494/1221 1230/1503/1230 1229/1502/1229
f 1221/1494/1221 1231/1504/1231 1230/1503/1230
f 1221/1494/1221 1232/1505/1232 1231/1504/1231
f 1221/1494/1221 1233/1506/1233 1232/1505/1232
f 1221/1494/1221 1234/1507/1234 1233/1506/1233
f 1221/1494/1221 1235/1508/1235 1234/1507/1234
f 1221/1494/1221 1236/1509/1236 1235/1508/1235
f 1221/1494/1221 1237/1510/1237 1236/1509/1236
f 1221/1494/1221 1238/1511/1238 1237/1510/1237
f 1221/1494/1221 1239/1512/1239 1238/1511/1238
f 1221/1494/1221 1240/1513/1240 1239/1512/1239
f 1221/1494/1221 1241/1514/1241 1240/1513/1240
f 1221/1494/1221 1242/1515/1242 1241/1514/1241
f 1221/1494/1221 1243/1516/1243 1242/1515/1242
f 1221/1494/1221 1244/1517/1244 1243/1516/1243
f 1221/1494/1221 1245/1518/1245 1244/1517/1244
f 1221/1494/1221 1246/1519/1246 1245/1518/1245
f 1221/1494/1221 1247/1520/1247 1246/1519/1246
f 1221/1494/1221 1248/1521/1248 1247/1520/1247
f 1221/1494/1221 1222/1495/1222 1248/1521/1248
s 8
f 1222/1495/1222 1250/1523/1250 1249/1522/1249
f 1222/1495/1222 1223/1496/1223 1250/1523/1250
f 1223/1496/1223 1251/1524/1251 1250/1523/1250
f 1223/1496/1223 1224/1497/1224 1251/1524/1251
f 1224/1497/1224 1252/1525/1252 1251/1524/1251
f 1224/1497/1224 1225/1498/1225 1252/1525/1252
f 1225/1498/1225 1253/1526/1253 1252/1525/1252
f 1225/1498/1225 1226/1499/1226 1253/1526/1253
f 1226/1499/1226 1254/1527/1254 1253/1526/1253
f 1226/1499/1226 1227/1500/1227 1254/1527/1254
f 1227/1500/1227 1255/1528/1255 1254/1527/1254
f 1227/1500/1227 1228/1501/1228 1255/1528/1255
f 1228/1659/1228 1256/1529/1256 1255/1660/1255
f 1228/1661/1228 1229/1502/1229 1256/1529/1256
f 1229/1502/1229 1257/1530/1257 1256/1529/1256
f 1229/1502/1229 1230/1503/1230 1257/1530/1257
f 1230/1503/1230 1258/1531/1258 1257/1530/1257
f 1230/1503/1230 1231/1504/1231 1258/1531/1258
f 1231/1504/1231 1259/1532/1259 1258/1531/1258
f 1231/1504/1231 1232/1505/1232 1259/1532/1259
f 1232/1505/1232 1260/1533/1260 1259/1532/1259
f 1232/1505/1232 1233/1506/1233 1260/1533/1260
f 1233/1506/1233 1261/1534/1261 1260/1533/1260
f 1233/1506/1233 1234/1507/1234 1261/1534/1261
f 1234/1507/1234 1262/1535/1262 1261/1534/1261
f 1234/1507/1234 1235/1508/1235 1262/1535/1262
f 1235/1508/1235 1263/1536/1263 1262/1535/1262
f 1235/1508/1235 1236/1509/1236 1263/1536/1263
f 1236/1509/1236 1264/1537/1264 1263/1536/1263
f 1236/1509/1236 1237/1510/1237 1264/1537/1264
f 1237/1510/1237 1265/1538/1265 1264/1537/1264
f 1237/1510/1237 1238/1511/1238 1265/1538/1265
f 1238/1511/1238 1266/1539/1266 1265/1538/1265
f 1238/1511/1238 1239/1512/1239 1266/1539/1266
f 1239/1512/1239 1267/1540/1267 1266/1539/1266
f 1239/1512/1239 1240/1513/1240 1267/1540/1267
f 1240/1513/1240 1268/1541/1268 1267/1540/1267
f 1240/1513/1240 1241/1514/1241 1268/1541/1268
f 1241/1514/1241 1269/1542/1269 1268/1541/1268
f 1241/1514/1241 1242/1515/1242 1269/1542/1269
f 1242/1515/1242 1270/1543/1270 1269/1542/1269
f 1242/1515/1242 1243/1516/1243 1270/1543/1270
f 1243/1516/1243 1271/1544/1271 1270/1543/1270
f 1243/1516/1243 1244/1517/1244 1271/1544/1271
f 1244/1517/1244 1272/1545/1272 1271/1544/1271
f 1244/1517/1244 1245/1518/1245 1272/1545/1272
f 1245/1518/1245 1273/1546/1273 1272/1545/1272
f 1245/1518/1245 1246/1519/1246 1273/1546/1273
f 1246/1519/1246 1274/1547/1274 1273/1546/1273
f 1246/1519/1246 1247/1520/1247 1274/1547/1274
f 1247/1520/1247 1275/1548/1275 1274/1547/1274
f 1247/1520/1247 1248/1521/1248 1275/1548/1275
f 1248/1521/1248 1249/1522/1249 1275/1548/1275
f 1248/1521/1248 1222/1495/1222 1249/1522/1249
f 1249/1522/1249 1277/1550/1277 1276/1549/1276
f 1249/1522/1249 1250/1523/1250 1277/1550/1277
f 1250/1523/1250 1278/1551/1278 1277/1550/1277
f 1250/1523/1250 1251/1524/1251 1278/1551/1278
f 1251/1524/1251 1279/1552/1279 1278/1551/1278
f 1251/1524/1251 1252/1525/1252 1279/1552/1279
f 1252/1525/1252 1280/1553/1280 1279/1552/1279
f 1252/1525/1252 1253/1526/1253 1280/1553/1280
f 1253/1526/1253 1281/1554/1281 1280/1553/1280
f 1253/1526/1253 1254/1527/1254 1281/1554/1281
f 1254/1527/1254 1282/1555/1282 1281/1554/1281
f 1254/1527/1254 1255/1528/1255 1282/1555/1282
f 1255/1662/1255 1283/1556/1283 1282/1663/1282
f 1255/1664/1255 1256/1529/1256 1283/1556/1283
f 1256/1529/1256 1284/1557/1284 1283/1556/1283
f 1256/1529/1256 1257/1530/1257 1284/1557/1284
f 1257/1530/1257 1285/1558/1285 1284/1557/1284
f 1257/1530/1257 1258/1531/1258 1285/1558/1285
f 1258/1531/1258 1286/1559/1286 1285/1558/1285
f 1258/1531/1258 1259/1532/1259 1286/1559/1286
f 1259/1532/1259 1287/1560/1287 1286/1559/1286
f 1259/1532/1259 1260/1533/1260 1287/1560/1287
f 1260/1533/1260 1288/1561/1288 1287/1560/1287
f 1260/1533/1260 1261/1534/1261 1288/1561/1288
f 1261/1534/1261 1289/1562/1289 1288/1561/1288
f 1261/1534/1261 1262/1535/1262 1289/1562/1289
f 1262/1535/1262 1290/1563/1290 1289/1562/1289
f 1262/1535/1262 1263/1536/1263 1290/1563/1290
f 1263/1536/1263 1291/1564/1291 1290/1563/1290
f 1263/1536/1263 1264/1537/1264 1291/1564/1291
f 1264/1537/1264 1292/1565/1292 1291/1564/1291
f 1264/1537/1264 1265/1538/1265 1292/1565/1292
f 1265/1538/1265 1293/1566/1293 1292/1565/1292
f 1265/1538/1265 1266/1539/1266 1293/1566/1293
f 1266/1539/1266 1294/1567/1294 1293/1566/1293
f 1266/1539/1266 1267/1540/1267 1294/1567/1294
f 1267/1540/1267 1295/1568/1295 1294/1567/1294
f 1267/1540/1267 1268/1541/1268 1295/1568/1295
f 1268/1541/1268 1296/1569/1296 1295/1568/1295
f 1268/1541/1268 1269/1542/1269 1296/1569/1296
f 1269/1542/1269 1297/1570/1297 1296/1569/1296
f 1269/1542/1269 1270/1543/1270 1297/1570/1297
f 1270/1543/1270 1298/1571/1298 1297/1570/1297
f 1270/1543/1270 1271/1544/1271 1298/1571/1298
f 1271/1544/1271 1299/1572/1299 1298/1571/1298
f 1271/1544/1271 1272/1545/1272 1299/1572/1299
f 1272/1545/1272 1300/1573/1300 1299/1572/1299
f 1272/1545/1272 1273/1546/1273 1300/1573/1300
f 1273/1546/1273 1301/1574/1301 1300/1573/1300
f 1273/1546/1273 1274/1547/1274 1301/1574/1301
f 1274/1547/1274 1302/1575/1302 1301/1574/1301
f 1274/1547/1274 1275/1548/1275 1302/1575/1302
f 1275/1548/1275 1276/1549/1276 1302/1575/1302
f 1275/1548/1275 1249/1522/1249 1276/1549/1276
f 1276/1549/1276 1304/1577/1304 1303/1576/1303
f 1276/1549/1276 1277/1550/1277 1304/1577/1304
f 1277/1550/1277 1305/1578/1305 1304/1577/1304
f 1277/1550/1277 1278/1551/1278 1305/1578/1305
f 1278/1551/1278 1306/1579/1306 1305/1578/1305
f 1278/1551/1278 1279/1552/1279 1306/1579/1306
f 1279/1552/1279 1307/1580/1307 1306/1579/1306
f 1279/1552/1279 1280/1553/1280 1307/1580/1307
f 1280/1553/1280 1308/1581/1308 1307/1580/1307
f 1280/1553/1280 1281/1554/1281 1308/1581/1308
f 1281/1554/1281 1309/1582/1309 1308/1581/1308
f 1281/1554/1281 1282/1555/1282 1309/1582/1309
f 1282/1665/1282 1310/1583/1310 1309/1666/1309
f 1282/1667/1282 1283/1556/1283 1310/1583/1310
f 1283/1556/1283 1311/1584/1311 1310/1583/1310
f 1283/1556/1283 1284/1557/1284 1311/1584/1311
f 1284/1557/1284 1312/1585/1312 1311/1584/1311
f 1284/1557/1284 1285/1558/1285 1312/1585/1312
f 1285/1558/1285 1313/1586/1313 1312/1585/1312
f 1285/1558/1285 1286/1559/1286 1313/1586/1313
f 1286/1559/1286 1314/1587/1314 1313/1586/1313
f 1286/1559/1286 1287/1560/1287 1314/1587/1314
f 1287/1560/1287 1315/1588/1315 1314/1587/1314
f 1287/1560/1287 1288/1561/1288 1315/1588/1315
f 1288/1561/1288 1316/1589/1316 1315/1588/1315
f 1288/1561/1288 1289/1562/1289 1316/1589/1316
f 1289/1562/1289 1317/1590/1317 1316/1589/1316
f 1289/1562/1289 1290/1563/1290 1317/1590/1317
f 1290/1563/1290 1318/1591/1318 1317/1590/1317
f 1290/1563/1290 1291/1564/1291 1318/1591/1318
f 1291/1564/1291 1319/1592/1319 1318/1591/1318
f 1291/1564/1291 1292/1565/1292 1319/1592/1319
f 1292/1565/1292 1320/1593/1320 1319/1592/1319
f 1292/1565/1292 1293/1566/1293 1320/1593/1320
f 1293/1566/1293 1321/1594/1321 1320/1593/1320
f 1293/1566/1293 1294/1567/1294 1321/1594/1321
f 1294/1567/1294 1322/1595/1322 1321/1594/1321
f 1294/1567/1294 1295/1568/1295 1322/1595/1322
f 1295/1568/1295 1323/1596/1323 1322/1595/1322
f 1295/1568/1295 1296/1569/1296 1323/1596/1323
f 1296/1569/1296 1324/1597/1324 1323/1596/1323
f 1296/1569/1296 1297/1570/1297 1324/1597/1324
f 1297/1570/1297 1325/1598/1325 1324/1597/1324
f 1297/1570/1297 1298/1571/1298 1325/1598/1325
f 1298/1571/1298 1326/1599/1326 1325/1598/1325
f 1298/1571/1298 1299/1572/1299 1326/1599/1326
f 1299/1572/1299 1327/1600/1327 1326/1599/1326
f 1299/1572/1299 1300/1573/1300 1327/1600/1327
f 1300/1573/1300 1328/1601/1328 1327/1600/1327
f 1300/1573/1300 1301/1574/1301 1328/1601/1328
f 1301/1574/1301 1329/1602/1329 1328/1601/1328
f 1301/1574/1301 1302/1575/1302 1329/1602/1329
f 1302/1575/1302 1303/1576/1303 1329/1602/1329
f 1302/1575/1302 1276/1549/1276 1303/1576/1303
f 1303/1576/1303 1331/1604/1331 1330/1603/1330
f 1303/1576/1303 1304/1577/1304 1331/1604/1331
f 1304/1577/1304 1332/1605/1332 1331/1604/1331
f 1304/1577/1304 1305/1578/1305 1332/1605/1332
f 1305/1578/1305 1333/1606/1333 1332/1605/1332
f 1305/1578/1305 1306/1579/1306 1333/1606/1333
f 1306/1579/1306 1334/1607/1334 1333/1606/1333
f 1306/1579/1306 1307/1580/1307 1334/1607/1334
f 1307/1580/1307 1335/1608/1335 1334/1607/1334
f 1307/1580/1307 1308/1581/1308 1335/1608/1335
f 1308/1581/1308 1336/1609/1336 1335/1608/1335
f 1308/1581/1308 1309/1582/1309 1336/1609/1336
f 1309/1668/1309 1337/1610/1337 1336/1669/1336
f 1309/1670/1309 1310/1583/1310 1337/1610/1337
f 1310/1583/1310 1338/1611/1338 1337/1610/1337
f 1310/1583/1310 1311/1584/1311 1338/1611/1338
f 1311/1584/1311 1339/1612/1339 1338/1611/1338
f 1311/1584/1311 1312/1585/1312 1339/1612/1339
f 1312/1585/1312 1340/1613/1340 1339/1612/1339
f 1312/1585/1312 1313/1586/1313 1340/1613/1340
f 1313/1586/1313 1341/1614/1341 1340/1613/1340
f 1313/1586/1313 1314/1587/1314 1341/1614/1341
f 1314/1587/1314 1342/1615/1342 1341/1614/1341
f 1314/1587/1314 1315/1588/1315 1342/1615/1342
f 1315/1588/1315 1343/1616/1343 1342/1615/1342
f 1315/1588/1315 1316/1589/1316 1343/1616/1343
f 1316/1589/1316 1344/1617/1344 1343/1616/1343
f 1316/1589/1316 1317/1590/1317 1344/1617/1344
f 1317/1590/1317 1345/1618/1345 1344/1617/1344
f 1317/1590/1317 1318/1591/1318 1345/1618/1345
f 1318/1591/1318 1346/1619/1346 1345/1618/1345
f 1318/1591/1318 1319/1592/1319 1346/1619/1346
f 1319/1592/1319 1347/1620/1347 1346/1619/1346
f 1319/1592/1319 1320/1593/1320 1347/1620/1347
f 1320/1593/1320 1348/1621/1348 1347/1620/1347
f 1320/1593/1320 1321/1594/1321 1348/1621/1348
f 1321/1594/1321 1349/1622/1349 1348/1621/1348
f 1321/1594/1321 1322/1595/1322 1349/1622/1349
f 1322/1595/1322 1350/1623/1350 1349/1622/1349
f 1322/1595/1322 1323/1596/1323 1350/1623/1350
f 1323/1596/1323 1351/1624/1351 1350/1623/1350
f 1323/1596/1323 1324/1597/1324 1351/1624/1351
f 1324/1597/1324 1352/1625/1352 1351/1624/1351
f 1324/1597/1324 1325/1598/1325 1352/1625/1352
f 1325/1598/1325 1353/1626/1353 1352/1625/1352
f 1325/1598/1325 1326/1599/1326 1353/1626/1353
f 1326/1599/1326 1354/1627/1354 1353/1626/1353
f 1326/1599/1326 1327/1600/1327 1354/1627/1354
f 1327/1600/1327 1355/1628/1355 1354/1627/1354
f 1327/1600/1327 1328/1601/1328 1355/1628/1355
f 1328/1601/1328 1356/1629/1356 1355/1628/1355
f 1328/1601/1328 1329/1602/1329 1356/1629/1356
f 1329/1602/1329 1330/1603/1330 1356/1629/1356
f 1329/1602/1329 1303/1576/1303 1330/1603/1330
f 1330/1603/1330 1358/1631/1358 1357/1630/1357
f 1330/1603/1330 1331/1604/1331 1358/1631/1358
f 1331/1604/1331 1359/1632/1359 1358/1631/1358
f 1331/1604/1331 1332/1605/1332 1359/1632/1359
f 1332/1605/1332 1360/1633/1360 1359/1632/1359
f 1332/1605/1332 1333/1606/1333 1360/1633/1360
f 1333/1606/1333 1361/1634/1361 1360/1633/1360
f 1333/1606/1333 1334/1607/1334 1361/1634/1361
f 1334/1607/1334 1362/1635/1362 1361/1634/1361
f 1334/1607/1334 1335/1608/1335 1362/1635/1362
f 1335/1608/1335 1363/1636/1363 1362/1635/1362
f 1335/1608/1335 1336/1609/1336 1363/1636/1363
f 1336/1671/1336 1364/1637/1364 1363/1672/1363
f 1336/1673/1336 1337/1610/1337 1364/1637/1364
f 1337/1610/1337 1365/1638/1365 1364/1637/1364
f 1337/1610/1337 1338/1611/1338 1365/1638/1365
f 1338/1611/1338 1366/1639/1366 1365/1638/1365
f 1338/1611/1338 1339/1612/1339 1366/1639/1366
f 1339/1612/1339 1367/1640/1367 1366/1639/1366
f 1339/1612/1339 1340/1613/1340 1367/1640/1367
f 1340/1613/1340 1368/1641/1368 1367/1640/1367
f 1340/1613/1340 1341/1614/1341 1368/1641/1368
f 1341/1614/1341 1369/1642/1369 1368/1641/1368
f 1341/1614/1341 1342/1615/1342 1369/1642/1369
f 1342/1615/1342 1370/1643/1370 1369/1642/1369
f 1342/1615/1342 1343/1616/1343 1370/1643/1370
f 1343/1616/1343 1371/1644/1371 1370/1643/1370
f 1343/1616/1343 1344/1617/1344 1371/1644/1371
f 1344/1617/1344 1372/1645/1372 1371/1644/1371
f 1344/1617/1344 1345/1618/1345 1372/1645/1372
f 1345/1618/1345 1373/1646/1373 1372/1645/1372
f 1345/1618/1345 1346/1619/1346 1373/1646/1373
f 1346/1619/1346 1374/1647/1374 1373/1646/1373
f 1346/1619/1346 1347/1620/1347 1374/1647/1374
f 1347/1620/1347 1375/1648/1375 1374/1647/1374
f 1347/1620/1347 1348/1621/1348 1375/1648/1375
f 1348/1621/1348 1376/1649/1376 1375/1648/1375
f 1348/1621/1348 1349/1622/1349 1376/1649/1376
f 1349/1622/1349 1377/1650/1377 1376/1649/1376
f 1349/1622/1349 1350/1623/1350 1377/1650/1377
f 1350/1623/1350 1378/1651/1378 1377/1650/1377
f 1350/1623/1350 1351/1624/1351 1378/1651/1378
f 1351/1624/1351 1379/1652/1379 1378/1651/1378
f 1351/1624/1351 1352/1625/1352 1379/1652/1379
f 1352/1625/1352 1380/1653/1380 1379/1652/1379
f 1352/1625/1352 1353/1626/1353 1380/1653/1380
f 1353/1626/1353 1381/1654/1381 1380/1653/1380
f 1353/1626/1353 1354/1627/1354 1381/1654/1381
f 1354/1627/1354 1382/1655/1382 1381/1654/1381
f 1354/1627/1354 1355/1628/1355 1382/1655/1382
f 1355/1628/1355 1383/1656/1383 1382/1655/1382
f 1355/1628/1355 1356/1629/1356 1383/1656/1383
f 1356/1629/1356 1357/1630/1357 1383/1656/1383
f 1356/1629/1356 1330/1603/1330 1357/1630/1357
s 1
f 1384/1657/1384 1357/1630/1357 1358/1631/1358
f 1384/1657/1384 1358/1631/1358 1359/1632/1359
f 1384/1657/1384 1359/1632/1359 1360/1633/1360
f 1384/1657/1384 1360/1633/1360 1361/1634/1361
f 1384/1657/1384 1361/1634/1361 1362/1635/1362
f 1384/1657/1384 1362/1635/1362 1363/1636/1363
f 1384/1657/1384 1363/1674/1363 1364/1637/1364
f 1384/1657/1384 1364/1637/1364 1365/1638/1365
f 1384/1657/1384 1365/1638/1365 1366/1639/1366
f 1384/1657/1384 1366/1639/1366 1367/1640/1367
f 1384/1657/1384 1367/1640/1367 1368/1641/1368
f 1384/1657/1384 1368/1641/1368 1369/1642/1369
f 1384/1657/1384 1369/1642/1369 1370/1643/1370
f 1384/1657/1384 1370/1643/1370 1371/1644/1371
f 1384/1657/1384 1371/1644/1371 1372/1645/1372
f 1384/1657/1384 1372/1645/1372 1373/1646/1373
f 1384/1657/1384 1373/1646/1373 1374/1647/1374
f 1384/1657/1384 1374/1647/1374 1375/1648/1375
f 1384/1657/1384 1375/1648/1375 1376/1649/1376
f 1384/1657/1384 1376/1649/1376 1377/1650/1377
f 1384/1657/1384 1377/1650/1377 1378/1651/1378
f 1384/1657/1384 1378/1651/1378 1379/1652/1379
f 1384/1657/1384 1379/1652/1379 1380/1653/1380
f 1384/1657/1384 1380/1653/1380 1381/1654/1381
f 1384/1657/1384 1381/1654/1381 1382/1655/1382
f 1384/1657/1384 1382/1655/1382 1383/1656/1383
f 1384/1657/1384 1383/1656/1383 1357/1630/1357
# 324 faces

g
# object Arc03 to come ...
#
v  -163.302460 50.286499 -59.033638
v  -163.337509 50.286499 -59.118305
v  -163.381912 50.286499 -59.197575
v  -163.434998 50.286499 -59.270752
v  -163.496140 50.286499 -59.337154
v  -163.564713 50.286499 -59.396084
v  -163.640060 50.286499 -59.446846
v  -163.721542 50.286499 -59.488758
v  -163.807419 50.286499 -59.520756
v  -163.895691 50.286499 -59.542248
v  -163.985428 50.286499 -59.553226
v  -164.075699 50.286499 -59.553692
v  -164.165543 50.286499 -59.543633
v  -164.254028 50.286499 -59.523048
v  -164.340225 50.286499 -59.491928
v  -164.422150 50.286499 -59.450859
v  -164.498016 50.286499 -59.400867
v  -164.567169 50.286499 -59.342648
v  -164.628998 50.286499 -59.276878
v  -164.682831 50.286499 -59.204243
v  -164.728043 50.286499 -59.125435
v  -164.763962 50.286499 -59.041134
v  -163.302460 50.105934 -59.038197
v  -163.337509 50.127846 -59.119976
v  -163.381912 50.148361 -59.196545
v  -163.434998 50.167301 -59.267231
v  -163.496140 50.184486 -59.331371
v  -163.564713 50.199738 -59.388290
v  -163.640060 50.212879 -59.437325
v  -163.721542 50.223724 -59.477806
v  -163.807419 50.232006 -59.508717
v  -163.895691 50.237572 -59.529476
v  -163.985428 50.240410 -59.540081
v  -164.075699 50.240532 -59.540527
v  -164.165543 50.237926 -59.530811
v  -164.254028 50.232601 -59.510929
v  -164.340225 50.224548 -59.480873
v  -164.422150 50.213917 -59.441200
v  -164.498016 50.200977 -59.392914
v  -164.567169 50.185909 -59.336674
v  -164.628998 50.168888 -59.273148
v  -164.682831 50.150089 -59.202988
v  -164.728043 50.129692 -59.126865
v  -164.763962 50.107872 -59.045437
v  -163.302460 49.932697 -59.089336
v  -163.337509 49.975029 -59.162655
v  -163.381912 50.014664 -59.231304
v  -163.434998 50.051254 -59.294682
v  -163.496140 50.084454 -59.352184
v  -163.564713 50.113918 -59.403221
v  -163.640060 50.139301 -59.447182
v  -163.721542 50.160255 -59.483479
v  -163.807419 50.176258 -59.511189
v  -163.895691 50.187004 -59.529804
v  -163.985428 50.192493 -59.539310
v  -164.075699 50.192722 -59.539711
v  -164.165543 50.187695 -59.531002
v  -164.254028 50.177402 -59.513172
v  -164.340225 50.161842 -59.486225
v  -164.422150 50.141308 -59.450657
v  -164.498016 50.116314 -59.407364
v  -164.567169 50.087200 -59.356941
v  -164.628998 50.054317 -59.299984
v  -164.682831 50.018002 -59.237083
v  -164.728043 49.978596 -59.168831
v  -164.763962 49.936447 -59.095825
v  -163.302460 49.778603 -59.183567
v  -163.337509 49.838470 -59.243431
v  -163.381912 49.894520 -59.299484
v  -163.434998 49.946266 -59.351231
v  -163.496140 49.993217 -59.398182
v  -163.564713 50.034889 -59.439850
v  -163.640060 50.070786 -59.475746
v  -163.721542 50.100418 -59.505383
v  -163.807419 50.123047 -59.528008
v  -163.895691 50.138241 -59.543205
v  -163.985428 50.146008 -59.550968
v  -164.075699 50.146332 -59.551296
v  -164.165543 50.139221 -59.544186
v  -164.254028 50.124664 -59.529629
v  -164.340225 50.102661 -59.507626
v  -164.422150 50.073620 -59.478584
v  -164.498016 50.038273 -59.443237
v  -164.567169 49.997101 -59.402065
v  -164.628998 49.950596 -59.355560
v  -164.682831 49.899239 -59.304203
v  -164.728043 49.843510 -59.248474
v  -164.763962 49.783901 -59.188866
v  -163.302460 49.654144 -59.314468
v  -163.337509 49.727467 -59.356800
v  -163.381912 49.796116 -59.396435
v  -163.434998 49.859493 -59.433025
v  -163.496140 49.916996 -59.466225
v  -163.564713 49.968029 -59.495689
v  -163.640060 50.011993 -59.521072
v  -163.721542 50.048286 -59.542027
v  -163.807419 50.076000 -59.558025
v  -163.895691 50.094612 -59.568771
v  -163.985428 50.104122 -59.574265
v  -164.075699 50.104523 -59.574493
v  -164.165543 50.095810 -59.569466
v  -164.254028 50.077984 -59.559174
v  -164.340225 50.051037 -59.543613
v  -164.422150 50.015469 -59.523079
v  -164.498016 49.972176 -59.498085
v  -164.567169 49.921753 -59.468971
v  -164.628998 49.864796 -59.436089
v  -164.682831 49.801891 -59.399773
v  -164.728043 49.733643 -59.360367
v  -164.763962 49.660637 -59.318214
v  -163.302460 49.567810 -59.473122
v  -163.337509 49.649590 -59.495037
v  -163.381912 49.726158 -59.515553
v  -163.434998 49.796844 -59.534492
v  -163.496140 49.860981 -59.551678
v  -163.564713 49.917900 -59.566929
v  -163.640060 49.966938 -59.580070
v  -163.721542 50.007420 -59.590916
v  -163.807419 50.038326 -59.599197
v  -163.895691 50.059086 -59.604759
v  -163.985428 50.069695 -59.607601
v  -164.075699 50.070141 -59.607723
v  -164.165543 50.060425 -59.605118
v  -164.254028 50.040539 -59.599792
v  -164.340225 50.010483 -59.591736
v  -164.422150 49.970810 -59.581108
v  -164.498016 49.922523 -59.568169
v  -164.567169 49.866287 -59.553101
v  -164.628998 49.802757 -59.536076
v  -164.682831 49.732601 -59.517281
v  -164.728043 49.656475 -59.496883
v  -164.763962 49.575050 -59.475063
v  -163.302460 49.525478 -59.648716
v  -163.337509 49.610142 -59.648716
v  -163.381912 49.689411 -59.648716
v  -163.434998 49.762592 -59.648716
v  -163.496140 49.828991 -59.648716
v  -163.564713 49.887920 -59.648716
v  -163.640060 49.938686 -59.648716
v  -163.721542 49.980595 -59.648716
v  -163.807419 50.012596 -59.648716
v  -163.895691 50.034088 -59.648716
v  -163.985428 50.045067 -59.648716
v  -164.075699 50.045528 -59.648716
v  -164.165543 50.035469 -59.648716
v  -164.254028 50.014885 -59.648716
v  -164.340225 49.983768 -59.648716
v  -164.422150 49.942696 -59.648716
v  -164.498016 49.892708 -59.648716
v  -164.567169 49.834484 -59.648716
v  -164.628998 49.768715 -59.648716
v  -164.682831 49.696083 -59.648716
v  -164.728043 49.617275 -59.648716
v  -164.763962 49.532974 -59.648716
v  -163.302460 49.530037 -59.829285
v  -163.337509 49.611816 -59.807369
v  -163.381912 49.688385 -59.786854
v  -163.434998 49.759071 -59.767914
v  -163.496140 49.823208 -59.750729
v  -163.564713 49.880127 -59.735477
v  -163.640060 49.929165 -59.722336
v  -163.721542 49.969646 -59.711491
v  -163.807419 50.000553 -59.703209
v  -163.895691 50.021313 -59.697647
v  -163.985428 50.031921 -59.694805
v  -164.075699 50.032368 -59.694683
v  -164.165543 50.022652 -59.697289
v  -164.254028 50.002766 -59.702614
v  -164.340225 49.972710 -59.710670
v  -164.422150 49.933037 -59.721298
v  -164.498016 49.884750 -59.734238
v  -164.567169 49.828514 -59.749306
v  -164.628998 49.764984 -59.766331
v  -164.682831 49.694828 -59.785130
v  -164.728043 49.618702 -59.805527
v  -164.763962 49.537277 -59.827343
v  -163.302460 49.581173 -60.002518
v  -163.337509 49.654495 -59.960186
v  -163.381912 49.723145 -59.920551
v  -163.434998 49.786518 -59.883961
v  -163.496140 49.844025 -59.850761
v  -163.564713 49.895058 -59.821297
v  -163.640060 49.939022 -59.795914
v  -163.721542 49.975315 -59.774960
v  -163.807419 50.003029 -59.758961
v  -163.895691 50.021641 -59.748215
v  -163.985428 50.031151 -59.742725
v  -164.075699 50.031551 -59.742493
v  -164.165543 50.022839 -59.747520
v  -164.254028 50.005013 -59.757813
v  -164.340225 49.978062 -59.773373
v  -164.422150 49.942493 -59.793907
v  -164.498016 49.899200 -59.818905
v  -164.567169 49.848782 -59.848015
v  -164.628998 49.791821 -59.880901
v  -164.682831 49.728920 -59.917217
v  -164.728043 49.660671 -59.956619
v  -164.763962 49.587662 -59.998772
v  -163.302460 49.675404 -60.156612
v  -163.337509 49.735271 -60.096748
v  -163.381912 49.791321 -60.040695
v  -163.434998 49.843067 -59.988949
v  -163.496140 49.890022 -59.941998
v  -163.564713 49.931690 -59.900330
v  -163.640060 49.967587 -59.864433
v  -163.721542 49.997219 -59.834797
v  -163.807419 50.019848 -59.812172
v  -163.895691 50.035046 -59.796974
v  -163.985428 50.042809 -59.789211
v  -164.075699 50.043137 -59.788883
v  -164.165543 50.036022 -59.795994
v  -164.254028 50.021465 -59.810551
v  -164.340225 49.999462 -59.832554
v  -164.422150 49.970421 -59.861595
v  -164.498016 49.935074 -59.896942
v  -164.567169 49.893906 -59.938114
v  -164.628998 49.847397 -59.984619
v  -164.682831 49.796040 -60.035980
v  -164.728043 49.740314 -60.091705
v  -164.763962 49.680702 -60.151314
v  -163.302460 49.806305 -60.281071
v  -163.337509 49.848640 -60.207748
v  -163.381912 49.888271 -60.139099
v  -163.434998 49.924862 -60.075726
v  -163.496140 49.958065 -60.018219
v  -163.564713 49.987530 -59.967186
v  -163.640060 50.012909 -59.923222
v  -163.721542 50.033867 -59.886929
v  -163.807419 50.049866 -59.859215
v  -163.895691 50.060612 -59.840603
v  -163.985428 50.066101 -59.831093
v  -164.075699 50.066334 -59.830692
v  -164.165543 50.061302 -59.839405
v  -164.254028 50.051010 -59.857231
v  -164.340225 50.035450 -59.884182
v  -164.422150 50.014915 -59.919750
v  -164.498016 49.989922 -59.963043
v  -164.567169 49.960812 -60.013462
v  -164.628998 49.927925 -60.070423
v  -164.682831 49.891609 -60.133324
v  -164.728043 49.852203 -60.201572
v  -164.763962 49.810055 -60.274582
v  -163.302460 49.964962 -60.367405
v  -163.337509 49.986874 -60.285625
v  -163.381912 50.007389 -60.209061
v  -163.434998 50.026329 -60.138374
v  -163.496140 50.043518 -60.074234
v  -163.564713 50.058769 -60.017315
v  -163.640060 50.071907 -59.968277
v  -163.721542 50.082752 -59.927795
v  -163.807419 50.091038 -59.896889
v  -163.895691 50.096600 -59.876129
v  -163.985428 50.099442 -59.865524
v  -164.075699 50.099560 -59.865074
v  -164.165543 50.096958 -59.874794
v  -164.254028 50.091629 -59.894676
v  -164.340225 50.083576 -59.924732
v  -164.422150 50.072945 -59.964405
v  -164.498016 50.060005 -60.012691
v  -164.567169 50.044937 -60.068928
v  -164.628998 50.027916 -60.132458
v  -164.682831 50.009117 -60.202614
v  -164.728043 49.988720 -60.278740
v  -164.763962 49.966900 -60.360168
v  -163.302460 50.140556 -60.409737
v  -163.337509 50.140556 -60.325073
v  -163.381912 50.140556 -60.245804
v  -163.434998 50.140556 -60.172623
v  -163.496140 50.140556 -60.106224
v  -163.564713 50.140556 -60.047295
v  -163.640060 50.140556 -59.996529
v  -163.721542 50.140556 -59.954620
v  -163.807419 50.140556 -59.922623
v  -163.895691 50.140556 -59.901131
v  -163.985428 50.140556 -59.890148
v  -164.075699 50.140556 -59.889687
v  -164.165543 50.140556 -59.899746
v  -164.254028 50.140556 -59.920330
v  -164.340225 50.140556 -59.951447
v  -164.422150 50.140556 -59.992519
v  -164.498016 50.140556 -60.042511
v  -164.567169 50.140556 -60.100731
v  -164.628998 50.140556 -60.166500
v  -164.682831 50.140556 -60.239132
v  -164.728043 50.140556 -60.317944
v  -164.763962 50.140556 -60.402245
v  -163.302460 50.321121 -60.405178
v  -163.337509 50.299210 -60.323399
v  -163.381912 50.278694 -60.246834
v  -163.434998 50.259750 -60.176147
v  -163.496140 50.242565 -60.112007
v  -163.564713 50.227314 -60.055088
v  -163.640060 50.214176 -60.006050
v  -163.721542 50.203327 -59.965569
v  -163.807419 50.195045 -59.934662
v  -163.895691 50.189484 -59.913902
v  -163.985428 50.186642 -59.903297
v  -164.075699 50.186523 -59.902847
v  -164.165543 50.189125 -59.912567
v  -164.254028 50.194454 -59.932449
v  -164.340225 50.202507 -59.962505
v  -164.422150 50.213139 -60.002178
v  -164.498016 50.226074 -60.050465
v  -164.567169 50.241146 -60.106705
v  -164.628998 50.258167 -60.170231
v  -164.682831 50.276966 -60.240387
v  -164.728043 50.297363 -60.316513
v  -164.763962 50.319183 -60.397942
v  -163.302460 50.494354 -60.354042
v  -163.337509 50.452023 -60.280720
v  -163.381912 50.412388 -60.212074
v  -163.434998 50.375797 -60.148697
v  -163.496140 50.342598 -60.091190
v  -163.564713 50.313133 -60.040157
v  -163.640060 50.287750 -59.996193
v  -163.721542 50.266796 -59.959900
v  -163.807419 50.250797 -59.932186
v  -163.895691 50.240051 -59.913574
v  -163.985428 50.234562 -59.904068
v  -164.075699 50.234329 -59.903664
v  -164.165543 50.239361 -59.912376
v  -164.254028 50.249653 -59.930202
v  -164.340225 50.265209 -59.957153
v  -164.422150 50.285748 -59.992722
v  -164.498016 50.310741 -60.036015
v  -164.567169 50.339851 -60.086437
v  -164.628998 50.372738 -60.143394
v  -164.682831 50.409054 -60.206295
v  -164.728043 50.448460 -60.274548
v  -164.763962 50.490608 -60.347553
v  -163.302460 50.648453 -60.259811
v  -163.337509 50.588585 -60.199944
v  -163.381912 50.532536 -60.143894
v  -163.434998 50.480789 -60.092148
v  -163.496140 50.433834 -60.045197
v  -163.564713 50.392166 -60.003525
v  -163.640060 50.356270 -59.967628
v  -163.721542 50.326637 -59.937996
v  -163.807419 50.304008 -59.915367
v  -163.895691 50.288811 -59.900173
v  -163.985428 50.281048 -59.892406
v  -164.075699 50.280720 -59.892082
v  -164.165543 50.287834 -59.899193
v  -164.254028 50.302387 -59.913750
v  -164.340225 50.324390 -59.935753
v  -164.422150 50.353436 -59.964794
v  -164.498016 50.388783 -60.000141
v  -164.567169 50.429951 -60.041313
v  -164.628998 50.476460 -60.087818
v  -164.682831 50.527817 -60.139175
v  -164.728043 50.583542 -60.194904
v  -164.763962 50.643150 -60.254513
v  -163.302460 50.772907 -60.128910
v  -163.337509 50.699589 -60.086578
v  -163.381912 50.630939 -60.046944
v  -163.434998 50.567562 -60.010353
v  -163.496140 50.510059 -59.977154
v  -163.564713 50.459023 -59.947689
v  -163.640060 50.415062 -59.922306
v  -163.721542 50.378765 -59.901352
v  -163.807419 50.351055 -59.885349
v  -163.895691 50.332439 -59.874603
v  -163.985428 50.322933 -59.869114
v  -164.075699 50.322533 -59.868885
v  -164.165543 50.331242 -59.873913
v  -164.254028 50.349072 -59.884205
v  -164.340225 50.376019 -59.899765
v  -164.422150 50.411587 -59.920300
v  -164.498016 50.454880 -59.945293
v  -164.567169 50.505302 -59.974407
v  -164.628998 50.562260 -60.007290
v  -164.682831 50.625160 -60.043606
v  -164.728043 50.693413 -60.083012
v  -164.763962 50.766418 -60.125160
v  -163.302460 50.859245 -59.970253
v  -163.337509 50.777466 -59.948341
v  -163.381912 50.700897 -59.927826
v  -163.434998 50.630211 -59.908886
v  -163.496140 50.566074 -59.891701
v  -163.564713 50.509151 -59.876450
v  -163.640060 50.460117 -59.863308
v  -163.721542 50.419636 -59.852463
v  -163.807419 50.388725 -59.844181
v  -163.895691 50.367966 -59.838615
v  -163.985428 50.357361 -59.835777
v  -164.075699 50.356915 -59.835655
v  -164.165543 50.366631 -59.838261
v  -164.254028 50.386513 -59.843586
v  -164.340225 50.416569 -59.851643
v  -164.422150 50.456242 -59.862270
v  -164.498016 50.504528 -59.875210
v  -164.567169 50.560768 -59.890278
v  -164.628998 50.624294 -59.907299
v  -164.682831 50.694454 -59.926098
v  -164.728043 50.770576 -59.946495
v  -164.763962 50.852005 -59.968315
v  -163.302460 50.901577 -59.794662
v  -163.337509 50.816910 -59.794662
v  -163.381912 50.737644 -59.794662
v  -163.434998 50.664463 -59.794662
v  -163.496140 50.598061 -59.794662
v  -163.564713 50.539135 -59.794662
v  -163.640060 50.488369 -59.794662
v  -163.721542 50.446457 -59.794662
v  -163.807419 50.414459 -59.794662
v  -163.895691 50.392967 -59.794662
v  -163.985428 50.381989 -59.794662
v  -164.075699 50.381523 -59.794662
v  -164.165543 50.391582 -59.794662
v  -164.254028 50.412170 -59.794662
v  -164.340225 50.443287 -59.794662
v  -164.422150 50.484356 -59.794662
v  -164.498016 50.534348 -59.794662
v  -164.567169 50.592571 -59.794662
v  -164.628998 50.658340 -59.794662
v  -164.682831 50.730972 -59.794662
v  -164.728043 50.809780 -59.794662
v  -164.763962 50.894081 -59.794662
v  -163.302460 50.897018 -59.614094
v  -163.337509 50.815239 -59.636005
v  -163.381912 50.738670 -59.656525
v  -163.434998 50.667984 -59.675465
v  -163.496140 50.603848 -59.692650
v  -163.564713 50.546925 -59.707901
v  -163.640060 50.497890 -59.721039
v  -163.721542 50.457409 -59.731888
v  -163.807419 50.426498 -59.740170
v  -163.895691 50.405739 -59.745731
v  -163.985428 50.395134 -59.748573
v  -164.075699 50.394688 -59.748695
v  -164.165543 50.404404 -59.746090
v  -164.254028 50.424286 -59.740761
v  -164.340225 50.454342 -59.732708
v  -164.422150 50.494015 -59.722080
v  -164.498016 50.542301 -59.709141
v  -164.567169 50.598541 -59.694073
v  -164.628998 50.662067 -59.677048
v  -164.682831 50.732227 -59.658249
v  -164.728043 50.808350 -59.637852
v  -164.763962 50.889778 -59.616035
v  -163.302460 50.845882 -59.440861
v  -163.337509 50.772560 -59.483192
v  -163.381912 50.703911 -59.522827
v  -163.434998 50.640533 -59.559418
v  -163.496140 50.583031 -59.592617
v  -163.564713 50.531998 -59.622082
v  -163.640060 50.488033 -59.647465
v  -163.721542 50.451736 -59.668419
v  -163.807419 50.424026 -59.684418
v  -163.895691 50.405415 -59.695164
v  -163.985428 50.395905 -59.700653
v  -164.075699 50.395504 -59.700886
v  -164.165543 50.404213 -59.695858
v  -164.254028 50.422043 -59.685562
v  -164.340225 50.448990 -59.670006
v  -164.422150 50.484558 -59.649471
v  -164.498016 50.527851 -59.624474
v  -164.567169 50.578274 -59.595364
v  -164.628998 50.635231 -59.562477
v  -164.682831 50.698132 -59.526161
v  -164.728043 50.766384 -59.486759
v  -164.763962 50.839390 -59.444607
v  -163.302460 50.751652 -59.286762
v  -163.337509 50.691784 -59.346630
v  -163.381912 50.635731 -59.402683
v  -163.434998 50.583984 -59.454430
v  -163.496140 50.537033 -59.501381
v  -163.564713 50.495365 -59.543049
v  -163.640060 50.459469 -59.578945
v  -163.721542 50.429832 -59.608582
v  -163.807419 50.407207 -59.631207
v  -163.895691 50.392010 -59.646404
v  -163.985428 50.384247 -59.654167
v  -164.075699 50.383919 -59.654495
v  -164.165543 50.391029 -59.647385
v  -164.254028 50.405586 -59.632828
v  -164.340225 50.427589 -59.610825
v  -164.422150 50.456631 -59.581783
v  -164.498016 50.491982 -59.546432
v  -164.567169 50.533150 -59.505264
v  -164.628998 50.579655 -59.458759
v  -164.682831 50.631016 -59.407398
v  -164.728043 50.686741 -59.351673
v  -164.763962 50.746349 -59.292065
v  -163.302460 50.620747 -59.162308
v  -163.337509 50.578415 -59.235630
v  -163.381912 50.538780 -59.304276
v  -163.434998 50.502190 -59.367653
v  -163.496140 50.468990 -59.425159
v  -163.564713 50.439526 -59.476192
v  -163.640060 50.414143 -59.520157
v  -163.721542 50.393188 -59.556450
v  -163.807419 50.377190 -59.584164
v  -163.895691 50.366444 -59.602776
v  -163.985428 50.360954 -59.612282
v  -164.075699 50.360722 -59.612686
v  -164.165543 50.365749 -59.603973
v  -164.254028 50.376045 -59.586147
v  -164.340225 50.391602 -59.559196
v  -164.422150 50.412136 -59.523628
v  -164.498016 50.437134 -59.480335
v  -164.567169 50.466244 -59.429916
v  -164.628998 50.499130 -59.372955
v  -164.682831 50.535446 -59.310055
v  -164.728043 50.574848 -59.241806
v  -164.763962 50.617001 -59.168797
v  -163.302460 50.462093 -59.075970
v  -163.337509 50.440178 -59.157749
v  -163.381912 50.419662 -59.234318
v  -163.434998 50.400723 -59.305004
v  -163.496140 50.383537 -59.369144
v  -163.564713 50.368286 -59.426064
v  -163.640060 50.355148 -59.475098
v  -163.721542 50.344299 -59.515579
v  -163.807419 50.336018 -59.546490
v  -163.895691 50.330456 -59.567249
v  -163.985428 50.327614 -59.577854
v  -164.075699 50.327492 -59.578300
v  -164.165543 50.330097 -59.568584
v  -164.254028 50.335426 -59.548702
v  -164.340225 50.343479 -59.518646
v  -164.422150 50.354107 -59.478973
v  -164.498016 50.367046 -59.430687
v  -164.567169 50.382114 -59.374447
v  -164.628998 50.399139 -59.310921
v  -164.682831 50.417938 -59.240761
v  -164.728043 50.438335 -59.164639
v  -164.763962 50.460152 -59.083210
# 528 vertices

vt  0.000000 0.000000 0.000000
vt  0.048023 0.000000 0.000000
vt  0.095636 0.000000 0.000000
vt  0.143015 0.000000 0.000000
vt  0.190319 0.000000 0.000000
vt  0.237698 0.000000 0.000000
vt  0.285310 0.000000 0.000000
vt  0.333333 0.000000 0.000000
vt  0.381357 0.000000 0.000000
vt  0.428969 0.000000 0.000000
vt  0.476348 0.000000 0.000000
vt  0.523652 0.000000 0.000000
vt  0.571031 0.000000 0.000000
vt  0.618643 0.000000 0.000000
vt  0.666667 0.000000 0.000000
vt  0.714690 0.000000 0.000000
vt  0.762302 0.000000 0.000000
vt  0.809681 0.000000 0.000000
vt  0.856985 0.000000 0.000000
vt  0.904364 0.000000 0.000000
vt  0.951977 0.000000 0.000000
vt  1.000000 0.000000 0.000000
vt  0.000000 0.041667 0.000000
vt  0.048023 0.041667 0.000000
vt  0.095636 0.041667 0.000000
vt  0.143015 0.041667 0.000000
vt  0.190319 0.041667 0.000000
vt  0.237698 0.041667 0.000000
vt  0.285310 0.041667 0.000000
vt  0.333333 0.041667 0.000000
vt  0.381357 0.041667 0.000000
vt  0.428969 0.041667 0.000000
vt  0.476348 0.041667 0.000000
vt  0.523652 0.041667 0.000000
vt  0.571031 0.041667 0.000000
vt  0.618643 0.041667 0.000000
vt  0.666667 0.041667 0.000000
vt  0.714690 0.041667 0.000000
vt  0.762302 0.041667 0.000000
vt  0.809681 0.041667 0.000000
vt  0.856985 0.041667 0.000000
vt  0.904364 0.041667 0.000000
vt  0.951977 0.041667 0.000000
vt  1.000000 0.041667 0.000000
vt  0.000000 0.083333 0.000000
vt  0.048023 0.083333 0.000000
vt  0.095636 0.083333 0.000000
vt  0.143015 0.083333 0.000000
vt  0.190319 0.083333 0.000000
vt  0.237698 0.083333 0.000000
vt  0.285310 0.083333 0.000000
vt  0.333333 0.083333 0.000000
vt  0.381357 0.083333 0.000000
vt  0.428969 0.083333 0.000000
vt  0.476348 0.083333 0.000000
vt  0.523652 0.083333 0.000000
vt  0.571031 0.083333 0.000000
vt  0.618643 0.083333 0.000000
vt  0.666667 0.083333 0.000000
vt  0.714690 0.083333 0.000000
vt  0.762302 0.083333 0.000000
vt  0.809681 0.083333 0.000000
vt  0.856985 0.083333 0.000000
vt  0.904364 0.083333 0.000000
vt  0.951977 0.083333 0.000000
vt  1.000000 0.083333 0.000000
vt  0.000000 0.125000 0.000000
vt  0.048023 0.125000 0.000000
vt  0.095636 0.125000 0.000000
vt  0.143015 0.125000 0.000000
vt  0.190319 0.125000 0.000000
vt  0.237698 0.125000 0.000000
vt  0.285310 0.125000 0.000000
vt  0.333333 0.125000 0.000000
vt  0.381357 0.125000 0.000000
vt  0.428969 0.125000 0.000000
vt  0.476348 0.125000 0.000000
vt  0.523652 0.125000 0.000000
vt  0.571031 0.125000 0.000000
vt  0.618643 0.125000 0.000000
vt  0.666667 0.125000 0.000000
vt  0.714690 0.125000 0.000000
vt  0.762302 0.125000 0.000000
vt  0.809681 0.125000 0.000000
vt  0.856985 0.125000 0.000000
vt  0.904364 0.125000 0.000000
vt  0.951977 0.125000 0.000000
vt  1.000000 0.125000 0.000000
vt  0.000000 0.166667 0.000000
vt  0.048023 0.166667 0.000000
vt  0.095636 0.166667 0.000000
vt  0.143015 0.166667 0.000000
vt  0.190319 0.166667 0.000000
vt  0.237698 0.166667 0.000000
vt  0.285310 0.166667 0.000000
vt  0.333333 0.166667 0.000000
vt  0.381357 0.166667 0.000000
vt  0.428969 0.166667 0.000000
vt  0.476348 0.166667 0.000000
vt  0.523652 0.166667 0.000000
vt  0.571031 0.166667 0.000000
vt  0.618643 0.166667 0.000000
vt  0.666667 0.166667 0.000000
vt  0.714690 0.166667 0.000000
vt  0.762302 0.166667 0.000000
vt  0.809681 0.166667 0.000000
vt  0.856985 0.166667 0.000000
vt  0.904364 0.166667 0.000000
vt  0.951977 0.166667 0.000000
vt  1.000000 0.166667 0.000000
vt  0.000000 0.208333 0.000000
vt  0.048023 0.208333 0.000000
vt  0.095636 0.208333 0.000000
vt  0.143015 0.208333 0.000000
vt  0.190319 0.208333 0.000000
vt  0.237698 0.208333 0.000000
vt  0.285310 0.208333 0.000000
vt  0.333333 0.208333 0.000000
vt  0.381357 0.208333 0.000000
vt  0.428969 0.208333 0.000000
vt  0.476348 0.208333 0.000000
vt  0.523652 0.208333 0.000000
vt  0.571031 0.208333 0.000000
vt  0.618643 0.208333 0.000000
vt  0.666667 0.208333 0.000000
vt  0.714690 0.208333 0.000000
vt  0.762302 0.208333 0.000000
vt  0.809681 0.208333 0.000000
vt  0.856985 0.208333 0.000000
vt  0.904364 0.208333 0.000000
vt  0.951977 0.208333 0.000000
vt  1.000000 0.208333 0.000000
vt  0.000000 0.250000 0.000000
vt  0.048023 0.250000 0.000000
vt  0.095636 0.250000 0.000000
vt  0.143015 0.250000 0.000000
vt  0.190319 0.250000 0.000000
vt  0.237698 0.250000 0.000000
vt  0.285310 0.250000 0.000000
vt  0.333333 0.250000 0.000000
vt  0.381357 0.250000 0.000000
vt  0.428969 0.250000 0.000000
vt  0.476348 0.250000 0.000000
vt  0.523652 0.250000 0.000000
vt  0.571031 0.250000 0.000000
vt  0.618643 0.250000 0.000000
vt  0.666667 0.250000 0.000000
vt  0.714690 0.250000 0.000000
vt  0.762302 0.250000 0.000000
vt  0.809681 0.250000 0.000000
vt  0.856985 0.250000 0.000000
vt  0.904364 0.250000 0.000000
vt  0.951977 0.250000 0.000000
vt  1.000000 0.250000 0.000000
vt  0.000000 0.291667 0.000000
vt  0.048023 0.291667 0.000000
vt  0.095636 0.291667 0.000000
vt  0.143015 0.291667 0.000000
vt  0.190319 0.291667 0.000000
vt  0.237698 0.291667 0.000000
vt  0.285310 0.291667 0.000000
vt  0.333333 0.291667 0.000000
vt  0.381357 0.291667 0.000000
vt  0.428969 0.291667 0.000000
vt  0.476348 0.291667 0.000000
vt  0.523652 0.291667 0.000000
vt  0.571031 0.291667 0.000000
vt  0.618643 0.291667 0.000000
vt  0.666667 0.291667 0.000000
vt  0.714690 0.291667 0.000000
vt  0.762302 0.291667 0.000000
vt  0.809681 0.291667 0.000000
vt  0.856985 0.291667 0.000000
vt  0.904364 0.291667 0.000000
vt  0.951977 0.291667 0.000000
vt  1.000000 0.291667 0.000000
vt  0.000000 0.333333 0.000000
vt  0.048023 0.333333 0.000000
vt  0.095636 0.333333 0.000000
vt  0.143015 0.333333 0.000000
vt  0.190319 0.333333 0.000000
vt  0.237698 0.333333 0.000000
vt  0.285310 0.333333 0.000000
vt  0.333333 0.333333 0.000000
vt  0.381357 0.333333 0.000000
vt  0.428969 0.333333 0.000000
vt  0.476348 0.333333 0.000000
vt  0.523652 0.333333 0.000000
vt  0.571031 0.333333 0.000000
vt  0.618643 0.333333 0.000000
vt  0.666667 0.333333 0.000000
vt  0.714690 0.333333 0.000000
vt  0.762302 0.333333 0.000000
vt  0.809681 0.333333 0.000000
vt  0.856985 0.333333 0.000000
vt  0.904364 0.333333 0.000000
vt  0.951977 0.333333 0.000000
vt  1.000000 0.333333 0.000000
vt  0.000000 0.375000 0.000000
vt  0.048023 0.375000 0.000000
vt  0.095636 0.375000 0.000000
vt  0.143015 0.375000 0.000000
vt  0.190319 0.375000 0.000000
vt  0.237698 0.375000 0.000000
vt  0.285310 0.375000 0.000000
vt  0.333333 0.375000 0.000000
vt  0.381357 0.375000 0.000000
vt  0.428969 0.375000 0.000000
vt  0.476348 0.375000 0.000000
vt  0.523652 0.375000 0.000000
vt  0.571031 0.375000 0.000000
vt  0.618643 0.375000 0.000000
vt  0.666667 0.375000 0.000000
vt  0.714690 0.375000 0.000000
vt  0.762302 0.375000 0.000000
vt  0.809681 0.375000 0.000000
vt  0.856985 0.375000 0.000000
vt  0.904364 0.375000 0.000000
vt  0.951977 0.375000 0.000000
vt  1.000000 0.375000 0.000000
vt  0.000000 0.416667 0.000000
vt  0.048023 0.416667 0.000000
vt  0.095636 0.416667 0.000000
vt  0.143015 0.416667 0.000000
vt  0.190319 0.416667 0.000000
vt  0.237698 0.416667 0.000000
vt  0.285310 0.416667 0.000000
vt  0.333333 0.416667 0.000000
vt  0.381357 0.416667 0.000000
vt  0.428969 0.416667 0.000000
vt  0.476348 0.416667 0.000000
vt  0.523652 0.416667 0.000000
vt  0.571031 0.416667 0.000000
vt  0.618643 0.416667 0.000000
vt  0.666667 0.416667 0.000000
vt  0.714690 0.416667 0.000000
vt  0.762302 0.416667 0.000000
vt  0.809681 0.416667 0.000000
vt  0.856985 0.416667 0.000000
vt  0.904364 0.416667 0.000000
vt  0.951977 0.416667 0.000000
vt  1.000000 0.416667 0.000000
vt  0.000000 0.458333 0.000000
vt  0.048023 0.458333 0.000000
vt  0.095636 0.458333 0.000000
vt  0.143015 0.458333 0.000000
vt  0.190319 0.458333 0.000000
vt  0.237698 0.458333 0.000000
vt  0.285310 0.458333 0.000000
vt  0.333333 0.458333 0.000000
vt  0.381357 0.458333 0.000000
vt  0.428969 0.458333 0.000000
vt  0.476348 0.458333 0.000000
vt  0.523652 0.458333 0.000000
vt  0.571031 0.458333 0.000000
vt  0.618643 0.458333 0.000000
vt  0.666667 0.458333 0.000000
vt  0.714690 0.458333 0.000000
vt  0.762302 0.458333 0.000000
vt  0.809681 0.458333 0.000000
vt  0.856985 0.458333 0.000000
vt  0.904364 0.458333 0.000000
vt  0.951977 0.458333 0.000000
vt  1.000000 0.458333 0.000000
vt  0.000000 0.500000 0.000000
vt  0.048023 0.500000 0.000000
vt  0.095636 0.500000 0.000000
vt  0.143015 0.500000 0.000000
vt  0.190319 0.500000 0.000000
vt  0.237698 0.500000 0.000000
vt  0.285310 0.500000 0.000000
vt  0.333333 0.500000 0.000000
vt  0.381357 0.500000 0.000000
vt  0.428969 0.500000 0.000000
vt  0.476348 0.500000 0.000000
vt  0.523652 0.500000 0.000000
vt  0.571031 0.500000 0.000000
vt  0.618643 0.500000 0.000000
vt  0.666667 0.500000 0.000000
vt  0.714690 0.500000 0.000000
vt  0.762302 0.500000 0.000000
vt  0.809681 0.500000 0.000000
vt  0.856985 0.500000 0.000000
vt  0.904364 0.500000 0.000000
vt  0.951977 0.500000 0.000000
vt  1.000000 0.500000 0.000000
vt  0.000000 0.541667 0.000000
vt  0.048023 0.541667 0.000000
vt  0.095636 0.541667 0.000000
vt  0.143015 0.541667 0.000000
vt  0.190319 0.541667 0.000000
vt  0.237698 0.541667 0.000000
vt  0.285310 0.541667 0.000000
vt  0.333333 0.541667 0.000000
vt  0.381357 0.541667 0.000000
vt  0.428969 0.541667 0.000000
vt  0.476348 0.541667 0.000000
vt  0.523652 0.541667 0.000000
vt  0.571031 0.541667 0.000000
vt  0.618643 0.541667 0.000000
vt  0.666667 0.541667 0.000000
vt  0.714690 0.541667 0.000000
vt  0.762302 0.541667 0.000000
vt  0.809681 0.541667 0.000000
vt  0.856985 0.541667 0.000000
vt  0.904364 0.541667 0.000000
vt  0.951977 0.541667 0.000000
vt  1.000000 0.541667 0.000000
vt  0.000000 0.583333 0.000000
vt  0.048023 0.583333 0.000000
vt  0.095636 0.583333 0.000000
vt  0.143015 0.583333 0.000000
vt  0.190319 0.583333 0.000000
vt  0.237698 0.583333 0.000000
vt  0.285310 0.583333 0.000000
vt  0.333333 0.583333 0.000000
vt  0.381357 0.583333 0.000000
vt  0.428969 0.583333 0.000000
vt  0.476348 0.583333 0.000000
vt  0.523652 0.583333 0.000000
vt  0.571031 0.583333 0.000000
vt  0.618643 0.583333 0.000000
vt  0.666667 0.583333 0.000000
vt  0.714690 0.583333 0.000000
vt  0.762302 0.583333 0.000000
vt  0.809681 0.583333 0.000000
vt  0.856985 0.583333 0.000000
vt  0.904364 0.583333 0.000000
vt  0.951977 0.583333 0.000000
vt  1.000000 0.583333 0.000000
vt  0.000000 0.625000 0.000000
vt  0.048023 0.625000 0.000000
vt  0.095636 0.625000 0.000000
vt  0.143015 0.625000 0.000000
vt  0.190319 0.625000 0.000000
vt  0.237698 0.625000 0.000000
vt  0.285310 0.625000 0.000000
vt  0.333333 0.625000 0.000000
vt  0.381357 0.625000 0.000000
vt  0.428969 0.625000 0.000000
vt  0.476348 0.625000 0.000000
vt  0.523652 0.625000 0.000000
vt  0.571031 0.625000 0.000000
vt  0.618643 0.625000 0.000000
vt  0.666667 0.625000 0.000000
vt  0.714690 0.625000 0.000000
vt  0.762302 0.625000 0.000000
vt  0.809681 0.625000 0.000000
vt  0.856985 0.625000 0.000000
vt  0.904364 0.625000 0.000000
vt  0.951977 0.625000 0.000000
vt  1.000000 0.625000 0.000000
vt  0.000000 0.666667 0.000000
vt  0.048023 0.666667 0.000000
vt  0.095636 0.666667 0.000000
vt  0.143015 0.666667 0.000000
vt  0.190319 0.666667 0.000000
vt  0.237698 0.666667 0.000000
vt  0.285310 0.666667 0.000000
vt  0.333333 0.666667 0.000000
vt  0.381357 0.666667 0.000000
vt  0.428969 0.666667 0.000000
vt  0.476348 0.666667 0.000000
vt  0.523652 0.666667 0.000000
vt  0.571031 0.666667 0.000000
vt  0.618643 0.666667 0.000000
vt  0.666667 0.666667 0.000000
vt  0.714690 0.666667 0.000000
vt  0.762302 0.666667 0.000000
vt  0.809681 0.666667 0.000000
vt  0.856985 0.666667 0.000000
vt  0.904364 0.666667 0.000000
vt  0.951977 0.666667 0.000000
vt  1.000000 0.666667 0.000000
vt  0.000000 0.708333 0.000000
vt  0.048023 0.708333 0.000000
vt  0.095636 0.708333 0.000000
vt  0.143015 0.708333 0.000000
vt  0.190319 0.708333 0.000000
vt  0.237698 0.708333 0.000000
vt  0.285310 0.708333 0.000000
vt  0.333333 0.708333 0.000000
vt  0.381357 0.708333 0.000000
vt  0.428969 0.708333 0.000000
vt  0.476348 0.708333 0.000000
vt  0.523652 0.708333 0.000000
vt  0.571031 0.708333 0.000000
vt  0.618643 0.708333 0.000000
vt  0.666667 0.708333 0.000000
vt  0.714690 0.708333 0.000000
vt  0.762302 0.708333 0.000000
vt  0.809681 0.708333 0.000000
vt  0.856985 0.708333 0.000000
vt  0.904364 0.708333 0.000000
vt  0.951977 0.708333 0.000000
vt  1.000000 0.708333 0.000000
vt  0.000000 0.750000 0.000000
vt  0.048023 0.750000 0.000000
vt  0.095636 0.750000 0.000000
vt  0.143015 0.750000 0.000000
vt  0.190319 0.750000 0.000000
vt  0.237698 0.750000 0.000000
vt  0.285310 0.750000 0.000000
vt  0.333333 0.750000 0.000000
vt  0.381357 0.750000 0.000000
vt  0.428969 0.750000 0.000000
vt  0.476348 0.750000 0.000000
vt  0.523652 0.750000 0.000000
vt  0.571031 0.750000 0.000000
vt  0.618643 0.750000 0.000000
vt  0.666667 0.750000 0.000000
vt  0.714690 0.750000 0.000000
vt  0.762302 0.750000 0.000000
vt  0.809681 0.750000 0.000000
vt  0.856985 0.750000 0.000000
vt  0.904364 0.750000 0.000000
vt  0.951977 0.750000 0.000000
vt  1.000000 0.750000 0.000000
vt  0.000000 0.791667 0.000000
vt  0.048023 0.791667 0.000000
vt  0.095636 0.791667 0.000000
vt  0.143015 0.791667 0.000000
vt  0.190319 0.791667 0.000000
vt  0.237698 0.791667 0.000000
vt  0.285310 0.791667 0.000000
vt  0.333333 0.791667 0.000000
vt  0.381357 0.791667 0.000000
vt  0.428969 0.791667 0.000000
vt  0.476348 0.791667 0.000000
vt  0.523652 0.791667 0.000000
vt  0.571031 0.791667 0.000000
vt  0.618643 0.791667 0.000000
vt  0.666667 0.791667 0.000000
vt  0.714690 0.791667 0.000000
vt  0.762302 0.791667 0.000000
vt  0.809681 0.791667 0.000000
vt  0.856985 0.791667 0.000000
vt  0.904364 0.791667 0.000000
vt  0.951977 0.791667 0.000000
vt  1.000000 0.791667 0.000000
vt  0.000000 0.833333 0.000000
vt  0.048023 0.833333 0.000000
vt  0.095636 0.833333 0.000000
vt  0.143015 0.833333 0.000000
vt  0.190319 0.833333 0.000000
vt  0.237698 0.833333 0.000000
vt  0.285310 0.833333 0.000000
vt  0.333333 0.833333 0.000000
vt  0.381357 0.833333 0.000000
vt  0.428969 0.833333 0.000000
vt  0.476348 0.833333 0.000000
vt  0.523652 0.833333 0.000000
vt  0.571031 0.833333 0.000000
vt  0.618643 0.833333 0.000000
vt  0.666667 0.833333 0.000000
vt  0.714690 0.833333 0.000000
vt  0.762302 0.833333 0.000000
vt  0.809681 0.833333 0.000000
vt  0.856985 0.833333 0.000000
vt  0.904364 0.833333 0.000000
vt  0.951977 0.833333 0.000000
vt  1.000000 0.833333 0.000000
vt  0.000000 0.875000 0.000000
vt  0.048023 0.875000 0.000000
vt  0.095636 0.875000 0.000000
vt  0.143015 0.875000 0.000000
vt  0.190319 0.875000 0.000000
vt  0.237698 0.875000 0.000000
vt  0.285310 0.875000 0.000000
vt  0.333333 0.875000 0.000000
vt  0.381357 0.875000 0.000000
vt  0.428969 0.875000 0.000000
vt  0.476348 0.875000 0.000000
vt  0.523652 0.875000 0.000000
vt  0.571031 0.875000 0.000000
vt  0.618643 0.875000 0.000000
vt  0.666667 0.875000 0.000000
vt  0.714690 0.875000 0.000000
vt  0.762302 0.875000 0.000000
vt  0.809681 0.875000 0.000000
vt  0.856985 0.875000 0.000000
vt  0.904364 0.875000 0.000000
vt  0.951977 0.875000 0.000000
vt  1.000000 0.875000 0.000000
vt  0.000000 0.916667 0.000000
vt  0.048023 0.916667 0.000000
vt  0.095636 0.916667 0.000000
vt  0.143015 0.916667 0.000000
vt  0.190319 0.916667 0.000000
vt  0.237698 0.916667 0.000000
vt  0.285310 0.916667 0.000000
vt  0.333333 0.916667 0.000000
vt  0.381357 0.916667 0.000000
vt  0.428969 0.916667 0.000000
vt  0.476348 0.916667 0.000000
vt  0.523652 0.916667 0.000000
vt  0.571031 0.916667 0.000000
vt  0.618643 0.916667 0.000000
vt  0.666667 0.916667 0.000000
vt  0.714690 0.916667 0.000000
vt  0.762302 0.916667 0.000000
vt  0.809681 0.916667 0.000000
vt  0.856985 0.916667 0.000000
vt  0.904364 0.916667 0.000000
vt  0.951977 0.916667 0.000000
vt  1.000000 0.916667 0.000000
vt  0.000000 0.958333 0.000000
vt  0.048023 0.958333 0.000000
vt  0.095636 0.958333 0.000000
vt  0.143015 0.958333 0.000000
vt  0.190319 0.958333 0.000000
vt  0.237698 0.958333 0.000000
vt  0.285310 0.958333 0.000000
vt  0.333333 0.958333 0.000000
vt  0.381357 0.958333 0.000000
vt  0.428969 0.958333 0.000000
vt  0.476348 0.958333 0.000000
vt  0.523652 0.958333 0.000000
vt  0.571031 0.958333 0.000000
vt  0.618643 0.958333 0.000000
vt  0.666667 0.958333 0.000000
vt  0.714690 0.958333 0.000000
vt  0.762302 0.958333 0.000000
vt  0.809681 0.958333 0.000000
vt  0.856985 0.958333 0.000000
vt  0.904364 0.958333 0.000000
vt  0.951977 0.958333 0.000000
vt  1.000000 0.958333 0.000000
vt  0.000000 1.000000 0.000000
vt  0.048023 1.000000 0.000000
vt  0.095636 1.000000 0.000000
vt  0.143015 1.000000 0.000000
vt  0.190319 1.000000 0.000000
vt  0.237698 1.000000 0.000000
vt  0.285310 1.000000 0.000000
vt  0.333333 1.000000 0.000000
vt  0.381357 1.000000 0.000000
vt  0.428969 1.000000 0.000000
vt  0.476348 1.000000 0.000000
vt  0.523652 1.000000 0.000000
vt  0.571031 1.000000 0.000000
vt  0.618643 1.000000 0.000000
vt  0.666667 1.000000 0.000000
vt  0.714690 1.000000 0.000000
vt  0.762302 1.000000 0.000000
vt  0.809681 1.000000 0.000000
vt  0.856985 1.000000 0.000000
vt  0.904364 1.000000 0.000000
vt  0.951977 1.000000 0.000000
vt  1.000000 1.000000 0.000000
# 550 texture vertices

vn  1.198938 -0.033803 -0.501209
vn  1.167836 -0.066472 -0.567050
vn  1.091818 -0.095697 -0.698986
vn  1.000530 -0.131510 -0.819421
vn  0.894919 -0.175245 -0.926398
vn  0.776029 -0.227959 -1.017654
vn  0.645363 -0.289601 -1.090616
vn  0.505745 -0.357468 -1.142910
vn  0.361763 -0.424374 -1.174240
vn  0.218184 -0.479375 -1.188444
vn  0.077255 -0.511367 -1.192619
vn  -0.062273 -0.513132 -1.192737
vn  -0.203291 -0.484368 -1.189061
vn  -0.347216 -0.431807 -1.175921
vn  -0.491941 -0.366335 -1.146123
vn  -0.632651 -0.299011 -1.095514
vn  -0.764609 -0.237344 -1.024132
vn  -0.884876 -0.184369 -0.934242
vn  -0.991893 -0.140336 -0.828408
vn  -1.084602 -0.104278 -0.708921
vn  -1.162062 -0.074882 -0.577764
vn  -1.195294 -0.079668 -0.504709
vn  1.198938 0.097071 -0.492879
vn  1.167836 0.082556 -0.564933
vn  1.091818 0.088475 -0.699937
vn  1.000530 0.085053 -0.825537
vn  0.894919 0.070495 -0.940189
vn  0.776029 0.043197 -1.041978
vn  0.645363 0.002539 -1.128408
vn  0.505744 -0.049481 -1.196486
vn  0.361763 -0.105999 -1.244065
vn  0.218184 -0.155449 -1.272021
vn  0.077256 -0.185270 -1.284333
vn  -0.062273 -0.186944 -1.284904
vn  -0.203291 -0.160112 -1.273908
vn  -0.347216 -0.112743 -1.247612
vn  -0.491941 -0.057215 -1.201884
vn  -0.632650 -0.005283 -1.135575
vn  -0.764609 0.035808 -1.050664
vn  -0.884876 0.063713 -0.950126
vn  -0.991893 0.078854 -0.836502
vn  -1.084602 0.082757 -0.711755
vn  -1.162062 0.077206 -0.577458
vn  -1.195294 0.053675 -0.508131
vn  1.198938 0.221330 -0.450961
vn  1.167836 0.225959 -0.524316
vn  1.091818 0.266617 -0.653188
vn  1.000530 0.295820 -0.775394
vn  0.894919 0.311432 -0.889907
vn  0.776029 0.311409 -0.995293
vn  0.645363 0.294507 -1.089301
vn  0.505744 0.261880 -1.168523
vn  0.361763 0.219601 -1.229108
vn  0.218184 0.179071 -1.268911
vn  0.077256 0.153452 -1.288522
vn  -0.062273 0.151984 -1.289507
vn  -0.203290 0.175056 -1.271941
vn  -0.347216 0.214005 -1.234280
vn  -0.491941 0.255806 -1.175739
vn  -0.632651 0.288806 -1.098248
vn  -0.764609 0.306520 -1.005596
vn  -0.884876 0.307453 -0.901261
vn  -0.991893 0.292670 -0.787590
vn  -1.084602 0.264153 -0.666083
vn  -1.162062 0.224032 -0.537799
vn  -1.195294 0.183359 -0.476925
vn  1.198938 0.330506 -0.378310
vn  1.167836 0.353962 -0.447968
vn  1.091817 0.426590 -0.561926
vn  1.000529 0.486427 -0.672410
vn  0.894919 0.531146 -0.778980
vn  0.776029 0.558399 -0.880781
vn  0.645363 0.566403 -0.975961
vn  0.505744 0.555391 -1.060928
vn  0.361763 0.530236 -1.130390
vn  0.218184 0.501389 -1.179326
vn  0.077255 0.481718 -1.204900
vn  -0.062273 0.480554 -1.206232
vn  -0.203290 0.498293 -1.183293
vn  -0.347216 0.526168 -1.136835
vn  -0.491941 0.551393 -1.069469
vn  -0.632650 0.563213 -0.986078
vn  -0.764610 0.556343 -0.891997
vn  -0.884876 0.530241 -0.790976
vn  -0.991893 0.486541 -0.685005
vn  -1.084602 0.427547 -0.575019
vn  -1.162062 0.355591 -0.461490
vn  -1.195294 0.300549 -0.413217
vn  1.198938 0.417158 -0.279878
vn  1.167836 0.457844 -0.341091
vn  1.091817 0.557491 -0.432369
vn  1.000529 0.643885 -0.523602
vn  0.894919 0.714662 -0.614966
vn  0.776029 0.767335 -0.706245
vn  0.645363 0.799701 -0.796110
vn  0.505744 0.811056 -0.881031
vn  0.361763 0.804734 -0.954639
vn  0.218184 0.789536 -1.009373
vn  0.077255 0.777155 -1.039166
vn  -0.062273 0.776376 -1.040753
vn  -0.203290 0.787573 -1.014005
vn  -0.347216 0.802473 -0.961916
vn  -0.491941 0.809403 -0.890317
vn  -0.632650 0.799237 -0.806708
vn  -0.764609 0.768252 -0.717612
vn  -0.884876 0.716893 -0.626789
vn  -0.991893 0.647254 -0.535738
vn  -1.084602 0.561804 -0.444768
vn  -1.162062 0.462916 -0.353731
vn  -1.195294 0.397256 -0.321349
vn  1.198938 0.475382 -0.162373
vn  1.167836 0.530524 -0.210970
vn  1.091818 0.650401 -0.273347
vn  1.000529 0.757463 -0.339111
vn  0.894919 0.849475 -0.409043
vn  0.776029 0.923978 -0.483579
vn  0.645363 0.978500 -0.562005
vn  0.505744 1.011447 -0.641095
vn  0.361763 1.024392 -0.713830
vn  0.218184 1.023878 -0.770633
vn  0.077255 1.019630 -0.802616
vn  -0.062273 1.019288 -0.804350
vn  -0.203291 1.023181 -0.775615
vn  -0.347216 1.024092 -0.721444
vn  -0.491941 1.012255 -0.650492
vn  -0.632651 0.980795 -0.572363
vn  -0.764610 0.927806 -0.494322
vn  -0.884876 0.854690 -0.419886
vn  -0.991893 0.763859 -0.349962
vn  -1.084602 0.657776 -0.284207
vn  -1.162062 0.538695 -0.221867
vn  -1.195294 0.466891 -0.207582
vn  1.198938 0.501209 -0.033803
vn  1.167836 0.567050 -0.066472
vn  1.091817 0.698986 -0.095697
vn  1.000529 0.819421 -0.131510
vn  0.894919 0.926398 -0.175245
vn  0.776029 1.017654 -0.227958
vn  0.645362 1.090616 -0.289601
vn  0.505744 1.142910 -0.357468
vn  0.361763 1.174240 -0.424374
vn  0.218184 1.188444 -0.479375
vn  0.077255 1.192619 -0.511367
vn  -0.062273 1.192738 -0.513131
vn  -0.203291 1.189061 -0.484368
vn  -0.347216 1.175920 -0.431807
vn  -0.491941 1.146122 -0.366336
vn  -0.632651 1.095513 -0.299012
vn  -0.764610 1.024131 -0.237344
vn  -0.884876 0.934241 -0.184369
vn  -0.991893 0.828408 -0.140336
vn  -1.084602 0.708921 -0.104279
vn  -1.162062 0.577763 -0.074882
vn  -1.195294 0.504708 -0.079668
vn  1.198938 0.492880 0.097071
vn  1.167836 0.564933 0.082556
vn  1.091817 0.699937 0.088475
vn  1.000529 0.825538 0.085053
vn  0.894919 0.940189 0.070496
vn  0.776029 1.041978 0.043197
vn  0.645362 1.128409 0.002539
vn  0.505744 1.196486 -0.049481
vn  0.361763 1.244065 -0.105999
vn  0.218184 1.272021 -0.155449
vn  0.077255 1.284333 -0.185270
vn  -0.062273 1.284904 -0.186944
vn  -0.203291 1.273908 -0.160111
vn  -0.347216 1.247612 -0.112743
vn  -0.491941 1.201884 -0.057215
vn  -0.632651 1.135575 -0.005283
vn  -0.764610 1.050664 0.035808
vn  -0.884876 0.950126 0.063713
vn  -0.991893 0.836502 0.078854
vn  -1.084602 0.711754 0.082757
vn  -1.162062 0.577457 0.077205
vn  -1.195294 0.508131 0.053674
vn  1.198938 0.450961 0.221330
vn  1.167836 0.524316 0.225958
vn  1.091817 0.653188 0.266617
vn  1.000529 0.775395 0.295820
vn  0.894919 0.889907 0.311432
vn  0.776029 0.995293 0.311409
vn  0.645363 1.089302 0.294506
vn  0.505744 1.168524 0.261880
vn  0.361762 1.229109 0.219602
vn  0.218184 1.268911 0.179072
vn  0.077255 1.288522 0.153452
vn  -0.062273 1.289507 0.151984
vn  -0.203291 1.271941 0.175056
vn  -0.347217 1.234280 0.214005
vn  -0.491941 1.175739 0.255805
vn  -0.632651 1.098248 0.288805
vn  -0.764610 1.005596 0.306520
vn  -0.884876 0.901261 0.307453
vn  -0.991893 0.787590 0.292670
vn  -1.084603 0.666082 0.264153
vn  -1.162062 0.537798 0.224032
vn  -1.195294 0.476925 0.183359
vn  1.198938 0.378311 0.330506
vn  1.167836 0.447968 0.353962
vn  1.091817 0.561926 0.426590
vn  1.000529 0.672410 0.486427
vn  0.894919 0.778980 0.531146
vn  0.776029 0.880781 0.558399
vn  0.645362 0.975961 0.566404
vn  0.505744 1.060928 0.555392
vn  0.361762 1.130391 0.530236
vn  0.218183 1.179326 0.501388
vn  0.077255 1.204900 0.481719
vn  -0.062273 1.206231 0.480555
vn  -0.203291 1.183293 0.498293
vn  -0.347216 1.136835 0.526168
vn  -0.491942 1.069469 0.551393
vn  -0.632651 0.986078 0.563213
vn  -0.764610 0.891997 0.556343
vn  -0.884877 0.790976 0.530240
vn  -0.991893 0.685005 0.486540
vn  -1.084602 0.575018 0.427547
vn  -1.162062 0.461489 0.355590
vn  -1.195294 0.413217 0.300549
vn  1.198938 0.279879 0.417159
vn  1.167835 0.341092 0.457844
vn  1.091817 0.432369 0.557491
vn  1.000529 0.523602 0.643884
vn  0.894919 0.614966 0.714662
vn  0.776029 0.706245 0.767335
vn  0.645362 0.796110 0.799701
vn  0.505744 0.881032 0.811055
vn  0.361762 0.954639 0.804734
vn  0.218183 1.009373 0.789536
vn  0.077255 1.039167 0.777154
vn  -0.062273 1.040754 0.776375
vn  -0.203291 1.014006 0.787573
vn  -0.347217 0.961916 0.802473
vn  -0.491941 0.890317 0.809403
vn  -0.632651 0.806708 0.799237
vn  -0.764610 0.717612 0.768252
vn  -0.884876 0.626789 0.716892
vn  -0.991893 0.535738 0.647254
vn  -1.084602 0.444768 0.561805
vn  -1.162062 0.353731 0.462916
vn  -1.195294 0.321348 0.397256
vn  1.198938 0.162374 0.475382
vn  1.167835 0.210971 0.530525
vn  1.091817 0.273347 0.650401
vn  1.000529 0.339111 0.757463
vn  0.894919 0.409044 0.849475
vn  0.776029 0.483580 0.923978
vn  0.645362 0.562006 0.978500
vn  0.505744 0.641095 1.011447
vn  0.361762 0.713830 1.024392
vn  0.218183 0.770633 1.023878
vn  0.077255 0.802616 1.019630
vn  -0.062273 0.804351 1.019287
vn  -0.203291 0.775615 1.023181
vn  -0.347217 0.721444 1.024092
vn  -0.491942 0.650491 1.012255
vn  -0.632651 0.572362 0.980795
vn  -0.764610 0.494321 0.927806
vn  -0.884876 0.419886 0.854690
vn  -0.991893 0.349961 0.763859
vn  -1.084602 0.284208 0.657776
vn  -1.162062 0.221867 0.538695
vn  -1.195294 0.207582 0.466891
vn  1.198938 0.033803 0.501209
vn  1.167836 0.066472 0.567051
vn  1.091817 0.095697 0.698987
vn  1.000529 0.131510 0.819421
vn  0.894919 0.175245 0.926399
vn  0.776029 0.227959 1.017654
vn  0.645362 0.289601 1.090616
vn  0.505744 0.357468 1.142911
vn  0.361762 0.424374 1.174240
vn  0.218184 0.479375 1.188444
vn  0.077255 0.511367 1.192619
vn  -0.062273 0.513132 1.192738
vn  -0.203291 0.484367 1.189061
vn  -0.347217 0.431806 1.175920
vn  -0.491942 0.366335 1.146123
vn  -0.632651 0.299010 1.095514
vn  -0.764610 0.237343 1.024131
vn  -0.884876 0.184368 0.934241
vn  -0.991893 0.140335 0.828408
vn  -1.084603 0.104278 0.708920
vn  -1.162062 0.074882 0.577763
vn  -1.195294 0.079668 0.504708
vn  1.198938 -0.097071 0.492880
vn  1.167836 -0.082556 0.564933
vn  1.091817 -0.088475 0.699937
vn  1.000529 -0.085053 0.825537
vn  0.894918 -0.070496 0.940189
vn  0.776028 -0.043197 1.041978
vn  0.645362 -0.002539 1.128409
vn  0.505744 0.049480 1.196486
vn  0.361762 0.105998 1.244065
vn  0.218183 0.155448 1.272021
vn  0.077255 0.185269 1.284333
vn  -0.062274 0.186943 1.284904
vn  -0.203291 0.160111 1.273908
vn  -0.347216 0.112742 1.247612
vn  -0.491942 0.057214 1.201884
vn  -0.632651 0.005282 1.135575
vn  -0.764610 -0.035809 1.050663
vn  -0.884877 -0.063714 0.950126
vn  -0.991893 -0.078854 0.836502
vn  -1.084602 -0.082758 0.711754
vn  -1.162062 -0.077206 0.577457
vn  -1.195294 -0.053675 0.508130
vn  1.198938 -0.221330 0.450962
vn  1.167835 -0.225959 0.524317
vn  1.091817 -0.266617 0.653189
vn  1.000529 -0.295819 0.775395
vn  0.894919 -0.311432 0.889907
vn  0.776028 -0.311410 0.995293
vn  0.645362 -0.294507 1.089302
vn  0.505744 -0.261879 1.168523
vn  0.361763 -0.219602 1.229108
vn  0.218183 -0.179073 1.268911
vn  0.077255 -0.153453 1.288522
vn  -0.062274 -0.151985 1.289507
vn  -0.203291 -0.175057 1.271941
vn  -0.347217 -0.214006 1.234280
vn  -0.491942 -0.255806 1.175739
vn  -0.632651 -0.288806 1.098248
vn  -0.764610 -0.306520 1.005595
vn  -0.884877 -0.307453 0.901261
vn  -0.991893 -0.292670 0.787590
vn  -1.084602 -0.264153 0.666082
vn  -1.162062 -0.224032 0.537798
vn  -1.195294 -0.183360 0.476924
vn  1.198938 -0.330506 0.378311
vn  1.167835 -0.353963 0.447969
vn  1.091817 -0.426590 0.561926
vn  1.000529 -0.486427 0.672410
vn  0.894919 -0.531145 0.778980
vn  0.776029 -0.558399 0.880781
vn  0.645362 -0.566403 0.975961
vn  0.505744 -0.555392 1.060928
vn  0.361763 -0.530234 1.130391
vn  0.218183 -0.501388 1.179326
vn  0.077255 -0.481718 1.204900
vn  -0.062273 -0.480553 1.206232
vn  -0.203291 -0.498293 1.183293
vn  -0.347216 -0.526168 1.136835
vn  -0.491942 -0.551393 1.069469
vn  -0.632651 -0.563212 0.986078
vn  -0.764610 -0.556343 0.891997
vn  -0.884876 -0.530240 0.790976
vn  -0.991893 -0.486541 0.685005
vn  -1.084602 -0.427547 0.575019
vn  -1.162062 -0.355591 0.461489
vn  -1.195294 -0.300549 0.413216
vn  1.198938 -0.417158 0.279879
vn  1.167835 -0.457844 0.341093
vn  1.091817 -0.557491 0.432370
vn  1.000530 -0.643884 0.523602
vn  0.894919 -0.714662 0.614967
vn  0.776028 -0.767334 0.706245
vn  0.645363 -0.799700 0.796111
vn  0.505744 -0.811055 0.881032
vn  0.361763 -0.804733 0.954640
vn  0.218184 -0.789534 1.009374
vn  0.077255 -0.777154 1.039167
vn  -0.062274 -0.776374 1.040754
vn  -0.203291 -0.787572 1.014006
vn  -0.347216 -0.802472 0.961917
vn  -0.491941 -0.809402 0.890318
vn  -0.632651 -0.799237 0.806708
vn  -0.764610 -0.768252 0.717612
vn  -0.884876 -0.716892 0.626789
vn  -0.991893 -0.647254 0.535738
vn  -1.084602 -0.561805 0.444768
vn  -1.162062 -0.462917 0.353732
vn  -1.195294 -0.397256 0.321349
vn  1.198938 -0.475382 0.162374
vn  1.167836 -0.530524 0.210971
vn  1.091817 -0.650401 0.273348
vn  1.000530 -0.757462 0.339111
vn  0.894919 -0.849475 0.409044
vn  0.776029 -0.923978 0.483580
vn  0.645363 -0.978500 0.562006
vn  0.505744 -1.011447 0.641095
vn  0.361762 -1.024392 0.713830
vn  0.218184 -1.023878 0.770633
vn  0.077255 -1.019629 0.802616
vn  -0.062274 -1.019288 0.804350
vn  -0.203291 -1.023181 0.775615
vn  -0.347216 -1.024092 0.721444
vn  -0.491941 -1.012255 0.650491
vn  -0.632651 -0.980795 0.572363
vn  -0.764610 -0.927806 0.494321
vn  -0.884876 -0.854690 0.419886
vn  -0.991893 -0.763859 0.349961
vn  -1.084602 -0.657776 0.284207
vn  -1.162061 -0.538696 0.221866
vn  -1.195294 -0.466891 0.207581
vn  1.198938 -0.501209 0.033803
vn  1.167836 -0.567050 0.066473
vn  1.091817 -0.698986 0.095697
vn  1.000530 -0.819421 0.131510
vn  0.894919 -0.926399 0.175245
vn  0.776029 -1.017654 0.227959
vn  0.645363 -1.090616 0.289601
vn  0.505744 -1.142910 0.357468
vn  0.361762 -1.174240 0.424374
vn  0.218184 -1.188445 0.479375
vn  0.077255 -1.192619 0.511367
vn  -0.062273 -1.192738 0.513132
vn  -0.203291 -1.189061 0.484368
vn  -0.347216 -1.175921 0.431806
vn  -0.491942 -1.146123 0.366334
vn  -0.632650 -1.095514 0.299011
vn  -0.764610 -1.024132 0.237343
vn  -0.884876 -0.934242 0.184368
vn  -0.991893 -0.828408 0.140335
vn  -1.084602 -0.708921 0.104278
vn  -1.162061 -0.577764 0.074882
vn  -1.195294 -0.504708 0.079668
vn  1.198938 -0.492880 -0.097071
vn  1.167836 -0.564933 -0.082556
vn  1.091818 -0.699937 -0.088475
vn  1.000530 -0.825537 -0.085053
vn  0.894919 -0.940189 -0.070496
vn  0.776029 -1.041978 -0.043198
vn  0.645363 -1.128408 -0.002540
vn  0.505744 -1.196486 0.049480
vn  0.361763 -1.244065 0.105998
vn  0.218183 -1.272021 0.155448
vn  0.077255 -1.284333 0.185270
vn  -0.062273 -1.284904 0.186943
vn  -0.203291 -1.273908 0.160111
vn  -0.347216 -1.247612 0.112742
vn  -0.491941 -1.201884 0.057214
vn  -0.632651 -1.135575 0.005282
vn  -0.764609 -1.050664 -0.035809
vn  -0.884876 -0.950126 -0.063714
vn  -0.991893 -0.836502 -0.078854
vn  -1.084602 -0.711755 -0.082758
vn  -1.162061 -0.577458 -0.077206
vn  -1.195294 -0.508130 -0.053675
vn  1.198938 -0.450961 -0.221330
vn  1.167835 -0.524316 -0.225959
vn  1.091818 -0.653188 -0.266617
vn  1.000530 -0.775394 -0.295819
vn  0.894919 -0.889907 -0.311433
vn  0.776029 -0.995293 -0.311410
vn  0.645363 -1.089301 -0.294507
vn  0.505744 -1.168523 -0.261880
vn  0.361763 -1.229108 -0.219602
vn  0.218184 -1.268911 -0.179072
vn  0.077255 -1.288522 -0.153454
vn  -0.062273 -1.289507 -0.151985
vn  -0.203290 -1.271941 -0.175057
vn  -0.347216 -1.234280 -0.214006
vn  -0.491941 -1.175739 -0.255806
vn  -0.632651 -1.098248 -0.288806
vn  -0.764610 -1.005595 -0.306521
vn  -0.884876 -0.901261 -0.307454
vn  -0.991893 -0.787590 -0.292670
vn  -1.084602 -0.666083 -0.264154
vn  -1.162061 -0.537799 -0.224033
vn  -1.195294 -0.476924 -0.183360
vn  1.198938 -0.378311 -0.330506
vn  1.167836 -0.447968 -0.353962
vn  1.091817 -0.561926 -0.426590
vn  1.000530 -0.672410 -0.486426
vn  0.894919 -0.778980 -0.531145
vn  0.776029 -0.880781 -0.558398
vn  0.645363 -0.975961 -0.566403
vn  0.505744 -1.060928 -0.555392
vn  0.361763 -1.130391 -0.530235
vn  0.218184 -1.179326 -0.501388
vn  0.077255 -1.204900 -0.481718
vn  -0.062273 -1.206231 -0.480555
vn  -0.203290 -1.183293 -0.498294
vn  -0.347216 -1.136835 -0.526169
vn  -0.491942 -1.069469 -0.551394
vn  -0.632650 -0.986078 -0.563213
vn  -0.764609 -0.891997 -0.556344
vn  -0.884876 -0.790977 -0.530241
vn  -0.991893 -0.685005 -0.486541
vn  -1.084602 -0.575019 -0.427548
vn  -1.162061 -0.461490 -0.355591
vn  -1.195294 -0.413217 -0.300549
vn  1.198938 -0.279879 -0.417158
vn  1.167836 -0.341092 -0.457844
vn  1.091817 -0.432369 -0.557492
vn  1.000530 -0.523601 -0.643884
vn  0.894919 -0.614966 -0.714662
vn  0.776029 -0.706245 -0.767334
vn  0.645363 -0.796110 -0.799700
vn  0.505744 -0.881032 -0.811056
vn  0.361763 -0.954639 -0.804734
vn  0.218184 -1.009373 -0.789536
vn  0.077256 -1.039166 -0.777155
vn  -0.062273 -1.040753 -0.776376
vn  -0.203290 -1.014005 -0.787573
vn  -0.347216 -0.961916 -0.802474
vn  -0.491941 -0.890317 -0.809404
vn  -0.632650 -0.806708 -0.799238
vn  -0.764609 -0.717611 -0.768252
vn  -0.884876 -0.626788 -0.716893
vn  -0.991893 -0.535738 -0.647255
vn  -1.084602 -0.444768 -0.561805
vn  -1.162061 -0.353732 -0.462917
vn  -1.195294 -0.321349 -0.397256
vn  1.198938 -0.162374 -0.475382
vn  1.167836 -0.210971 -0.530524
vn  1.091817 -0.273347 -0.650401
vn  1.000530 -0.339111 -0.757463
vn  0.894919 -0.409043 -0.849475
vn  0.776029 -0.483579 -0.923978
vn  0.645363 -0.562005 -0.978500
vn  0.505744 -0.641095 -1.011447
vn  0.361763 -0.713830 -1.024392
vn  0.218184 -0.770633 -1.023878
vn  0.077256 -0.802615 -1.019630
vn  -0.062273 -0.804350 -1.019288
vn  -0.203291 -0.775615 -1.023181
vn  -0.347216 -0.721443 -1.024093
vn  -0.491941 -0.650491 -1.012255
vn  -0.632650 -0.572362 -0.980795
vn  -0.764609 -0.494321 -0.927806
vn  -0.884876 -0.419886 -0.854690
vn  -0.991893 -0.349961 -0.763859
vn  -1.084602 -0.284207 -0.657776
vn  -1.162062 -0.221866 -0.538696
vn  -1.195294 -0.207582 -0.466892
# 528 vertex normals

g Arc03
usemtl drevo_skrin
s 1
f 1385/1675/1385 1408/1698/1408 1386/1676/1386
f 1385/1675/1385 1407/1697/1407 1408/1698/1408
s 3
f 1386/1676/1386 1409/1699/1409 1387/1677/1387
f 1386/1676/1386 1408/1698/1408 1409/1699/1409
s 2
f 1387/1677/1387 1410/1700/1410 1388/1678/1388
f 1387/1677/1387 1409/1699/1409 1410/1700/1410
f 1388/1678/1388 1411/1701/1411 1389/1679/1389
f 1388/1678/1388 1410/1700/1410 1411/1701/1411
f 1389/1679/1389 1412/1702/1412 1390/1680/1390
f 1389/1679/1389 1411/1701/1411 1412/1702/1412
f 1390/1680/1390 1413/1703/1413 1391/1681/1391
f 1390/1680/1390 1412/1702/1412 1413/1703/1413
f 1391/1681/1391 1414/1704/1414 1392/1682/1392
f 1391/1681/1391 1413/1703/1413 1414/1704/1414
f 1392/1682/1392 1415/1705/1415 1393/1683/1393
f 1392/1682/1392 1414/1704/1414 1415/1705/1415
f 1393/1683/1393 1416/1706/1416 1394/1684/1394
f 1393/1683/1393 1415/1705/1415 1416/1706/1416
f 1394/1684/1394 1417/1707/1417 1395/1685/1395
f 1394/1684/1394 1416/1706/1416 1417/1707/1417
f 1395/1685/1395 1418/1708/1418 1396/1686/1396
f 1395/1685/1395 1417/1707/1417 1418/1708/1418
f 1396/1686/1396 1419/1709/1419 1397/1687/1397
f 1396/1686/1396 1418/1708/1418 1419/1709/1419
f 1397/1687/1397 1420/1710/1420 1398/1688/1398
f 1397/1687/1397 1419/1709/1419 1420/1710/1420
f 1398/1688/1398 1421/1711/1421 1399/1689/1399
f 1398/1688/1398 1420/1710/1420 1421/1711/1421
f 1399/1689/1399 1422/1712/1422 1400/1690/1400
f 1399/1689/1399 1421/1711/1421 1422/1712/1422
f 1400/1690/1400 1423/1713/1423 1401/1691/1401
f 1400/1690/1400 1422/1712/1422 1423/1713/1423
f 1401/1691/1401 1424/1714/1424 1402/1692/1402
f 1401/1691/1401 1423/1713/1423 1424/1714/1424
f 1402/1692/1402 1425/1715/1425 1403/1693/1403
f 1402/1692/1402 1424/1714/1424 1425/1715/1425
f 1403/1693/1403 1426/1716/1426 1404/1694/1404
f 1403/1693/1403 1425/1715/1425 1426/1716/1426
f 1404/1694/1404 1427/1717/1427 1405/1695/1405
f 1404/1694/1404 1426/1716/1426 1427/1717/1427
f 1405/1695/1405 1428/1718/1428 1406/1696/1406
f 1405/1695/1405 1427/1717/1427 1428/1718/1428
s 1
f 1407/1697/1407 1430/1720/1430 1408/1698/1408
f 1407/1697/1407 1429/1719/1429 1430/1720/1430
s 3
f 1408/1698/1408 1431/1721/1431 1409/1699/1409
f 1408/1698/1408 1430/1720/1430 1431/1721/1431
s 2
f 1409/1699/1409 1432/1722/1432 1410/1700/1410
f 1409/1699/1409 1431/1721/1431 1432/1722/1432
f 1410/1700/1410 1433/1723/1433 1411/1701/1411
f 1410/1700/1410 1432/1722/1432 1433/1723/1433
f 1411/1701/1411 1434/1724/1434 1412/1702/1412
f 1411/1701/1411 1433/1723/1433 1434/1724/1434
f 1412/1702/1412 1435/1725/1435 1413/1703/1413
f 1412/1702/1412 1434/1724/1434 1435/1725/1435
f 1413/1703/1413 1436/1726/1436 1414/1704/1414
f 1413/1703/1413 1435/1725/1435 1436/1726/1436
f 1414/1704/1414 1437/1727/1437 1415/1705/1415
f 1414/1704/1414 1436/1726/1436 1437/1727/1437
f 1415/1705/1415 1438/1728/1438 1416/1706/1416
f 1415/1705/1415 1437/1727/1437 1438/1728/1438
f 1416/1706/1416 1439/1729/1439 1417/1707/1417
f 1416/1706/1416 1438/1728/1438 1439/1729/1439
f 1417/1707/1417 1440/1730/1440 1418/1708/1418
f 1417/1707/1417 1439/1729/1439 1440/1730/1440
f 1418/1708/1418 1441/1731/1441 1419/1709/1419
f 1418/1708/1418 1440/1730/1440 1441/1731/1441
f 1419/1709/1419 1442/1732/1442 1420/1710/1420
f 1419/1709/1419 1441/1731/1441 1442/1732/1442
f 1420/1710/1420 1443/1733/1443 1421/1711/1421
f 1420/1710/1420 1442/1732/1442 1443/1733/1443
f 1421/1711/1421 1444/1734/1444 1422/1712/1422
f 1421/1711/1421 1443/1733/1443 1444/1734/1444
f 1422/1712/1422 1445/1735/1445 1423/1713/1423
f 1422/1712/1422 1444/1734/1444 1445/1735/1445
f 1423/1713/1423 1446/1736/1446 1424/1714/1424
f 1423/1713/1423 1445/1735/1445 1446/1736/1446
f 1424/1714/1424 1447/1737/1447 1425/1715/1425
f 1424/1714/1424 1446/1736/1446 1447/1737/1447
f 1425/1715/1425 1448/1738/1448 1426/1716/1426
f 1425/1715/1425 1447/1737/1447 1448/1738/1448
f 1426/1716/1426 1449/1739/1449 1427/1717/1427
f 1426/1716/1426 1448/1738/1448 1449/1739/1449
f 1427/1717/1427 1450/1740/1450 1428/1718/1428
f 1427/1717/1427 1449/1739/1449 1450/1740/1450
s 1
f 1429/1719/1429 1452/1742/1452 1430/1720/1430
f 1429/1719/1429 1451/1741/1451 1452/1742/1452
s 3
f 1430/1720/1430 1453/1743/1453 1431/1721/1431
f 1430/1720/1430 1452/1742/1452 1453/1743/1453
s 2
f 1431/1721/1431 1454/1744/1454 1432/1722/1432
f 1431/1721/1431 1453/1743/1453 1454/1744/1454
f 1432/1722/1432 1455/1745/1455 1433/1723/1433
f 1432/1722/1432 1454/1744/1454 1455/1745/1455
f 1433/1723/1433 1456/1746/1456 1434/1724/1434
f 1433/1723/1433 1455/1745/1455 1456/1746/1456
f 1434/1724/1434 1457/1747/1457 1435/1725/1435
f 1434/1724/1434 1456/1746/1456 1457/1747/1457
f 1435/1725/1435 1458/1748/1458 1436/1726/1436
f 1435/1725/1435 1457/1747/1457 1458/1748/1458
f 1436/1726/1436 1459/1749/1459 1437/1727/1437
f 1436/1726/1436 1458/1748/1458 1459/1749/1459
f 1437/1727/1437 1460/1750/1460 1438/1728/1438
f 1437/1727/1437 1459/1749/1459 1460/1750/1460
f 1438/1728/1438 1461/1751/1461 1439/1729/1439
f 1438/1728/1438 1460/1750/1460 1461/1751/1461
f 1439/1729/1439 1462/1752/1462 1440/1730/1440
f 1439/1729/1439 1461/1751/1461 1462/1752/1462
f 1440/1730/1440 1463/1753/1463 1441/1731/1441
f 1440/1730/1440 1462/1752/1462 1463/1753/1463
f 1441/1731/1441 1464/1754/1464 1442/1732/1442
f 1441/1731/1441 1463/1753/1463 1464/1754/1464
f 1442/1732/1442 1465/1755/1465 1443/1733/1443
f 1442/1732/1442 1464/1754/1464 1465/1755/1465
f 1443/1733/1443 1466/1756/1466 1444/1734/1444
f 1443/1733/1443 1465/1755/1465 1466/1756/1466
f 1444/1734/1444 1467/1757/1467 1445/1735/1445
f 1444/1734/1444 1466/1756/1466 1467/1757/1467
f 1445/1735/1445 1468/1758/1468 1446/1736/1446
f 1445/1735/1445 1467/1757/1467 1468/1758/1468
f 1446/1736/1446 1469/1759/1469 1447/1737/1447
f 1446/1736/1446 1468/1758/1468 1469/1759/1469
f 1447/1737/1447 1470/1760/1470 1448/1738/1448
f 1447/1737/1447 1469/1759/1469 1470/1760/1470
f 1448/1738/1448 1471/1761/1471 1449/1739/1449
f 1448/1738/1448 1470/1760/1470 1471/1761/1471
f 1449/1739/1449 1472/1762/1472 1450/1740/1450
f 1449/1739/1449 1471/1761/1471 1472/1762/1472
s 1
f 1451/1741/1451 1474/1764/1474 1452/1742/1452
f 1451/1741/1451 1473/1763/1473 1474/1764/1474
s 3
f 1452/1742/1452 1475/1765/1475 1453/1743/1453
f 1452/1742/1452 1474/1764/1474 1475/1765/1475
s 2
f 1453/1743/1453 1476/1766/1476 1454/1744/1454
f 1453/1743/1453 1475/1765/1475 1476/1766/1476
f 1454/1744/1454 1477/1767/1477 1455/1745/1455
f 1454/1744/1454 1476/1766/1476 1477/1767/1477
f 1455/1745/1455 1478/1768/1478 1456/1746/1456
f 1455/1745/1455 1477/1767/1477 1478/1768/1478
f 1456/1746/1456 1479/1769/1479 1457/1747/1457
f 1456/1746/1456 1478/1768/1478 1479/1769/1479
f 1457/1747/1457 1480/1770/1480 1458/1748/1458
f 1457/1747/1457 1479/1769/1479 1480/1770/1480
f 1458/1748/1458 1481/1771/1481 1459/1749/1459
f 1458/1748/1458 1480/1770/1480 1481/1771/1481
f 1459/1749/1459 1482/1772/1482 1460/1750/1460
f 1459/1749/1459 1481/1771/1481 1482/1772/1482
f 1460/1750/1460 1483/1773/1483 1461/1751/1461
f 1460/1750/1460 1482/1772/1482 1483/1773/1483
f 1461/1751/1461 1484/1774/1484 1462/1752/1462
f 1461/1751/1461 1483/1773/1483 1484/1774/1484
f 1462/1752/1462 1485/1775/1485 1463/1753/1463
f 1462/1752/1462 1484/1774/1484 1485/1775/1485
f 1463/1753/1463 1486/1776/1486 1464/1754/1464
f 1463/1753/1463 1485/1775/1485 1486/1776/1486
f 1464/1754/1464 1487/1777/1487 1465/1755/1465
f 1464/1754/1464 1486/1776/1486 1487/1777/1487
f 1465/1755/1465 1488/1778/1488 1466/1756/1466
f 1465/1755/1465 1487/1777/1487 1488/1778/1488
f 1466/1756/1466 1489/1779/1489 1467/1757/1467
f 1466/1756/1466 1488/1778/1488 1489/1779/1489
f 1467/1757/1467 1490/1780/1490 1468/1758/1468
f 1467/1757/1467 1489/1779/1489 1490/1780/1490
f 1468/1758/1468 1491/1781/1491 1469/1759/1469
f 1468/1758/1468 1490/1780/1490 1491/1781/1491
f 1469/1759/1469 1492/1782/1492 1470/1760/1470
f 1469/1759/1469 1491/1781/1491 1492/1782/1492
f 1470/1760/1470 1493/1783/1493 1471/1761/1471
f 1470/1760/1470 1492/1782/1492 1493/1783/1493
f 1471/1761/1471 1494/1784/1494 1472/1762/1472
f 1471/1761/1471 1493/1783/1493 1494/1784/1494
s 1
f 1473/1763/1473 1496/1786/1496 1474/1764/1474
f 1473/1763/1473 1495/1785/1495 1496/1786/1496
s 3
f 1474/1764/1474 1497/1787/1497 1475/1765/1475
f 1474/1764/1474 1496/1786/1496 1497/1787/1497
s 2
f 1475/1765/1475 1498/1788/1498 1476/1766/1476
f 1475/1765/1475 1497/1787/1497 1498/1788/1498
f 1476/1766/1476 1499/1789/1499 1477/1767/1477
f 1476/1766/1476 1498/1788/1498 1499/1789/1499
f 1477/1767/1477 1500/1790/1500 1478/1768/1478
f 1477/1767/1477 1499/1789/1499 1500/1790/1500
f 1478/1768/1478 1501/1791/1501 1479/1769/1479
f 1478/1768/1478 1500/1790/1500 1501/1791/1501
f 1479/1769/1479 1502/1792/1502 1480/1770/1480
f 1479/1769/1479 1501/1791/1501 1502/1792/1502
f 1480/1770/1480 1503/1793/1503 1481/1771/1481
f 1480/1770/1480 1502/1792/1502 1503/1793/1503
f 1481/1771/1481 1504/1794/1504 1482/1772/1482
f 1481/1771/1481 1503/1793/1503 1504/1794/1504
f 1482/1772/1482 1505/1795/1505 1483/1773/1483
f 1482/1772/1482 1504/1794/1504 1505/1795/1505
f 1483/1773/1483 1506/1796/1506 1484/1774/1484
f 1483/1773/1483 1505/1795/1505 1506/1796/1506
f 1484/1774/1484 1507/1797/1507 1485/1775/1485
f 1484/1774/1484 1506/1796/1506 1507/1797/1507
f 1485/1775/1485 1508/1798/1508 1486/1776/1486
f 1485/1775/1485 1507/1797/1507 1508/1798/1508
f 1486/1776/1486 1509/1799/1509 1487/1777/1487
f 1486/1776/1486 1508/1798/1508 1509/1799/1509
f 1487/1777/1487 1510/1800/1510 1488/1778/1488
f 1487/1777/1487 1509/1799/1509 1510/1800/1510
f 1488/1778/1488 1511/1801/1511 1489/1779/1489
f 1488/1778/1488 1510/1800/1510 1511/1801/1511
f 1489/1779/1489 1512/1802/1512 1490/1780/1490
f 1489/1779/1489 1511/1801/1511 1512/1802/1512
f 1490/1780/1490 1513/1803/1513 1491/1781/1491
f 1490/1780/1490 1512/1802/1512 1513/1803/1513
f 1491/1781/1491 1514/1804/1514 1492/1782/1492
f 1491/1781/1491 1513/1803/1513 1514/1804/1514
f 1492/1782/1492 1515/1805/1515 1493/1783/1493
f 1492/1782/1492 1514/1804/1514 1515/1805/1515
f 1493/1783/1493 1516/1806/1516 1494/1784/1494
f 1493/1783/1493 1515/1805/1515 1516/1806/1516
s 1
f 1495/1785/1495 1518/1808/1518 1496/1786/1496
f 1495/1785/1495 1517/1807/1517 1518/1808/1518
s 3
f 1496/1786/1496 1519/1809/1519 1497/1787/1497
f 1496/1786/1496 1518/1808/1518 1519/1809/1519
s 2
f 1497/1787/1497 1520/1810/1520 1498/1788/1498
f 1497/1787/1497 1519/1809/1519 1520/1810/1520
f 1498/1788/1498 1521/1811/1521 1499/1789/1499
f 1498/1788/1498 1520/1810/1520 1521/1811/1521
f 1499/1789/1499 1522/1812/1522 1500/1790/1500
f 1499/1789/1499 1521/1811/1521 1522/1812/1522
f 1500/1790/1500 1523/1813/1523 1501/1791/1501
f 1500/1790/1500 1522/1812/1522 1523/1813/1523
f 1501/1791/1501 1524/1814/1524 1502/1792/1502
f 1501/1791/1501 1523/1813/1523 1524/1814/1524
f 1502/1792/1502 1525/1815/1525 1503/1793/1503
f 1502/1792/1502 1524/1814/1524 1525/1815/1525
f 1503/1793/1503 1526/1816/1526 1504/1794/1504
f 1503/1793/1503 1525/1815/1525 1526/1816/1526
f 1504/1794/1504 1527/1817/1527 1505/1795/1505
f 1504/1794/1504 1526/1816/1526 1527/1817/1527
f 1505/1795/1505 1528/1818/1528 1506/1796/1506
f 1505/1795/1505 1527/1817/1527 1528/1818/1528
f 1506/1796/1506 1529/1819/1529 1507/1797/1507
f 1506/1796/1506 1528/1818/1528 1529/1819/1529
f 1507/1797/1507 1530/1820/1530 1508/1798/1508
f 1507/1797/1507 1529/1819/1529 1530/1820/1530
f 1508/1798/1508 1531/1821/1531 1509/1799/1509
f 1508/1798/1508 1530/1820/1530 1531/1821/1531
f 1509/1799/1509 1532/1822/1532 1510/1800/1510
f 1509/1799/1509 1531/1821/1531 1532/1822/1532
f 1510/1800/1510 1533/1823/1533 1511/1801/1511
f 1510/1800/1510 1532/1822/1532 1533/1823/1533
f 1511/1801/1511 1534/1824/1534 1512/1802/1512
f 1511/1801/1511 1533/1823/1533 1534/1824/1534
f 1512/1802/1512 1535/1825/1535 1513/1803/1513
f 1512/1802/1512 1534/1824/1534 1535/1825/1535
f 1513/1803/1513 1536/1826/1536 1514/1804/1514
f 1513/1803/1513 1535/1825/1535 1536/1826/1536
f 1514/1804/1514 1537/1827/1537 1515/1805/1515
f 1514/1804/1514 1536/1826/1536 1537/1827/1537
f 1515/1805/1515 1538/1828/1538 1516/1806/1516
f 1515/1805/1515 1537/1827/1537 1538/1828/1538
s 1
f 1517/1807/1517 1540/1830/1540 1518/1808/1518
f 1517/1807/1517 1539/1829/1539 1540/1830/1540
s 3
f 1518/1808/1518 1541/1831/1541 1519/1809/1519
f 1518/1808/1518 1540/1830/1540 1541/1831/1541
s 2
f 1519/1809/1519 1542/1832/1542 1520/1810/1520
f 1519/1809/1519 1541/1831/1541 1542/1832/1542
f 1520/1810/1520 1543/1833/1543 1521/1811/1521
f 1520/1810/1520 1542/1832/1542 1543/1833/1543
f 1521/1811/1521 1544/1834/1544 1522/1812/1522
f 1521/1811/1521 1543/1833/1543 1544/1834/1544
f 1522/1812/1522 1545/1835/1545 1523/1813/1523
f 1522/1812/1522 1544/1834/1544 1545/1835/1545
f 1523/1813/1523 1546/1836/1546 1524/1814/1524
f 1523/1813/1523 1545/1835/1545 1546/1836/1546
f 1524/1814/1524 1547/1837/1547 1525/1815/1525
f 1524/1814/1524 1546/1836/1546 1547/1837/1547
f 1525/1815/1525 1548/1838/1548 1526/1816/1526
f 1525/1815/1525 1547/1837/1547 1548/1838/1548
f 1526/1816/1526 1549/1839/1549 1527/1817/1527
f 1526/1816/1526 1548/1838/1548 1549/1839/1549
f 1527/1817/1527 1550/1840/1550 1528/1818/1528
f 1527/1817/1527 1549/1839/1549 1550/1840/1550
f 1528/1818/1528 1551/1841/1551 1529/1819/1529
f 1528/1818/1528 1550/1840/1550 1551/1841/1551
f 1529/1819/1529 1552/1842/1552 1530/1820/1530
f 1529/1819/1529 1551/1841/1551 1552/1842/1552
f 1530/1820/1530 1553/1843/1553 1531/1821/1531
f 1530/1820/1530 1552/1842/1552 1553/1843/1553
f 1531/1821/1531 1554/1844/1554 1532/1822/1532
f 1531/1821/1531 1553/1843/1553 1554/1844/1554
f 1532/1822/1532 1555/1845/1555 1533/1823/1533
f 1532/1822/1532 1554/1844/1554 1555/1845/1555
f 1533/1823/1533 1556/1846/1556 1534/1824/1534
f 1533/1823/1533 1555/1845/1555 1556/1846/1556
f 1534/1824/1534 1557/1847/1557 1535/1825/1535
f 1534/1824/1534 1556/1846/1556 1557/1847/1557
f 1535/1825/1535 1558/1848/1558 1536/1826/1536
f 1535/1825/1535 1557/1847/1557 1558/1848/1558
f 1536/1826/1536 1559/1849/1559 1537/1827/1537
f 1536/1826/1536 1558/1848/1558 1559/1849/1559
f 1537/1827/1537 1560/1850/1560 1538/1828/1538
f 1537/1827/1537 1559/1849/1559 1560/1850/1560
s 1
f 1539/1829/1539 1562/1852/1562 1540/1830/1540
f 1539/1829/1539 1561/1851/1561 1562/1852/1562
s 3
f 1540/1830/1540 1563/1853/1563 1541/1831/1541
f 1540/1830/1540 1562/1852/1562 1563/1853/1563
s 2
f 1541/1831/1541 1564/1854/1564 1542/1832/1542
f 1541/1831/1541 1563/1853/1563 1564/1854/1564
f 1542/1832/1542 1565/1855/1565 1543/1833/1543
f 1542/1832/1542 1564/1854/1564 1565/1855/1565
f 1543/1833/1543 1566/1856/1566 1544/1834/1544
f 1543/1833/1543 1565/1855/1565 1566/1856/1566
f 1544/1834/1544 1567/1857/1567 1545/1835/1545
f 1544/1834/1544 1566/1856/1566 1567/1857/1567
f 1545/1835/1545 1568/1858/1568 1546/1836/1546
f 1545/1835/1545 1567/1857/1567 1568/1858/1568
f 1546/1836/1546 1569/1859/1569 1547/1837/1547
f 1546/1836/1546 1568/1858/1568 1569/1859/1569
f 1547/1837/1547 1570/1860/1570 1548/1838/1548
f 1547/1837/1547 1569/1859/1569 1570/1860/1570
f 1548/1838/1548 1571/1861/1571 1549/1839/1549
f 1548/1838/1548 1570/1860/1570 1571/1861/1571
f 1549/1839/1549 1572/1862/1572 1550/1840/1550
f 1549/1839/1549 1571/1861/1571 1572/1862/1572
f 1550/1840/1550 1573/1863/1573 1551/1841/1551
f 1550/1840/1550 1572/1862/1572 1573/1863/1573
f 1551/1841/1551 1574/1864/1574 1552/1842/1552
f 1551/1841/1551 1573/1863/1573 1574/1864/1574
f 1552/1842/1552 1575/1865/1575 1553/1843/1553
f 1552/1842/1552 1574/1864/1574 1575/1865/1575
f 1553/1843/1553 1576/1866/1576 1554/1844/1554
f 1553/1843/1553 1575/1865/1575 1576/1866/1576
f 1554/1844/1554 1577/1867/1577 1555/1845/1555
f 1554/1844/1554 1576/1866/1576 1577/1867/1577
f 1555/1845/1555 1578/1868/1578 1556/1846/1556
f 1555/1845/1555 1577/1867/1577 1578/1868/1578
f 1556/1846/1556 1579/1869/1579 1557/1847/1557
f 1556/1846/1556 1578/1868/1578 1579/1869/1579
f 1557/1847/1557 1580/1870/1580 1558/1848/1558
f 1557/1847/1557 1579/1869/1579 1580/1870/1580
f 1558/1848/1558 1581/1871/1581 1559/1849/1559
f 1558/1848/1558 1580/1870/1580 1581/1871/1581
f 1559/1849/1559 1582/1872/1582 1560/1850/1560
f 1559/1849/1559 1581/1871/1581 1582/1872/1582
s 1
f 1561/1851/1561 1584/1874/1584 1562/1852/1562
f 1561/1851/1561 1583/1873/1583 1584/1874/1584
s 3
f 1562/1852/1562 1585/1875/1585 1563/1853/1563
f 1562/1852/1562 1584/1874/1584 1585/1875/1585
s 2
f 1563/1853/1563 1586/1876/1586 1564/1854/1564
f 1563/1853/1563 1585/1875/1585 1586/1876/1586
f 1564/1854/1564 1587/1877/1587 1565/1855/1565
f 1564/1854/1564 1586/1876/1586 1587/1877/1587
f 1565/1855/1565 1588/1878/1588 1566/1856/1566
f 1565/1855/1565 1587/1877/1587 1588/1878/1588
f 1566/1856/1566 1589/1879/1589 1567/1857/1567
f 1566/1856/1566 1588/1878/1588 1589/1879/1589
f 1567/1857/1567 1590/1880/1590 1568/1858/1568
f 1567/1857/1567 1589/1879/1589 1590/1880/1590
f 1568/1858/1568 1591/1881/1591 1569/1859/1569
f 1568/1858/1568 1590/1880/1590 1591/1881/1591
f 1569/1859/1569 1592/1882/1592 1570/1860/1570
f 1569/1859/1569 1591/1881/1591 1592/1882/1592
f 1570/1860/1570 1593/1883/1593 1571/1861/1571
f 1570/1860/1570 1592/1882/1592 1593/1883/1593
f 1571/1861/1571 1594/1884/1594 1572/1862/1572
f 1571/1861/1571 1593/1883/1593 1594/1884/1594
f 1572/1862/1572 1595/1885/1595 1573/1863/1573
f 1572/1862/1572 1594/1884/1594 1595/1885/1595
f 1573/1863/1573 1596/1886/1596 1574/1864/1574
f 1573/1863/1573 1595/1885/1595 1596/1886/1596
f 1574/1864/1574 1597/1887/1597 1575/1865/1575
f 1574/1864/1574 1596/1886/1596 1597/1887/1597
f 1575/1865/1575 1598/1888/1598 1576/1866/1576
f 1575/1865/1575 1597/1887/1597 1598/1888/1598
f 1576/1866/1576 1599/1889/1599 1577/1867/1577
f 1576/1866/1576 1598/1888/1598 1599/1889/1599
f 1577/1867/1577 1600/1890/1600 1578/1868/1578
f 1577/1867/1577 1599/1889/1599 1600/1890/1600
f 1578/1868/1578 1601/1891/1601 1579/1869/1579
f 1578/1868/1578 1600/1890/1600 1601/1891/1601
f 1579/1869/1579 1602/1892/1602 1580/1870/1580
f 1579/1869/1579 1601/1891/1601 1602/1892/1602
f 1580/1870/1580 1603/1893/1603 1581/1871/1581
f 1580/1870/1580 1602/1892/1602 1603/1893/1603
f 1581/1871/1581 1604/1894/1604 1582/1872/1582
f 1581/1871/1581 1603/1893/1603 1604/1894/1604
s 1
f 1583/1873/1583 1606/1896/1606 1584/1874/1584
f 1583/1873/1583 1605/1895/1605 1606/1896/1606
s 3
f 1584/1874/1584 1607/1897/1607 1585/1875/1585
f 1584/1874/1584 1606/1896/1606 1607/1897/1607
s 2
f 1585/1875/1585 1608/1898/1608 1586/1876/1586
f 1585/1875/1585 1607/1897/1607 1608/1898/1608
f 1586/1876/1586 1609/1899/1609 1587/1877/1587
f 1586/1876/1586 1608/1898/1608 1609/1899/1609
f 1587/1877/1587 1610/1900/1610 1588/1878/1588
f 1587/1877/1587 1609/1899/1609 1610/1900/1610
f 1588/1878/1588 1611/1901/1611 1589/1879/1589
f 1588/1878/1588 1610/1900/1610 1611/1901/1611
f 1589/1879/1589 1612/1902/1612 1590/1880/1590
f 1589/1879/1589 1611/1901/1611 1612/1902/1612
f 1590/1880/1590 1613/1903/1613 1591/1881/1591
f 1590/1880/1590 1612/1902/1612 1613/1903/1613
f 1591/1881/1591 1614/1904/1614 1592/1882/1592
f 1591/1881/1591 1613/1903/1613 1614/1904/1614
f 1592/1882/1592 1615/1905/1615 1593/1883/1593
f 1592/1882/1592 1614/1904/1614 1615/1905/1615
f 1593/1883/1593 1616/1906/1616 1594/1884/1594
f 1593/1883/1593 1615/1905/1615 1616/1906/1616
f 1594/1884/1594 1617/1907/1617 1595/1885/1595
f 1594/1884/1594 1616/1906/1616 1617/1907/1617
f 1595/1885/1595 1618/1908/1618 1596/1886/1596
f 1595/1885/1595 1617/1907/1617 1618/1908/1618
f 1596/1886/1596 1619/1909/1619 1597/1887/1597
f 1596/1886/1596 1618/1908/1618 1619/1909/1619
f 1597/1887/1597 1620/1910/1620 1598/1888/1598
f 1597/1887/1597 1619/1909/1619 1620/1910/1620
f 1598/1888/1598 1621/1911/1621 1599/1889/1599
f 1598/1888/1598 1620/1910/1620 1621/1911/1621
f 1599/1889/1599 1622/1912/1622 1600/1890/1600
f 1599/1889/1599 1621/1911/1621 1622/1912/1622
f 1600/1890/1600 1623/1913/1623 1601/1891/1601
f 1600/1890/1600 1622/1912/1622 1623/1913/1623
f 1601/1891/1601 1624/1914/1624 1602/1892/1602
f 1601/1891/1601 1623/1913/1623 1624/1914/1624
f 1602/1892/1602 1625/1915/1625 1603/1893/1603
f 1602/1892/1602 1624/1914/1624 1625/1915/1625
f 1603/1893/1603 1626/1916/1626 1604/1894/1604
f 1603/1893/1603 1625/1915/1625 1626/1916/1626
s 1
f 1605/1895/1605 1628/1918/1628 1606/1896/1606
f 1605/1895/1605 1627/1917/1627 1628/1918/1628
s 3
f 1606/1896/1606 1629/1919/1629 1607/1897/1607
f 1606/1896/1606 1628/1918/1628 1629/1919/1629
s 2
f 1607/1897/1607 1630/1920/1630 1608/1898/1608
f 1607/1897/1607 1629/1919/1629 1630/1920/1630
f 1608/1898/1608 1631/1921/1631 1609/1899/1609
f 1608/1898/1608 1630/1920/1630 1631/1921/1631
f 1609/1899/1609 1632/1922/1632 1610/1900/1610
f 1609/1899/1609 1631/1921/1631 1632/1922/1632
f 1610/1900/1610 1633/1923/1633 1611/1901/1611
f 1610/1900/1610 1632/1922/1632 1633/1923/1633
f 1611/1901/1611 1634/1924/1634 1612/1902/1612
f 1611/1901/1611 1633/1923/1633 1634/1924/1634
f 1612/1902/1612 1635/1925/1635 1613/1903/1613
f 1612/1902/1612 1634/1924/1634 1635/1925/1635
f 1613/1903/1613 1636/1926/1636 1614/1904/1614
f 1613/1903/1613 1635/1925/1635 1636/1926/1636
f 1614/1904/1614 1637/1927/1637 1615/1905/1615
f 1614/1904/1614 1636/1926/1636 1637/1927/1637
f 1615/1905/1615 1638/1928/1638 1616/1906/1616
f 1615/1905/1615 1637/1927/1637 1638/1928/1638
f 1616/1906/1616 1639/1929/1639 1617/1907/1617
f 1616/1906/1616 1638/1928/1638 1639/1929/1639
f 1617/1907/1617 1640/1930/1640 1618/1908/1618
f 1617/1907/1617 1639/1929/1639 1640/1930/1640
f 1618/1908/1618 1641/1931/1641 1619/1909/1619
f 1618/1908/1618 1640/1930/1640 1641/1931/1641
f 1619/1909/1619 1642/1932/1642 1620/1910/1620
f 1619/1909/1619 1641/1931/1641 1642/1932/1642
f 1620/1910/1620 1643/1933/1643 1621/1911/1621
f 1620/1910/1620 1642/1932/1642 1643/1933/1643
f 1621/1911/1621 1644/1934/1644 1622/1912/1622
f 1621/1911/1621 1643/1933/1643 1644/1934/1644
f 1622/1912/1622 1645/1935/1645 1623/1913/1623
f 1622/1912/1622 1644/1934/1644 1645/1935/1645
f 1623/1913/1623 1646/1936/1646 1624/1914/1624
f 1623/1913/1623 1645/1935/1645 1646/1936/1646
f 1624/1914/1624 1647/1937/1647 1625/1915/1625
f 1624/1914/1624 1646/1936/1646 1647/1937/1647
f 1625/1915/1625 1648/1938/1648 1626/1916/1626
f 1625/1915/1625 1647/1937/1647 1648/1938/1648
s 1
f 1627/1917/1627 1650/1940/1650 1628/1918/1628
f 1627/1917/1627 1649/1939/1649 1650/1940/1650
s 3
f 1628/1918/1628 1651/1941/1651 1629/1919/1629
f 1628/1918/1628 1650/1940/1650 1651/1941/1651
s 2
f 1629/1919/1629 1652/1942/1652 1630/1920/1630
f 1629/1919/1629 1651/1941/1651 1652/1942/1652
f 1630/1920/1630 1653/1943/1653 1631/1921/1631
f 1630/1920/1630 1652/1942/1652 1653/1943/1653
f 1631/1921/1631 1654/1944/1654 1632/1922/1632
f 1631/1921/1631 1653/1943/1653 1654/1944/1654
f 1632/1922/1632 1655/1945/1655 1633/1923/1633
f 1632/1922/1632 1654/1944/1654 1655/1945/1655
f 1633/1923/1633 1656/1946/1656 1634/1924/1634
f 1633/1923/1633 1655/1945/1655 1656/1946/1656
f 1634/1924/1634 1657/1947/1657 1635/1925/1635
f 1634/1924/1634 1656/1946/1656 1657/1947/1657
f 1635/1925/1635 1658/1948/1658 1636/1926/1636
f 1635/1925/1635 1657/1947/1657 1658/1948/1658
f 1636/1926/1636 1659/1949/1659 1637/1927/1637
f 1636/1926/1636 1658/1948/1658 1659/1949/1659
f 1637/1927/1637 1660/1950/1660 1638/1928/1638
f 1637/1927/1637 1659/1949/1659 1660/1950/1660
f 1638/1928/1638 1661/1951/1661 1639/1929/1639
f 1638/1928/1638 1660/1950/1660 1661/1951/1661
f 1639/1929/1639 1662/1952/1662 1640/1930/1640
f 1639/1929/1639 1661/1951/1661 1662/1952/1662
f 1640/1930/1640 1663/1953/1663 1641/1931/1641
f 1640/1930/1640 1662/1952/1662 1663/1953/1663
f 1641/1931/1641 1664/1954/1664 1642/1932/1642
f 1641/1931/1641 1663/1953/1663 1664/1954/1664
f 1642/1932/1642 1665/1955/1665 1643/1933/1643
f 1642/1932/1642 1664/1954/1664 1665/1955/1665
f 1643/1933/1643 1666/1956/1666 1644/1934/1644
f 1643/1933/1643 1665/1955/1665 1666/1956/1666
f 1644/1934/1644 1667/1957/1667 1645/1935/1645
f 1644/1934/1644 1666/1956/1666 1667/1957/1667
f 1645/1935/1645 1668/1958/1668 1646/1936/1646
f 1645/1935/1645 1667/1957/1667 1668/1958/1668
f 1646/1936/1646 1669/1959/1669 1647/1937/1647
f 1646/1936/1646 1668/1958/1668 1669/1959/1669
f 1647/1937/1647 1670/1960/1670 1648/1938/1648
f 1647/1937/1647 1669/1959/1669 1670/1960/1670
s 1
f 1649/1939/1649 1672/1962/1672 1650/1940/1650
f 1649/1939/1649 1671/1961/1671 1672/1962/1672
s 3
f 1650/1940/1650 1673/1963/1673 1651/1941/1651
f 1650/1940/1650 1672/1962/1672 1673/1963/1673
s 2
f 1651/1941/1651 1674/1964/1674 1652/1942/1652
f 1651/1941/1651 1673/1963/1673 1674/1964/1674
f 1652/1942/1652 1675/1965/1675 1653/1943/1653
f 1652/1942/1652 1674/1964/1674 1675/1965/1675
f 1653/1943/1653 1676/1966/1676 1654/1944/1654
f 1653/1943/1653 1675/1965/1675 1676/1966/1676
f 1654/1944/1654 1677/1967/1677 1655/1945/1655
f 1654/1944/1654 1676/1966/1676 1677/1967/1677
f 1655/1945/1655 1678/1968/1678 1656/1946/1656
f 1655/1945/1655 1677/1967/1677 1678/1968/1678
f 1656/1946/1656 1679/1969/1679 1657/1947/1657
f 1656/1946/1656 1678/1968/1678 1679/1969/1679
f 1657/1947/1657 1680/1970/1680 1658/1948/1658
f 1657/1947/1657 1679/1969/1679 1680/1970/1680
f 1658/1948/1658 1681/1971/1681 1659/1949/1659
f 1658/1948/1658 1680/1970/1680 1681/1971/1681
f 1659/1949/1659 1682/1972/1682 1660/1950/1660
f 1659/1949/1659 1681/1971/1681 1682/1972/1682
f 1660/1950/1660 1683/1973/1683 1661/1951/1661
f 1660/1950/1660 1682/1972/1682 1683/1973/1683
f 1661/1951/1661 1684/1974/1684 1662/1952/1662
f 1661/1951/1661 1683/1973/1683 1684/1974/1684
f 1662/1952/1662 1685/1975/1685 1663/1953/1663
f 1662/1952/1662 1684/1974/1684 1685/1975/1685
f 1663/1953/1663 1686/1976/1686 1664/1954/1664
f 1663/1953/1663 1685/1975/1685 1686/1976/1686
f 1664/1954/1664 1687/1977/1687 1665/1955/1665
f 1664/1954/1664 1686/1976/1686 1687/1977/1687
f 1665/1955/1665 1688/1978/1688 1666/1956/1666
f 1665/1955/1665 1687/1977/1687 1688/1978/1688
f 1666/1956/1666 1689/1979/1689 1667/1957/1667
f 1666/1956/1666 1688/1978/1688 1689/1979/1689
f 1667/1957/1667 1690/1980/1690 1668/1958/1668
f 1667/1957/1667 1689/1979/1689 1690/1980/1690
f 1668/1958/1668 1691/1981/1691 1669/1959/1669
f 1668/1958/1668 1690/1980/1690 1691/1981/1691
f 1669/1959/1669 1692/1982/1692 1670/1960/1670
f 1669/1959/1669 1691/1981/1691 1692/1982/1692
s 1
f 1671/1961/1671 1694/1984/1694 1672/1962/1672
f 1671/1961/1671 1693/1983/1693 1694/1984/1694
s 3
f 1672/1962/1672 1695/1985/1695 1673/1963/1673
f 1672/1962/1672 1694/1984/1694 1695/1985/1695
s 2
f 1673/1963/1673 1696/1986/1696 1674/1964/1674
f 1673/1963/1673 1695/1985/1695 1696/1986/1696
f 1674/1964/1674 1697/1987/1697 1675/1965/1675
f 1674/1964/1674 1696/1986/1696 1697/1987/1697
f 1675/1965/1675 1698/1988/1698 1676/1966/1676
f 1675/1965/1675 1697/1987/1697 1698/1988/1698
f 1676/1966/1676 1699/1989/1699 1677/1967/1677
f 1676/1966/1676 1698/1988/1698 1699/1989/1699
f 1677/1967/1677 1700/1990/1700 1678/1968/1678
f 1677/1967/1677 1699/1989/1699 1700/1990/1700
f 1678/1968/1678 1701/1991/1701 1679/1969/1679
f 1678/1968/1678 1700/1990/1700 1701/1991/1701
f 1679/1969/1679 1702/1992/1702 1680/1970/1680
f 1679/1969/1679 1701/1991/1701 1702/1992/1702
f 1680/1970/1680 1703/1993/1703 1681/1971/1681
f 1680/1970/1680 1702/1992/1702 1703/1993/1703
f 1681/1971/1681 1704/1994/1704 1682/1972/1682
f 1681/1971/1681 1703/1993/1703 1704/1994/1704
f 1682/1972/1682 1705/1995/1705 1683/1973/1683
f 1682/1972/1682 1704/1994/1704 1705/1995/1705
f 1683/1973/1683 1706/1996/1706 1684/1974/1684
f 1683/1973/1683 1705/1995/1705 1706/1996/1706
f 1684/1974/1684 1707/1997/1707 1685/1975/1685
f 1684/1974/1684 1706/1996/1706 1707/1997/1707
f 1685/1975/1685 1708/1998/1708 1686/1976/1686
f 1685/1975/1685 1707/1997/1707 1708/1998/1708
f 1686/1976/1686 1709/1999/1709 1687/1977/1687
f 1686/1976/1686 1708/1998/1708 1709/1999/1709
f 1687/1977/1687 1710/2000/1710 1688/1978/1688
f 1687/1977/1687 1709/1999/1709 1710/2000/1710
f 1688/1978/1688 1711/2001/1711 1689/1979/1689
f 1688/1978/1688 1710/2000/1710 1711/2001/1711
f 1689/1979/1689 1712/2002/1712 1690/1980/1690
f 1689/1979/1689 1711/2001/1711 1712/2002/1712
f 1690/1980/1690 1713/2003/1713 1691/1981/1691
f 1690/1980/1690 1712/2002/1712 1713/2003/1713
f 1691/1981/1691 1714/2004/1714 1692/1982/1692
f 1691/1981/1691 1713/2003/1713 1714/2004/1714
s 1
f 1693/1983/1693 1716/2006/1716 1694/1984/1694
f 1693/1983/1693 1715/2005/1715 1716/2006/1716
s 3
f 1694/1984/1694 1717/2007/1717 1695/1985/1695
f 1694/1984/1694 1716/2006/1716 1717/2007/1717
s 2
f 1695/1985/1695 1718/2008/1718 1696/1986/1696
f 1695/1985/1695 1717/2007/1717 1718/2008/1718
f 1696/1986/1696 1719/2009/1719 1697/1987/1697
f 1696/1986/1696 1718/2008/1718 1719/2009/1719
f 1697/1987/1697 1720/2010/1720 1698/1988/1698
f 1697/1987/1697 1719/2009/1719 1720/2010/1720
f 1698/1988/1698 1721/2011/1721 1699/1989/1699
f 1698/1988/1698 1720/2010/1720 1721/2011/1721
f 1699/1989/1699 1722/2012/1722 1700/1990/1700
f 1699/1989/1699 1721/2011/1721 1722/2012/1722
f 1700/1990/1700 1723/2013/1723 1701/1991/1701
f 1700/1990/1700 1722/2012/1722 1723/2013/1723
f 1701/1991/1701 1724/2014/1724 1702/1992/1702
f 1701/1991/1701 1723/2013/1723 1724/2014/1724
f 1702/1992/1702 1725/2015/1725 1703/1993/1703
f 1702/1992/1702 1724/2014/1724 1725/2015/1725
f 1703/1993/1703 1726/2016/1726 1704/1994/1704
f 1703/1993/1703 1725/2015/1725 1726/2016/1726
f 1704/1994/1704 1727/2017/1727 1705/1995/1705
f 1704/1994/1704 1726/2016/1726 1727/2017/1727
f 1705/1995/1705 1728/2018/1728 1706/1996/1706
f 1705/1995/1705 1727/2017/1727 1728/2018/1728
f 1706/1996/1706 1729/2019/1729 1707/1997/1707
f 1706/1996/1706 1728/2018/1728 1729/2019/1729
f 1707/1997/1707 1730/2020/1730 1708/1998/1708
f 1707/1997/1707 1729/2019/1729 1730/2020/1730
f 1708/1998/1708 1731/2021/1731 1709/1999/1709
f 1708/1998/1708 1730/2020/1730 1731/2021/1731
f 1709/1999/1709 1732/2022/1732 1710/2000/1710
f 1709/1999/1709 1731/2021/1731 1732/2022/1732
f 1710/2000/1710 1733/2023/1733 1711/2001/1711
f 1710/2000/1710 1732/2022/1732 1733/2023/1733
f 1711/2001/1711 1734/2024/1734 1712/2002/1712
f 1711/2001/1711 1733/2023/1733 1734/2024/1734
f 1712/2002/1712 1735/2025/1735 1713/2003/1713
f 1712/2002/1712 1734/2024/1734 1735/2025/1735
f 1713/2003/1713 1736/2026/1736 1714/2004/1714
f 1713/2003/1713 1735/2025/1735 1736/2026/1736
s 1
f 1715/2005/1715 1738/2028/1738 1716/2006/1716
f 1715/2005/1715 1737/2027/1737 1738/2028/1738
s 3
f 1716/2006/1716 1739/2029/1739 1717/2007/1717
f 1716/2006/1716 1738/2028/1738 1739/2029/1739
s 2
f 1717/2007/1717 1740/2030/1740 1718/2008/1718
f 1717/2007/1717 1739/2029/1739 1740/2030/1740
f 1718/2008/1718 1741/2031/1741 1719/2009/1719
f 1718/2008/1718 1740/2030/1740 1741/2031/1741
f 1719/2009/1719 1742/2032/1742 1720/2010/1720
f 1719/2009/1719 1741/2031/1741 1742/2032/1742
f 1720/2010/1720 1743/2033/1743 1721/2011/1721
f 1720/2010/1720 1742/2032/1742 1743/2033/1743
f 1721/2011/1721 1744/2034/1744 1722/2012/1722
f 1721/2011/1721 1743/2033/1743 1744/2034/1744
f 1722/2012/1722 1745/2035/1745 1723/2013/1723
f 1722/2012/1722 1744/2034/1744 1745/2035/1745
f 1723/2013/1723 1746/2036/1746 1724/2014/1724
f 1723/2013/1723 1745/2035/1745 1746/2036/1746
f 1724/2014/1724 1747/2037/1747 1725/2015/1725
f 1724/2014/1724 1746/2036/1746 1747/2037/1747
f 1725/2015/1725 1748/2038/1748 1726/2016/1726
f 1725/2015/1725 1747/2037/1747 1748/2038/1748
f 1726/2016/1726 1749/2039/1749 1727/2017/1727
f 1726/2016/1726 1748/2038/1748 1749/2039/1749
f 1727/2017/1727 1750/2040/1750 1728/2018/1728
f 1727/2017/1727 1749/2039/1749 1750/2040/1750
f 1728/2018/1728 1751/2041/1751 1729/2019/1729
f 1728/2018/1728 1750/2040/1750 1751/2041/1751
f 1729/2019/1729 1752/2042/1752 1730/2020/1730
f 1729/2019/1729 1751/2041/1751 1752/2042/1752
f 1730/2020/1730 1753/2043/1753 1731/2021/1731
f 1730/2020/1730 1752/2042/1752 1753/2043/1753
f 1731/2021/1731 1754/2044/1754 1732/2022/1732
f 1731/2021/1731 1753/2043/1753 1754/2044/1754
f 1732/2022/1732 1755/2045/1755 1733/2023/1733
f 1732/2022/1732 1754/2044/1754 1755/2045/1755
f 1733/2023/1733 1756/2046/1756 1734/2024/1734
f 1733/2023/1733 1755/2045/1755 1756/2046/1756
f 1734/2024/1734 1757/2047/1757 1735/2025/1735
f 1734/2024/1734 1756/2046/1756 1757/2047/1757
f 1735/2025/1735 1758/2048/1758 1736/2026/1736
f 1735/2025/1735 1757/2047/1757 1758/2048/1758
s 1
f 1737/2027/1737 1760/2050/1760 1738/2028/1738
f 1737/2027/1737 1759/2049/1759 1760/2050/1760
s 3
f 1738/2028/1738 1761/2051/1761 1739/2029/1739
f 1738/2028/1738 1760/2050/1760 1761/2051/1761
s 2
f 1739/2029/1739 1762/2052/1762 1740/2030/1740
f 1739/2029/1739 1761/2051/1761 1762/2052/1762
f 1740/2030/1740 1763/2053/1763 1741/2031/1741
f 1740/2030/1740 1762/2052/1762 1763/2053/1763
f 1741/2031/1741 1764/2054/1764 1742/2032/1742
f 1741/2031/1741 1763/2053/1763 1764/2054/1764
f 1742/2032/1742 1765/2055/1765 1743/2033/1743
f 1742/2032/1742 1764/2054/1764 1765/2055/1765
f 1743/2033/1743 1766/2056/1766 1744/2034/1744
f 1743/2033/1743 1765/2055/1765 1766/2056/1766
f 1744/2034/1744 1767/2057/1767 1745/2035/1745
f 1744/2034/1744 1766/2056/1766 1767/2057/1767
f 1745/2035/1745 1768/2058/1768 1746/2036/1746
f 1745/2035/1745 1767/2057/1767 1768/2058/1768
f 1746/2036/1746 1769/2059/1769 1747/2037/1747
f 1746/2036/1746 1768/2058/1768 1769/2059/1769
f 1747/2037/1747 1770/2060/1770 1748/2038/1748
f 1747/2037/1747 1769/2059/1769 1770/2060/1770
f 1748/2038/1748 1771/2061/1771 1749/2039/1749
f 1748/2038/1748 1770/2060/1770 1771/2061/1771
f 1749/2039/1749 1772/2062/1772 1750/2040/1750
f 1749/2039/1749 1771/2061/1771 1772/2062/1772
f 1750/2040/1750 1773/2063/1773 1751/2041/1751
f 1750/2040/1750 1772/2062/1772 1773/2063/1773
f 1751/2041/1751 1774/2064/1774 1752/2042/1752
f 1751/2041/1751 1773/2063/1773 1774/2064/1774
f 1752/2042/1752 1775/2065/1775 1753/2043/1753
f 1752/2042/1752 1774/2064/1774 1775/2065/1775
f 1753/2043/1753 1776/2066/1776 1754/2044/1754
f 1753/2043/1753 1775/2065/1775 1776/2066/1776
f 1754/2044/1754 1777/2067/1777 1755/2045/1755
f 1754/2044/1754 1776/2066/1776 1777/2067/1777
f 1755/2045/1755 1778/2068/1778 1756/2046/1756
f 1755/2045/1755 1777/2067/1777 1778/2068/1778
f 1756/2046/1756 1779/2069/1779 1757/2047/1757
f 1756/2046/1756 1778/2068/1778 1779/2069/1779
f 1757/2047/1757 1780/2070/1780 1758/2048/1758
f 1757/2047/1757 1779/2069/1779 1780/2070/1780
s 1
f 1759/2049/1759 1782/2072/1782 1760/2050/1760
f 1759/2049/1759 1781/2071/1781 1782/2072/1782
s 3
f 1760/2050/1760 1783/2073/1783 1761/2051/1761
f 1760/2050/1760 1782/2072/1782 1783/2073/1783
s 2
f 1761/2051/1761 1784/2074/1784 1762/2052/1762
f 1761/2051/1761 1783/2073/1783 1784/2074/1784
f 1762/2052/1762 1785/2075/1785 1763/2053/1763
f 1762/2052/1762 1784/2074/1784 1785/2075/1785
f 1763/2053/1763 1786/2076/1786 1764/2054/1764
f 1763/2053/1763 1785/2075/1785 1786/2076/1786
f 1764/2054/1764 1787/2077/1787 1765/2055/1765
f 1764/2054/1764 1786/2076/1786 1787/2077/1787
f 1765/2055/1765 1788/2078/1788 1766/2056/1766
f 1765/2055/1765 1787/2077/1787 1788/2078/1788
f 1766/2056/1766 1789/2079/1789 1767/2057/1767
f 1766/2056/1766 1788/2078/1788 1789/2079/1789
f 1767/2057/1767 1790/2080/1790 1768/2058/1768
f 1767/2057/1767 1789/2079/1789 1790/2080/1790
f 1768/2058/1768 1791/2081/1791 1769/2059/1769
f 1768/2058/1768 1790/2080/1790 1791/2081/1791
f 1769/2059/1769 1792/2082/1792 1770/2060/1770
f 1769/2059/1769 1791/2081/1791 1792/2082/1792
f 1770/2060/1770 1793/2083/1793 1771/2061/1771
f 1770/2060/1770 1792/2082/1792 1793/2083/1793
f 1771/2061/1771 1794/2084/1794 1772/2062/1772
f 1771/2061/1771 1793/2083/1793 1794/2084/1794
f 1772/2062/1772 1795/2085/1795 1773/2063/1773
f 1772/2062/1772 1794/2084/1794 1795/2085/1795
f 1773/2063/1773 1796/2086/1796 1774/2064/1774
f 1773/2063/1773 1795/2085/1795 1796/2086/1796
f 1774/2064/1774 1797/2087/1797 1775/2065/1775
f 1774/2064/1774 1796/2086/1796 1797/2087/1797
f 1775/2065/1775 1798/2088/1798 1776/2066/1776
f 1775/2065/1775 1797/2087/1797 1798/2088/1798
f 1776/2066/1776 1799/2089/1799 1777/2067/1777
f 1776/2066/1776 1798/2088/1798 1799/2089/1799
f 1777/2067/1777 1800/2090/1800 1778/2068/1778
f 1777/2067/1777 1799/2089/1799 1800/2090/1800
f 1778/2068/1778 1801/2091/1801 1779/2069/1779
f 1778/2068/1778 1800/2090/1800 1801/2091/1801
f 1779/2069/1779 1802/2092/1802 1780/2070/1780
f 1779/2069/1779 1801/2091/1801 1802/2092/1802
s 1
f 1781/2071/1781 1804/2094/1804 1782/2072/1782
f 1781/2071/1781 1803/2093/1803 1804/2094/1804
s 3
f 1782/2072/1782 1805/2095/1805 1783/2073/1783
f 1782/2072/1782 1804/2094/1804 1805/2095/1805
s 2
f 1783/2073/1783 1806/2096/1806 1784/2074/1784
f 1783/2073/1783 1805/2095/1805 1806/2096/1806
f 1784/2074/1784 1807/2097/1807 1785/2075/1785
f 1784/2074/1784 1806/2096/1806 1807/2097/1807
f 1785/2075/1785 1808/2098/1808 1786/2076/1786
f 1785/2075/1785 1807/2097/1807 1808/2098/1808
f 1786/2076/1786 1809/2099/1809 1787/2077/1787
f 1786/2076/1786 1808/2098/1808 1809/2099/1809
f 1787/2077/1787 1810/2100/1810 1788/2078/1788
f 1787/2077/1787 1809/2099/1809 1810/2100/1810
f 1788/2078/1788 1811/2101/1811 1789/2079/1789
f 1788/2078/1788 1810/2100/1810 1811/2101/1811
f 1789/2079/1789 1812/2102/1812 1790/2080/1790
f 1789/2079/1789 1811/2101/1811 1812/2102/1812
f 1790/2080/1790 1813/2103/1813 1791/2081/1791
f 1790/2080/1790 1812/2102/1812 1813/2103/1813
f 1791/2081/1791 1814/2104/1814 1792/2082/1792
f 1791/2081/1791 1813/2103/1813 1814/2104/1814
f 1792/2082/1792 1815/2105/1815 1793/2083/1793
f 1792/2082/1792 1814/2104/1814 1815/2105/1815
f 1793/2083/1793 1816/2106/1816 1794/2084/1794
f 1793/2083/1793 1815/2105/1815 1816/2106/1816
f 1794/2084/1794 1817/2107/1817 1795/2085/1795
f 1794/2084/1794 1816/2106/1816 1817/2107/1817
f 1795/2085/1795 1818/2108/1818 1796/2086/1796
f 1795/2085/1795 1817/2107/1817 1818/2108/1818
f 1796/2086/1796 1819/2109/1819 1797/2087/1797
f 1796/2086/1796 1818/2108/1818 1819/2109/1819
f 1797/2087/1797 1820/2110/1820 1798/2088/1798
f 1797/2087/1797 1819/2109/1819 1820/2110/1820
f 1798/2088/1798 1821/2111/1821 1799/2089/1799
f 1798/2088/1798 1820/2110/1820 1821/2111/1821
f 1799/2089/1799 1822/2112/1822 1800/2090/1800
f 1799/2089/1799 1821/2111/1821 1822/2112/1822
f 1800/2090/1800 1823/2113/1823 1801/2091/1801
f 1800/2090/1800 1822/2112/1822 1823/2113/1823
f 1801/2091/1801 1824/2114/1824 1802/2092/1802
f 1801/2091/1801 1823/2113/1823 1824/2114/1824
s 1
f 1803/2093/1803 1826/2116/1826 1804/2094/1804
f 1803/2093/1803 1825/2115/1825 1826/2116/1826
s 3
f 1804/2094/1804 1827/2117/1827 1805/2095/1805
f 1804/2094/1804 1826/2116/1826 1827/2117/1827
s 2
f 1805/2095/1805 1828/2118/1828 1806/2096/1806
f 1805/2095/1805 1827/2117/1827 1828/2118/1828
f 1806/2096/1806 1829/2119/1829 1807/2097/1807
f 1806/2096/1806 1828/2118/1828 1829/2119/1829
f 1807/2097/1807 1830/2120/1830 1808/2098/1808
f 1807/2097/1807 1829/2119/1829 1830/2120/1830
f 1808/2098/1808 1831/2121/1831 1809/2099/1809
f 1808/2098/1808 1830/2120/1830 1831/2121/1831
f 1809/2099/1809 1832/2122/1832 1810/2100/1810
f 1809/2099/1809 1831/2121/1831 1832/2122/1832
f 1810/2100/1810 1833/2123/1833 1811/2101/1811
f 1810/2100/1810 1832/2122/1832 1833/2123/1833
f 1811/2101/1811 1834/2124/1834 1812/2102/1812
f 1811/2101/1811 1833/2123/1833 1834/2124/1834
f 1812/2102/1812 1835/2125/1835 1813/2103/1813
f 1812/2102/1812 1834/2124/1834 1835/2125/1835
f 1813/2103/1813 1836/2126/1836 1814/2104/1814
f 1813/2103/1813 1835/2125/1835 1836/2126/1836
f 1814/2104/1814 1837/2127/1837 1815/2105/1815
f 1814/2104/1814 1836/2126/1836 1837/2127/1837
f 1815/2105/1815 1838/2128/1838 1816/2106/1816
f 1815/2105/1815 1837/2127/1837 1838/2128/1838
f 1816/2106/1816 1839/2129/1839 1817/2107/1817
f 1816/2106/1816 1838/2128/1838 1839/2129/1839
f 1817/2107/1817 1840/2130/1840 1818/2108/1818
f 1817/2107/1817 1839/2129/1839 1840/2130/1840
f 1818/2108/1818 1841/2131/1841 1819/2109/1819
f 1818/2108/1818 1840/2130/1840 1841/2131/1841
f 1819/2109/1819 1842/2132/1842 1820/2110/1820
f 1819/2109/1819 1841/2131/1841 1842/2132/1842
f 1820/2110/1820 1843/2133/1843 1821/2111/1821
f 1820/2110/1820 1842/2132/1842 1843/2133/1843
f 1821/2111/1821 1844/2134/1844 1822/2112/1822
f 1821/2111/1821 1843/2133/1843 1844/2134/1844
f 1822/2112/1822 1845/2135/1845 1823/2113/1823
f 1822/2112/1822 1844/2134/1844 1845/2135/1845
f 1823/2113/1823 1846/2136/1846 1824/2114/1824
f 1823/2113/1823 1845/2135/1845 1846/2136/1846
s 1
f 1825/2115/1825 1848/2138/1848 1826/2116/1826
f 1825/2115/1825 1847/2137/1847 1848/2138/1848
s 3
f 1826/2116/1826 1849/2139/1849 1827/2117/1827
f 1826/2116/1826 1848/2138/1848 1849/2139/1849
s 2
f 1827/2117/1827 1850/2140/1850 1828/2118/1828
f 1827/2117/1827 1849/2139/1849 1850/2140/1850
f 1828/2118/1828 1851/2141/1851 1829/2119/1829
f 1828/2118/1828 1850/2140/1850 1851/2141/1851
f 1829/2119/1829 1852/2142/1852 1830/2120/1830
f 1829/2119/1829 1851/2141/1851 1852/2142/1852
f 1830/2120/1830 1853/2143/1853 1831/2121/1831
f 1830/2120/1830 1852/2142/1852 1853/2143/1853
f 1831/2121/1831 1854/2144/1854 1832/2122/1832
f 1831/2121/1831 1853/2143/1853 1854/2144/1854
f 1832/2122/1832 1855/2145/1855 1833/2123/1833
f 1832/2122/1832 1854/2144/1854 1855/2145/1855
f 1833/2123/1833 1856/2146/1856 1834/2124/1834
f 1833/2123/1833 1855/2145/1855 1856/2146/1856
f 1834/2124/1834 1857/2147/1857 1835/2125/1835
f 1834/2124/1834 1856/2146/1856 1857/2147/1857
f 1835/2125/1835 1858/2148/1858 1836/2126/1836
f 1835/2125/1835 1857/2147/1857 1858/2148/1858
f 1836/2126/1836 1859/2149/1859 1837/2127/1837
f 1836/2126/1836 1858/2148/1858 1859/2149/1859
f 1837/2127/1837 1860/2150/1860 1838/2128/1838
f 1837/2127/1837 1859/2149/1859 1860/2150/1860
f 1838/2128/1838 1861/2151/1861 1839/2129/1839
f 1838/2128/1838 1860/2150/1860 1861/2151/1861
f 1839/2129/1839 1862/2152/1862 1840/2130/1840
f 1839/2129/1839 1861/2151/1861 1862/2152/1862
f 1840/2130/1840 1863/2153/1863 1841/2131/1841
f 1840/2130/1840 1862/2152/1862 1863/2153/1863
f 1841/2131/1841 1864/2154/1864 1842/2132/1842
f 1841/2131/1841 1863/2153/1863 1864/2154/1864
f 1842/2132/1842 1865/2155/1865 1843/2133/1843
f 1842/2132/1842 1864/2154/1864 1865/2155/1865
f 1843/2133/1843 1866/2156/1866 1844/2134/1844
f 1843/2133/1843 1865/2155/1865 1866/2156/1866
f 1844/2134/1844 1867/2157/1867 1845/2135/1845
f 1844/2134/1844 1866/2156/1866 1867/2157/1867
f 1845/2135/1845 1868/2158/1868 1846/2136/1846
f 1845/2135/1845 1867/2157/1867 1868/2158/1868
s 1
f 1847/2137/1847 1870/2160/1870 1848/2138/1848
f 1847/2137/1847 1869/2159/1869 1870/2160/1870
s 3
f 1848/2138/1848 1871/2161/1871 1849/2139/1849
f 1848/2138/1848 1870/2160/1870 1871/2161/1871
s 2
f 1849/2139/1849 1872/2162/1872 1850/2140/1850
f 1849/2139/1849 1871/2161/1871 1872/2162/1872
f 1850/2140/1850 1873/2163/1873 1851/2141/1851
f 1850/2140/1850 1872/2162/1872 1873/2163/1873
f 1851/2141/1851 1874/2164/1874 1852/2142/1852
f 1851/2141/1851 1873/2163/1873 1874/2164/1874
f 1852/2142/1852 1875/2165/1875 1853/2143/1853
f 1852/2142/1852 1874/2164/1874 1875/2165/1875
f 1853/2143/1853 1876/2166/1876 1854/2144/1854
f 1853/2143/1853 1875/2165/1875 1876/2166/1876
f 1854/2144/1854 1877/2167/1877 1855/2145/1855
f 1854/2144/1854 1876/2166/1876 1877/2167/1877
f 1855/2145/1855 1878/2168/1878 1856/2146/1856
f 1855/2145/1855 1877/2167/1877 1878/2168/1878
f 1856/2146/1856 1879/2169/1879 1857/2147/1857
f 1856/2146/1856 1878/2168/1878 1879/2169/1879
f 1857/2147/1857 1880/2170/1880 1858/2148/1858
f 1857/2147/1857 1879/2169/1879 1880/2170/1880
f 1858/2148/1858 1881/2171/1881 1859/2149/1859
f 1858/2148/1858 1880/2170/1880 1881/2171/1881
f 1859/2149/1859 1882/2172/1882 1860/2150/1860
f 1859/2149/1859 1881/2171/1881 1882/2172/1882
f 1860/2150/1860 1883/2173/1883 1861/2151/1861
f 1860/2150/1860 1882/2172/1882 1883/2173/1883
f 1861/2151/1861 1884/2174/1884 1862/2152/1862
f 1861/2151/1861 1883/2173/1883 1884/2174/1884
f 1862/2152/1862 1885/2175/1885 1863/2153/1863
f 1862/2152/1862 1884/2174/1884 1885/2175/1885
f 1863/2153/1863 1886/2176/1886 1864/2154/1864
f 1863/2153/1863 1885/2175/1885 1886/2176/1886
f 1864/2154/1864 1887/2177/1887 1865/2155/1865
f 1864/2154/1864 1886/2176/1886 1887/2177/1887
f 1865/2155/1865 1888/2178/1888 1866/2156/1866
f 1865/2155/1865 1887/2177/1887 1888/2178/1888
f 1866/2156/1866 1889/2179/1889 1867/2157/1867
f 1866/2156/1866 1888/2178/1888 1889/2179/1889
f 1867/2157/1867 1890/2180/1890 1868/2158/1868
f 1867/2157/1867 1889/2179/1889 1890/2180/1890
s 1
f 1869/2159/1869 1892/2182/1892 1870/2160/1870
f 1869/2159/1869 1891/2181/1891 1892/2182/1892
s 3
f 1870/2160/1870 1893/2183/1893 1871/2161/1871
f 1870/2160/1870 1892/2182/1892 1893/2183/1893
s 2
f 1871/2161/1871 1894/2184/1894 1872/2162/1872
f 1871/2161/1871 1893/2183/1893 1894/2184/1894
f 1872/2162/1872 1895/2185/1895 1873/2163/1873
f 1872/2162/1872 1894/2184/1894 1895/2185/1895
f 1873/2163/1873 1896/2186/1896 1874/2164/1874
f 1873/2163/1873 1895/2185/1895 1896/2186/1896
f 1874/2164/1874 1897/2187/1897 1875/2165/1875
f 1874/2164/1874 1896/2186/1896 1897/2187/1897
f 1875/2165/1875 1898/2188/1898 1876/2166/1876
f 1875/2165/1875 1897/2187/1897 1898/2188/1898
f 1876/2166/1876 1899/2189/1899 1877/2167/1877
f 1876/2166/1876 1898/2188/1898 1899/2189/1899
f 1877/2167/1877 1900/2190/1900 1878/2168/1878
f 1877/2167/1877 1899/2189/1899 1900/2190/1900
f 1878/2168/1878 1901/2191/1901 1879/2169/1879
f 1878/2168/1878 1900/2190/1900 1901/2191/1901
f 1879/2169/1879 1902/2192/1902 1880/2170/1880
f 1879/2169/1879 1901/2191/1901 1902/2192/1902
f 1880/2170/1880 1903/2193/1903 1881/2171/1881
f 1880/2170/1880 1902/2192/1902 1903/2193/1903
f 1881/2171/1881 1904/2194/1904 1882/2172/1882
f 1881/2171/1881 1903/2193/1903 1904/2194/1904
f 1882/2172/1882 1905/2195/1905 1883/2173/1883
f 1882/2172/1882 1904/2194/1904 1905/2195/1905
f 1883/2173/1883 1906/2196/1906 1884/2174/1884
f 1883/2173/1883 1905/2195/1905 1906/2196/1906
f 1884/2174/1884 1907/2197/1907 1885/2175/1885
f 1884/2174/1884 1906/2196/1906 1907/2197/1907
f 1885/2175/1885 1908/2198/1908 1886/2176/1886
f 1885/2175/1885 1907/2197/1907 1908/2198/1908
f 1886/2176/1886 1909/2199/1909 1887/2177/1887
f 1886/2176/1886 1908/2198/1908 1909/2199/1909
f 1887/2177/1887 1910/2200/1910 1888/2178/1888
f 1887/2177/1887 1909/2199/1909 1910/2200/1910
f 1888/2178/1888 1911/2201/1911 1889/2179/1889
f 1888/2178/1888 1910/2200/1910 1911/2201/1911
f 1889/2179/1889 1912/2202/1912 1890/2180/1890
f 1889/2179/1889 1911/2201/1911 1912/2202/1912
s 1
f 1891/2181/1891 1386/2204/1386 1892/2182/1892
f 1891/2181/1891 1385/2203/1385 1386/2204/1386
s 3
f 1892/2182/1892 1387/2205/1387 1893/2183/1893
f 1892/2182/1892 1386/2204/1386 1387/2205/1387
s 2
f 1893/2183/1893 1388/2206/1388 1894/2184/1894
f 1893/2183/1893 1387/2205/1387 1388/2206/1388
f 1894/2184/1894 1389/2207/1389 1895/2185/1895
f 1894/2184/1894 1388/2206/1388 1389/2207/1389
f 1895/2185/1895 1390/2208/1390 1896/2186/1896
f 1895/2185/1895 1389/2207/1389 1390/2208/1390
f 1896/2186/1896 1391/2209/1391 1897/2187/1897
f 1896/2186/1896 1390/2208/1390 1391/2209/1391
f 1897/2187/1897 1392/2210/1392 1898/2188/1898
f 1897/2187/1897 1391/2209/1391 1392/2210/1392
f 1898/2188/1898 1393/2211/1393 1899/2189/1899
f 1898/2188/1898 1392/2210/1392 1393/2211/1393
f 1899/2189/1899 1394/2212/1394 1900/2190/1900
f 1899/2189/1899 1393/2211/1393 1394/2212/1394
f 1900/2190/1900 1395/2213/1395 1901/2191/1901
f 1900/2190/1900 1394/2212/1394 1395/2213/1395
f 1901/2191/1901 1396/2214/1396 1902/2192/1902
f 1901/2191/1901 1395/2213/1395 1396/2214/1396
f 1902/2192/1902 1397/2215/1397 1903/2193/1903
f 1902/2192/1902 1396/2214/1396 1397/2215/1397
f 1903/2193/1903 1398/2216/1398 1904/2194/1904
f 1903/2193/1903 1397/2215/1397 1398/2216/1398
f 1904/2194/1904 1399/2217/1399 1905/2195/1905
f 1904/2194/1904 1398/2216/1398 1399/2217/1399
f 1905/2195/1905 1400/2218/1400 1906/2196/1906
f 1905/2195/1905 1399/2217/1399 1400/2218/1400
f 1906/2196/1906 1401/2219/1401 1907/2197/1907
f 1906/2196/1906 1400/2218/1400 1401/2219/1401
f 1907/2197/1907 1402/2220/1402 1908/2198/1908
f 1907/2197/1907 1401/2219/1401 1402/2220/1402
f 1908/2198/1908 1403/2221/1403 1909/2199/1909
f 1908/2198/1908 1402/2220/1402 1403/2221/1403
f 1909/2199/1909 1404/2222/1404 1910/2200/1910
f 1909/2199/1909 1403/2221/1403 1404/2222/1404
f 1910/2200/1910 1405/2223/1405 1911/2201/1911
f 1910/2200/1910 1404/2222/1404 1405/2223/1405
f 1911/2201/1911 1406/2224/1406 1912/2202/1912
f 1911/2201/1911 1405/2223/1405 1406/2224/1406
# 1008 faces

g
# object Box17 to come ...
#
v  -167.087875 43.709980 -46.133202
v  -167.087875 43.709980 -45.133202
v  -217.087875 43.709972 -46.133202
v  -217.087875 43.709972 -45.133202
v  -167.087875 55.209976 -46.133202
v  -167.087875 55.209976 -45.133202
v  -217.087875 55.209976 -46.133202
v  -217.087875 55.209976 -45.133202
# 8 vertices

vt  0.000000 0.000000 0.000000
vt  1.000000 0.000000 0.000000
vt  0.000000 1.000000 0.000000
vt  1.000000 1.000000 0.000000
vt  0.000000 0.000000 0.000000
vt  1.000000 0.000000 0.000000
vt  0.000000 1.000000 0.000000
vt  1.000000 1.000000 0.000000
vt  0.000000 0.000000 0.000000
vt  1.000000 0.000000 0.000000
vt  0.000000 1.000000 0.000000
vt  1.000000 1.000000 0.000000
# 12 texture vertices

vn  0.000000 -2.000000 0.000000
vn  0.000000 -1.000000 0.000000
vn  0.000000 -1.000000 0.000000
vn  0.000000 -2.000000 0.000000
vn  -0.000000 2.000000 -0.000000
vn  -0.000000 1.000000 -0.000000
vn  -0.000000 1.000000 -0.000000
vn  -0.000000 2.000000 -0.000000
# 8 vertex normals

g Box17
usemtl drevo_skrin
s 2
f 1916/2235/1916 1915/2236/1915 1913/2234/1913
f 1913/2234/1913 1914/2233/1914 1916/2235/1916
s 4
f 1920/2236/1920 1918/2234/1918 1917/2233/1917
f 1917/2233/1917 1919/2235/1919 1920/2236/1920
s 8
f 1918/2232/1918 1914/2230/1914 1913/2229/1913
f 1913/2229/1913 1917/2231/1917 1918/2232/1918
s 16
f 1920/2228/1920 1916/2226/1916 1914/2225/1914
f 1914/2225/1914 1918/2227/1918 1920/2228/1920
s 32
f 1919/2232/1919 1915/2230/1915 1916/2229/1916
f 1916/2229/1916 1920/2231/1920 1919/2232/1919
s 64
f 1917/2228/1917 1913/2226/1913 1915/2225/1915
f 1915/2225/1915 1919/2227/1919 1917/2228/1917
# 12 faces

g
# object Box18 to come ...
#
v  -165.093246 43.223804 -42.471207
v  -165.093246 43.223804 -76.971207
v  -167.093246 43.223804 -42.471207
v  -167.093246 43.223804 -76.971207
v  -165.093246 57.223804 -42.471207
v  -165.093246 57.223804 -76.971207
v  -167.093246 57.223804 -42.471207
v  -167.093246 57.223804 -76.971207
# 8 vertices

vt  0.000000 0.000000 0.000000
vt  1.000000 0.000000 0.000000
vt  0.000000 1.000000 0.000000
vt  1.000000 1.000000 0.000000
vt  0.000000 0.000000 0.000000
vt  1.000000 0.000000 0.000000
vt  0.000000 1.000000 0.000000
vt  1.000000 1.000000 0.000000
vt  0.000000 0.000000 0.000000
vt  1.000000 0.000000 0.000000
vt  0.000000 1.000000 0.000000
vt  1.000000 1.000000 0.000000
# 12 texture vertices

vn  0.000000 -2.000000 -0.000000
vn  0.000000 -1.000000 -0.000000
vn  0.000000 -1.000000 -0.000000
vn  0.000000 -2.000000 -0.000000
vn  0.000000 2.000000 -0.000000
vn  0.000000 1.000000 -0.000000
vn  0.000000 1.000000 -0.000000
vn  0.000000 2.000000 -0.000000
# 8 vertex normals

g Box18
usemtl drevo_skrin
s 2
f 1921/2246/1921 1923/2248/1923 1924/2247/1924
f 1924/2247/1924 1922/2245/1922 1921/2246/1921
s 4
f 1925/2245/1925 1926/2246/1926 1928/2248/1928
f 1928/2248/1928 1927/2247/1927 1925/2245/1925
s 8
f 1921/2241/1921 1922/2242/1922 1926/2244/1926
f 1926/2244/1926 1925/2243/1925 1921/2241/1921
s 16
f 1922/2237/1922 1924/2238/1924 1928/2240/1928
f 1928/2240/1928 1926/2239/1926 1922/2237/1922
s 32
f 1924/2241/1924 1923/2242/1923 1927/2244/1927
f 1927/2244/1927 1928/2243/1928 1924/2241/1924
s 64
f 1923/2237/1923 1921/2238/1921 1925/2240/1925
f 1925/2240/1925 1927/2239/1927 1923/2237/1923
# 12 faces

g
# object Box19 to come ...
#
v  -216.091949 43.713890 -45.721210
v  -216.091949 43.713890 -73.721207
v  -217.091949 43.713890 -45.721210
v  -217.091949 43.713890 -73.721207
v  -216.091949 55.213890 -45.721210
v  -216.091949 55.213890 -73.721207
v  -217.091949 55.213890 -45.721210
v  -217.091949 55.213890 -73.721207
# 8 vertices

vt  0.000000 0.000000 0.000000
vt  1.000000 0.000000 0.000000
vt  0.000000 1.000000 0.000000
vt  1.000000 1.000000 0.000000
vt  0.000000 0.000000 0.000000
vt  1.000000 0.000000 0.000000
vt  0.000000 1.000000 0.000000
vt  1.000000 1.000000 0.000000
vt  0.000000 0.000000 0.000000
vt  1.000000 0.000000 0.000000
vt  0.000000 1.000000 0.000000
vt  1.000000 1.000000 0.000000
# 12 texture vertices

vn  0.000000 -2.000000 -0.000000
vn  0.000000 -1.000000 -0.000000
vn  0.000000 -1.000000 -0.000000
vn  0.000000 -2.000000 -0.000000
vn  0.000000 2.000000 -0.000000
vn  0.000000 1.000000 -0.000000
vn  0.000000 1.000000 -0.000000
vn  0.000000 2.000000 -0.000000
# 8 vertex normals

g Box19
usemtl drevo_skrin
s 2
f 1929/2258/1929 1931/2260/1931 1932/2259/1932
f 1932/2259/1932 1930/2257/1930 1929/2258/1929
s 4
f 1933/2257/1933 1934/2258/1934 1936/2260/1936
f 1936/2260/1936 1935/2259/1935 1933/2257/1933
s 8
f 1929/2253/1929 1930/2254/1930 1934/2256/1934
f 1934/2256/1934 1933/2255/1933 1929/2253/1929
s 16
f 1930/2249/1930 1932/2250/1932 1936/2252/1936
f 1936/2252/1936 1934/2251/1934 1930/2249/1930
s 32
f 1932/2253/1932 1931/2254/1931 1935/2256/1935
f 1935/2256/1935 1936/2255/1936 1932/2253/1932
s 64
f 1931/2249/1931 1929/2250/1929 1933/2252/1933
f 1933/2252/1933 1935/2251/1935 1931/2249/1931
# 12 faces

g
# object Box20 to come ...
#
v  -166.870346 43.713715 -45.835655
v  -166.870331 43.713715 -73.835655
v  -216.170349 43.713715 -45.835655
v  -216.170334 43.713715 -73.835655
v  -166.870346 43.913715 -45.835655
v  -166.870331 43.913715 -73.835655
v  -216.170349 43.913715 -45.835655
v  -216.170334 43.913715 -73.835655
# 8 vertices

vt  0.000000 0.000000 0.000000
vt  1.000000 0.000000 0.000000
vt  0.000000 1.000000 0.000000
vt  1.000000 1.000000 0.000000
vt  0.000000 0.000000 0.000000
vt  1.000000 0.000000 0.000000
vt  0.000000 1.000000 0.000000
vt  1.000000 1.000000 0.000000
vt  0.000000 0.000000 0.000000
vt  1.000000 0.000000 0.000000
vt  0.000000 1.000000 0.000000
vt  1.000000 1.000000 0.000000
# 12 texture vertices

vn  0.000000 -2.000000 -0.000000
vn  0.000000 -1.000000 -0.000000
vn  0.000000 -1.000000 -0.000000
vn  0.000000 -2.000000 -0.000000
vn  0.000000 2.000000 -0.000000
vn  0.000000 1.000000 -0.000000
vn  0.000000 1.000000 -0.000000
vn  0.000000 2.000000 -0.000000
# 8 vertex normals

g Box20
usemtl drevo_skrin
s 2
f 1937/2270/1937 1939/2272/1939 1940/2271/1940
f 1940/2271/1940 1938/2269/1938 1937/2270/1937
s 4
f 1941/2269/1941 1942/2270/1942 1944/2272/1944
f 1944/2272/1944 1943/2271/1943 1941/2269/1941
s 8
f 1937/2265/1937 1938/2266/1938 1942/2268/1942
f 1942/2268/1942 1941/2267/1941 1937/2265/1937
s 16
f 1938/2261/1938 1940/2262/1940 1944/2264/1944
f 1944/2264/1944 1942/2263/1942 1938/2261/1938
s 32
f 1940/2265/1940 1939/2266/1939 1943/2268/1943
f 1943/2268/1943 1944/2267/1944 1940/2265/1940
s 64
f 1939/2261/1939 1937/2262/1937 1941/2264/1941
f 1941/2264/1941 1943/2263/1943 1939/2261/1939
# 12 faces

g
# object Box21 to come ...
#
v  -167.087875 43.709976 -73.280846
v  -167.087875 43.709976 -74.280846
v  -217.087875 43.709976 -73.280846
v  -217.087875 43.709976 -74.280846
v  -167.087875 55.209976 -73.280846
v  -167.087875 55.209976 -74.280846
v  -217.087875 55.209976 -73.280846
v  -217.087875 55.209976 -74.280846
# 8 vertices

vt  0.000000 0.000000 0.000000
vt  1.000000 0.000000 0.000000
vt  0.000000 1.000000 0.000000
vt  1.000000 1.000000 0.000000
vt  0.000000 0.000000 0.000000
vt  1.000000 0.000000 0.000000
vt  0.000000 1.000000 0.000000
vt  1.000000 1.000000 0.000000
vt  0.000000 0.000000 0.000000
vt  1.000000 0.000000 0.000000
vt  0.000000 1.000000 0.000000
vt  1.000000 1.000000 0.000000
# 12 texture vertices

vn  0.000000 -2.000000 -0.000000
vn  0.000000 -1.000000 -0.000000
vn  0.000000 -1.000000 -0.000000
vn  0.000000 -2.000000 -0.000000
vn  0.000000 2.000000 -0.000000
vn  0.000000 1.000000 -0.000000
vn  0.000000 1.000000 -0.000000
vn  0.000000 2.000000 -0.000000
# 8 vertex normals

g Box21
usemtl drevo_skrin
s 2
f 1945/2282/1945 1947/2284/1947 1948/2283/1948
f 1948/2283/1948 1946/2281/1946 1945/2282/1945
s 4
f 1949/2281/1949 1950/2282/1950 1952/2284/1952
f 1952/2284/1952 1951/2283/1951 1949/2281/1949
s 8
f 1945/2277/1945 1946/2278/1946 1950/2280/1950
f 1950/2280/1950 1949/2279/1949 1945/2277/1945
s 16
f 1946/2273/1946 1948/2274/1948 1952/2276/1952
f 1952/2276/1952 1950/2275/1950 1946/2273/1946
s 32
f 1948/2277/1948 1947/2278/1947 1951/2280/1951
f 1951/2280/1951 1952/2279/1952 1948/2277/1948
s 64
f 1947/2273/1947 1945/2274/1945 1949/2276/1949
f 1949/2276/1949 1951/2275/1951 1947/2273/1947
# 12 faces

g
# object Sphere02 to come ...
#
v  -162.968964 64.881271 -59.032669
v  -162.968964 65.048409 -59.051186
v  -162.968964 65.206528 -59.105736
v  -162.968964 65.347115 -59.193378
v  -162.968964 65.462593 -59.309395
v  -162.968964 65.546730 -59.447521
v  -162.968964 65.594986 -59.600319
v  -162.968964 65.604774 -59.759544
v  -162.968964 65.575554 -59.916618
v  -162.968964 65.508904 -60.063072
v  -162.968964 65.408417 -60.191006
v  -162.968964 65.279518 -60.293530
v  -162.968964 65.129143 -60.365112
v  -162.968964 64.965408 -60.401894
v  -162.968964 64.797134 -60.401894
v  -162.968964 64.633400 -60.365112
v  -162.968964 64.483032 -60.293530
v  -162.968964 64.354126 -60.191006
v  -162.968964 64.253639 -60.063068
v  -162.968964 64.186996 -59.916618
v  -162.968964 64.157776 -59.759544
v  -162.968964 64.167557 -59.600319
v  -162.968964 64.215820 -59.447521
v  -162.968964 64.299957 -59.309395
v  -162.968964 64.415428 -59.193382
v  -162.968964 64.556015 -59.105736
v  -162.968964 64.714142 -59.051186
v  -163.135696 64.881271 -59.032669
v  -163.135696 65.048409 -59.051186
v  -163.135696 65.206528 -59.105736
v  -163.135696 65.347115 -59.193378
v  -163.135696 65.462593 -59.309395
v  -163.135696 65.546730 -59.447521
v  -163.135696 65.594986 -59.600319
v  -163.135696 65.604774 -59.759544
v  -163.135696 65.575554 -59.916618
v  -163.135696 65.508904 -60.063072
v  -163.135696 65.408417 -60.191006
v  -163.135696 65.279518 -60.293530
v  -163.135696 65.129143 -60.365112
v  -163.135696 64.965408 -60.401894
v  -163.135696 64.797134 -60.401894
v  -163.135696 64.633400 -60.365112
v  -163.135696 64.483032 -60.293530
v  -163.135696 64.354126 -60.191006
v  -163.135696 64.253639 -60.063068
v  -163.135696 64.186996 -59.916618
v  -163.135696 64.157776 -59.759544
v  -163.135696 64.167557 -59.600319
v  -163.135696 64.215820 -59.447521
v  -163.135696 64.299957 -59.309395
v  -163.135696 64.415428 -59.193382
v  -163.135696 64.556015 -59.105736
v  -163.135696 64.714142 -59.051186
v  -163.302444 64.881271 -59.032669
v  -163.302444 65.048409 -59.051186
v  -163.302444 65.206528 -59.105736
v  -163.302444 65.347115 -59.193378
v  -163.302444 65.462593 -59.309395
v  -163.302444 65.546730 -59.447521
v  -163.302444 65.594986 -59.600319
v  -163.302444 65.604774 -59.759544
v  -163.302444 65.575554 -59.916618
v  -163.302444 65.508904 -60.063072
v  -163.302444 65.408417 -60.191006
v  -163.302444 65.279518 -60.293530
v  -163.302444 65.129143 -60.365112
v  -163.302444 64.965408 -60.401894
v  -163.302444 64.797134 -60.401894
v  -163.302444 64.633400 -60.365112
v  -163.302444 64.483032 -60.293530
v  -163.302444 64.354126 -60.191006
v  -163.302444 64.253639 -60.063072
v  -163.302444 64.186996 -59.916618
v  -163.302444 64.157776 -59.759544
v  -163.302444 64.167557 -59.600319
v  -163.302444 64.215820 -59.447521
v  -163.302444 64.299957 -59.309395
v  -163.302444 64.415428 -59.193382
v  -163.302444 64.556015 -59.105736
v  -163.302444 64.714142 -59.051186
v  -162.968964 65.522324 -59.723370
v  -162.968964 65.460152 -59.994511
v  -162.968964 65.370300 -60.141918
v  -162.968964 65.509224 -59.856445
v  -162.968964 65.509224 -59.601341
v  -162.968964 65.460152 -59.463276
v  -162.968964 65.226669 -60.266315
v  -162.968964 65.370300 -59.315868
v  -162.968964 65.226669 -59.191471
v  -162.968964 65.055969 -60.347549
v  -162.968964 65.055969 -59.110241
v  -162.968964 64.870636 -60.371136
v  -162.968964 64.700928 -60.347549
v  -162.968964 64.870636 -59.086647
v  -162.968964 64.700928 -59.110241
v  -162.968964 64.530228 -60.266319
v  -162.968964 64.530228 -59.191471
v  -162.968964 64.386597 -60.141914
v  -162.968964 64.386597 -59.315868
v  -162.968964 64.296745 -59.994511
v  -162.968964 64.247673 -59.856445
v  -162.968964 64.234573 -59.734417
v  -162.968964 64.247673 -59.601341
v  -162.968964 64.296745 -59.463276
v  -162.971146 65.521881 -59.728893
v  -163.026718 65.383987 -60.018429
v  -163.069763 65.383987 -59.876499
v  -163.084305 65.383987 -59.728893
v  -163.069763 65.383987 -59.581287
v  -163.026718 65.383987 -59.439358
v  -163.026718 65.226669 -60.195950
v  -163.104401 65.226669 -60.050610
v  -163.152237 65.226669 -59.892902
v  -163.168396 65.226669 -59.728893
v  -163.152237 65.226669 -59.564884
v  -163.104401 65.226669 -59.407177
v  -163.026718 65.226669 -59.261837
v  -163.069763 65.055969 -60.224720
v  -163.152237 65.055969 -60.070423
v  -163.203033 65.055969 -59.903004
v  -163.220169 65.055969 -59.728893
v  -163.203033 65.055969 -59.554783
v  -163.152237 65.055969 -59.387363
v  -163.069763 65.055969 -59.233067
v  -162.971146 64.878448 -60.372322
v  -163.084305 64.878448 -60.234432
v  -163.168396 64.878448 -60.077114
v  -163.220169 64.878448 -59.906414
v  -163.237656 64.878448 -59.728893
v  -163.220169 64.878448 -59.551373
v  -163.168396 64.878448 -59.380672
v  -163.084305 64.878448 -59.223354
v  -162.971146 64.878448 -59.085464
v  -163.069763 64.700928 -60.224720
v  -163.152237 64.700928 -60.070423
v  -163.203033 64.700928 -59.903004
v  -163.220169 64.700928 -59.728893
v  -163.203033 64.700928 -59.554783
v  -163.152237 64.700928 -59.387363
v  -163.069763 64.700928 -59.233067
v  -163.026718 64.530228 -60.195950
v  -163.104401 64.530228 -60.050610
v  -163.152237 64.530228 -59.892902
v  -163.168396 64.530228 -59.728893
v  -163.152237 64.530228 -59.564884
v  -163.104401 64.530228 -59.407177
v  -163.026718 64.530228 -59.261837
v  -163.026718 64.372910 -60.018429
v  -163.069763 64.372910 -59.876499
v  -163.084305 64.372910 -59.728893
v  -163.069763 64.372910 -59.581287
v  -163.026718 64.372910 -59.439358
v  -162.971146 64.235016 -59.728893
# 154 vertices

vt  0.750000 0.000000 1.000000
vt  0.787037 0.000000 1.000000
vt  0.824074 0.000000 1.000000
vt  0.861111 0.000000 1.000000
vt  0.898148 0.000000 1.000000
vt  0.935185 0.000000 1.000000
vt  0.972222 0.000000 1.000000
vt  0.009259 0.000000 1.000000
vt  0.046296 0.000000 1.000000
vt  0.083333 0.000000 1.000000
vt  0.120370 0.000000 1.000000
vt  0.157407 0.000000 1.000000
vt  0.194444 0.000000 1.000000
vt  0.231482 0.000000 1.000000
vt  0.268519 0.000000 1.000000
vt  0.305556 0.000000 1.000000
vt  0.342593 0.000000 1.000000
vt  0.379630 0.000000 1.000000
vt  0.416667 0.000000 1.000000
vt  0.453704 0.000000 1.000000
vt  0.490741 0.000000 1.000000
vt  0.527778 0.000000 1.000000
vt  0.564815 0.000000 1.000000
vt  0.601852 0.000000 1.000000
vt  0.638889 0.000000 1.000000
vt  0.675926 0.000000 1.000000
vt  0.712963 0.000000 1.000000
vt  0.750000 0.500000 1.000000
vt  0.787037 0.500000 1.000000
vt  0.824074 0.500000 1.000000
vt  0.861111 0.500000 1.000000
vt  0.898148 0.500000 1.000000
vt  0.935185 0.500000 1.000000
vt  0.972222 0.500000 1.000000
vt  0.009259 0.500000 1.000000
vt  0.046296 0.500000 1.000000
vt  0.083333 0.500000 1.000000
vt  0.120370 0.500000 1.000000
vt  0.157407 0.500000 1.000000
vt  0.194444 0.500000 1.000000
vt  0.231482 0.500000 1.000000
vt  0.268519 0.500000 1.000000
vt  0.305556 0.500000 1.000000
vt  0.342593 0.500000 1.000000
vt  0.379630 0.500000 1.000000
vt  0.416667 0.500000 1.000000
vt  0.453704 0.500000 1.000000
vt  0.490741 0.500000 1.000000
vt  0.527778 0.500000 1.000000
vt  0.564815 0.500000 1.000000
vt  0.601852 0.500000 1.000000
vt  0.638889 0.500000 1.000000
vt  0.675926 0.500000 1.000000
vt  0.712963 0.500000 1.000000
vt  0.750000 1.000000 1.000000
vt  0.787037 1.000000 1.000000
vt  0.824074 1.000000 1.000000
vt  0.861111 1.000000 1.000000
vt  0.898148 1.000000 1.000000
vt  0.935185 1.000000 1.000000
vt  0.972222 1.000000 1.000000
vt  0.009259 1.000000 1.000000
vt  0.046296 1.000000 1.000000
vt  0.083333 1.000000 1.000000
vt  0.120370 1.000000 1.000000
vt  0.157407 1.000000 1.000000
vt  0.194444 1.000000 1.000000
vt  0.231482 1.000000 1.000000
vt  0.268519 1.000000 1.000000
vt  0.305556 1.000000 1.000000
vt  0.342593 1.000000 1.000000
vt  0.379630 1.000000 1.000000
vt  0.416667 1.000000 1.000000
vt  0.453704 1.000000 1.000000
vt  0.490741 1.000000 1.000000
vt  0.527778 1.000000 1.000000
vt  0.564815 1.000000 1.000000
vt  0.601852 1.000000 1.000000
vt  0.638889 1.000000 1.000000
vt  0.675926 1.000000 1.000000
vt  0.712963 1.000000 1.000000
vt  1.009259 0.000000 1.000000
vt  1.009259 0.500000 1.000000
vt  1.009259 1.000000 1.000000
vt  0.615309 0.986522 -0.250000
vt  0.724400 0.946816 -0.250000
vt  0.821394 0.883022 -0.250000
vt  0.901062 0.798579 -0.250000
vt  0.959108 0.698040 -0.250000
vt  0.992404 0.586824 -0.250000
vt  0.999154 0.470927 -0.250000
vt  0.978995 0.356598 -0.250000
vt  0.933013 0.250000 -0.250000
vt  0.863687 0.156879 -0.250000
vt  0.774755 0.082256 -0.250000
vt  0.671010 0.030154 -0.250000
vt  0.558047 0.003381 -0.250000
vt  0.441954 0.003381 -0.250000
vt  0.328990 0.030154 -0.250000
vt  0.225246 0.082256 -0.250000
vt  0.136313 0.156879 -0.250000
vt  0.066987 0.250000 -0.250000
vt  0.021005 0.356598 -0.250000
vt  0.000846 0.470928 -0.250000
vt  0.007596 0.586824 -0.250000
vt  0.040892 0.698040 -0.250000
vt  0.098938 0.798579 -0.250000
vt  0.178606 0.883022 -0.250000
vt  0.275600 0.946816 -0.250000
vt  0.384692 0.986522 -0.250000
vt  0.500000 1.000000 -0.250000
vt  0.500000 1.000000 0.250000
vt  0.384692 0.986522 0.250000
vt  0.275600 0.946816 0.250000
vt  0.178606 0.883022 0.250000
vt  0.098938 0.798579 0.250000
vt  0.040892 0.698040 0.250000
vt  0.007596 0.586824 0.250000
vt  0.000846 0.470928 0.250000
vt  0.021005 0.356598 0.250000
vt  0.066987 0.250000 0.250000
vt  0.136313 0.156879 0.250000
vt  0.225246 0.082256 0.250000
vt  0.328990 0.030154 0.250000
vt  0.441954 0.003381 0.250000
vt  0.558047 0.003381 0.250000
vt  0.671010 0.030154 0.250000
vt  0.774755 0.082256 0.250000
vt  0.863687 0.156879 0.250000
vt  0.933013 0.250000 0.250000
vt  0.978995 0.356598 0.250000
vt  0.999154 0.470927 0.250000
vt  0.992404 0.586824 0.250000
vt  0.959108 0.698040 0.250000
vt  0.901062 0.798579 0.250000
vt  0.821394 0.883022 0.250000
vt  0.724400 0.946816 0.250000
vt  0.615309 0.986522 0.250000
vt  0.058036 0.509322 -0.250000
vt  0.100622 0.299904 -0.250000
vt  0.153168 0.203855 -0.250000
vt  0.066767 0.400395 -0.250000
vt  0.066767 0.586080 -0.250000
vt  0.100622 0.686572 -0.250000
vt  0.261705 0.102062 -0.250000
vt  0.172060 0.805110 -0.250000
vt  0.261705 0.884412 -0.250000
vt  0.379473 0.042937 -0.250000
vt  0.379473 0.943538 -0.250000
vt  0.480387 0.026488 -0.250000
vt  0.624424 0.042937 -0.250000
vt  0.521390 0.959988 -0.250000
vt  0.624424 0.943538 -0.250000
vt  0.742193 0.102062 -0.250000
vt  0.742193 0.884412 -0.250000
vt  0.831838 0.181366 -0.250000
vt  0.850729 0.782620 -0.250000
vt  0.903275 0.299904 -0.250000
vt  0.937130 0.400395 -0.250000
vt  0.945862 0.477153 -0.250000
vt  0.937130 0.586080 -0.250000
vt  0.903275 0.686572 -0.250000
vt  0.250000 0.750000 0.000000
vt  0.187500 0.687500 0.000000
vt  0.218750 0.687500 0.000000
vt  0.250000 0.687500 0.000000
vt  0.281250 0.687500 0.000000
vt  0.312500 0.687500 0.000000
vt  0.156250 0.625000 0.000000
vt  0.187500 0.625000 0.000000
vt  0.218750 0.625000 0.000000
vt  0.250000 0.625000 0.000000
vt  0.281250 0.625000 0.000000
vt  0.312500 0.625000 0.000000
vt  0.343750 0.625000 0.000000
vt  0.156250 0.562500 0.000000
vt  0.187500 0.562500 0.000000
vt  0.218750 0.562500 0.000000
vt  0.250000 0.562500 0.000000
vt  0.281250 0.562500 0.000000
vt  0.312500 0.562500 0.000000
vt  0.343750 0.562500 0.000000
vt  0.125000 0.500000 0.000000
vt  0.156250 0.500000 0.000000
vt  0.187500 0.500000 0.000000
vt  0.218750 0.500000 0.000000
vt  0.250000 0.500000 0.000000
vt  0.281250 0.500000 0.000000
vt  0.312500 0.500000 0.000000
vt  0.343750 0.500000 0.000000
vt  0.375000 0.500000 0.000000
vt  0.156250 0.437500 0.000000
vt  0.187500 0.437500 0.000000
vt  0.218750 0.437500 0.000000
vt  0.250000 0.437500 0.000000
vt  0.281250 0.437500 0.000000
vt  0.312500 0.437500 0.000000
vt  0.343750 0.437500 0.000000
vt  0.156250 0.375000 0.000000
vt  0.187500 0.375000 0.000000
vt  0.218750 0.375000 0.000000
vt  0.250000 0.375000 0.000000
vt  0.281250 0.375000 0.000000
vt  0.312500 0.375000 0.000000
vt  0.343750 0.375000 0.000000
vt  0.187500 0.312500 0.000000
vt  0.218750 0.312500 0.000000
vt  0.250000 0.312500 0.000000
vt  0.281250 0.312500 0.000000
vt  0.312500 0.312500 0.000000
vt  0.250000 0.250000 0.000000
vt  0.244499 0.750000 0.000000
vt  0.187500 0.722022 0.000000
vt  0.281250 0.744264 0.000000
vt  0.312500 0.722022 0.000000
vt  0.338311 0.687500 0.000000
vt  0.138989 0.625000 0.000000
vt  0.156250 0.676622 0.000000
vt  0.127868 0.562500 0.000000
vt  0.361011 0.625000 0.000000
vt  0.372132 0.562500 0.000000
vt  0.375000 0.511000 0.000000
vt  0.125000 0.488997 0.000000
vt  0.372132 0.437500 0.000000
vt  0.138989 0.375000 0.000000
vt  0.127868 0.437500 0.000000
vt  0.343750 0.323378 0.000000
vt  0.361011 0.375000 0.000000
vt  0.187500 0.277978 0.000000
vt  0.161689 0.312500 0.000000
vt  0.218750 0.255736 0.000000
vt  0.281250 0.255736 0.000000
vt  0.255501 0.250000 0.000000
vt  0.312500 0.277978 0.000000
vt  0.218750 0.744264 0.000000
# 235 texture vertices

vn  -0.000001 0.143139 3.876060
vn  -0.000001 0.991028 3.749723
vn  -0.000002 1.799345 3.435090
vn  -0.000001 2.530348 2.937205
vn  -0.000001 3.141701 2.269501
vn  -0.000001 3.589318 1.459262
vn  -0.000000 3.834520 0.550969
vn  0.000000 3.853477 -0.395759
vn  0.000001 3.644332 -1.314633
vn  0.000001 3.227760 -2.144326
vn  0.000001 2.640629 -2.837694
vn  0.000002 1.926623 -3.364824
vn  0.000001 1.128572 -3.710355
vn  0.000001 0.284921 -3.868165
vn  0.000001 -0.569844 -3.836556
vn  0.000002 -1.402381 -3.615762
vn  0.000002 -2.177062 -3.208477
vn  0.000001 -2.853761 -2.623257
vn  0.000001 -3.388630 -1.879830
vn  0.000000 -3.739166 -1.013931
vn  0.000000 -3.872955 -0.078291
vn  -0.000000 -3.776607 0.862757
vn  -0.000001 -3.459943 1.743973
vn  -0.000001 -2.952839 2.510311
vn  -0.000001 -2.296729 3.123279
vn  -0.000001 -1.535591 3.560822
vn  -0.000001 -0.710229 3.812891
vn  -0.000001 -0.000001 1.299925
vn  -0.000001 0.285296 1.268232
vn  -0.000000 0.559366 1.173420
vn  -0.000000 0.809874 1.016813
vn  -0.000000 1.022868 0.802213
vn  -0.000000 1.183470 0.537777
vn  -0.000000 1.278065 0.237394
vn  0.000000 1.297485 -0.079606
vn  0.000000 1.239734 -0.390980
vn  0.000000 1.110633 -0.675499
vn  0.000000 0.921987 -0.916376
vn  0.000000 0.688400 -1.102683
vn  0.000001 0.424468 -1.228671
vn  0.000001 0.143335 -1.291999
vn  0.000001 -0.143335 -1.291999
vn  0.000000 -0.424469 -1.228670
vn  0.000000 -0.688401 -1.102683
vn  0.000000 -0.921987 -0.916376
vn  0.000000 -1.110633 -0.675498
vn  0.000000 -1.239734 -0.390980
vn  0.000000 -1.297485 -0.079606
vn  -0.000000 -1.278065 0.237393
vn  -0.000000 -1.183470 0.537777
vn  -0.000000 -1.022869 0.802212
vn  -0.000000 -0.809875 1.016812
vn  -0.000001 -0.559367 1.173419
vn  -0.000001 -0.285297 1.268231
vn  -0.000003 -0.143144 3.876060
vn  -0.000003 0.710224 3.812892
vn  -0.000001 1.535588 3.560823
vn  -0.000001 2.296726 3.123282
vn  -0.000001 2.952837 2.510314
vn  -0.000001 3.459942 1.743975
vn  -0.000000 3.776607 0.862759
vn  0.000000 3.872955 -0.078289
vn  0.000000 3.739166 -1.013930
vn  0.000001 3.388629 -1.879831
vn  0.000001 2.853760 -2.623258
vn  0.000001 2.177060 -3.208477
vn  0.000001 1.402380 -3.615763
vn  0.000002 0.569843 -3.836556
vn  0.000003 -0.284923 -3.868165
vn  0.000002 -1.128573 -3.710355
vn  0.000001 -1.926625 -3.364823
vn  0.000001 -2.640630 -2.837693
vn  0.000001 -3.227761 -2.144325
vn  0.000000 -3.644332 -1.314633
vn  0.000000 -3.853477 -0.395760
vn  -0.000000 -3.834520 0.550967
vn  -0.000001 -3.589318 1.459259
vn  -0.000001 -3.141703 2.269499
vn  -0.000001 -2.530352 2.937201
vn  -0.000001 -1.799348 3.435089
vn  -0.000002 -0.991031 3.749723
vn  5.199700 0.000005 0.000002
vn  2.599850 -0.000001 0.000001
vn  5.199700 -0.000001 0.000003
vn  2.599850 0.000001 0.000001
vn  3.899775 0.000002 0.000001
vn  3.899775 -0.000001 0.000002
vn  5.199700 -0.000005 0.000012
vn  3.899775 0.000002 0.000003
vn  3.899775 -0.000000 0.000001
vn  3.899775 -0.000003 0.000010
vn  3.899775 -0.000001 -0.000002
vn  3.899775 0.000001 -0.000001
vn  3.899775 0.000000 0.000001
vn  5.199700 0.000000 0.000003
vn  3.899775 0.000000 0.000004
vn  5.199700 0.000003 0.000006
vn  3.899775 0.000001 0.000001
vn  2.599850 -0.000027 -0.000013
vn  5.199700 -0.000000 0.000002
vn  0.000000 -0.000029 -0.000017
vn  3.899775 0.000001 0.000002
vn  2.599850 -0.000003 0.000000
vn  2.599850 -0.000001 0.000001
vn  2.599850 -0.000003 0.000003
vn  0.572331 -1.163443 0.092959
vn  1.017914 -0.700709 0.403316
vn  1.052478 -0.738832 0.190318
vn  1.092818 -0.703627 0.021488
vn  1.069209 -0.700711 -0.235800
vn  0.995824 -0.722201 -0.420196
vn  1.019025 -0.476947 0.651087
vn  1.110150 -0.497499 0.458112
vn  1.178192 -0.497499 0.232730
vn  1.200957 -0.497499 -0.001595
vn  1.177570 -0.497499 -0.235860
vn  1.108929 -0.497499 -0.461061
vn  1.001583 -0.524216 -0.641743
vn  1.060527 -0.253625 0.707645
vn  1.178204 -0.253625 0.487149
vn  1.250603 -0.253625 0.247932
vn  1.274943 -0.253625 -0.000813
vn  1.250286 -0.253625 -0.249526
vn  1.177582 -0.253625 -0.488650
vn  1.046742 -0.271510 -0.721400
vn  0.496030 0.068246 1.199626
vn  1.068959 0.056041 0.737557
vn  1.200974 -0.000000 0.497460
vn  1.274947 -0.000000 0.253603
vn  1.299925 -0.000000 -0.000000
vn  1.274947 -0.000000 -0.253603
vn  1.200974 0.000000 -0.497460
vn  1.080848 0.000000 -0.722200
vn  0.517729 -0.016476 -1.192263
vn  1.046057 0.269749 0.723053
vn  1.177582 0.253625 0.488650
vn  1.250286 0.253625 0.249526
vn  1.274943 0.253625 0.000813
vn  1.250603 0.253625 -0.247932
vn  1.178204 0.253625 -0.487149
vn  1.060527 0.253625 -0.707645
vn  1.001581 0.524218 0.641744
vn  1.108929 0.497498 0.461060
vn  1.177570 0.497498 0.235860
vn  1.200957 0.497498 0.001596
vn  1.178192 0.497498 -0.232731
vn  1.110150 0.497498 -0.458113
vn  1.019024 0.476947 -0.651088
vn  1.000393 0.700602 0.445169
vn  1.046738 0.737322 0.224724
vn  1.111819 0.671577 -0.051452
vn  1.052478 0.738833 -0.190318
vn  1.017913 0.700709 -0.403317
vn  0.805052 1.020633 0.001814
# 154 vertex normals

g Sphere02
usemtl drevo_skrin
s 8
f 1953/2285/1953 1954/2286/1954 1981/2313/1981
f 1981/2313/1981 1980/2312/1980 1953/2285/1953
f 1954/2286/1954 1955/2287/1955 1982/2314/1982
f 1982/2314/1982 1981/2313/1981 1954/2286/1954
f 1955/2287/1955 1956/2288/1956 1983/2315/1983
f 1983/2315/1983 1982/2314/1982 1955/2287/1955
f 1956/2288/1956 1957/2289/1957 1984/2316/1984
f 1984/2316/1984 1983/2315/1983 1956/2288/1956
f 1957/2289/1957 1958/2290/1958 1985/2317/1985
f 1985/2317/1985 1984/2316/1984 1957/2289/1957
f 1958/2290/1958 1959/2291/1959 1986/2318/1986
f 1986/2318/1986 1985/2317/1985 1958/2290/1958
f 1959/2291/1959 1960/2366/1960 1987/2367/1987
f 1987/2367/1987 1986/2318/1986 1959/2291/1959
f 1960/2292/1960 1961/2293/1961 1988/2320/1988
f 1988/2320/1988 1987/2319/1987 1960/2292/1960
f 1961/2293/1961 1962/2294/1962 1989/2321/1989
f 1989/2321/1989 1988/2320/1988 1961/2293/1961
f 1962/2294/1962 1963/2295/1963 1990/2322/1990
f 1990/2322/1990 1989/2321/1989 1962/2294/1962
f 1963/2295/1963 1964/2296/1964 1991/2323/1991
f 1991/2323/1991 1990/2322/1990 1963/2295/1963
f 1964/2296/1964 1965/2297/1965 1992/2324/1992
f 1992/2324/1992 1991/2323/1991 1964/2296/1964
f 1965/2297/1965 1966/2298/1966 1993/2325/1993
f 1993/2325/1993 1992/2324/1992 1965/2297/1965
f 1966/2298/1966 1967/2299/1967 1994/2326/1994
f 1994/2326/1994 1993/2325/1993 1966/2298/1966
f 1967/2299/1967 1968/2300/1968 1995/2327/1995
f 1995/2327/1995 1994/2326/1994 1967/2299/1967
f 1968/2300/1968 1969/2301/1969 1996/2328/1996
f 1996/2328/1996 1995/2327/1995 1968/2300/1968
f 1969/2301/1969 1970/2302/1970 1997/2329/1997
f 1997/2329/1997 1996/2328/1996 1969/2301/1969
f 1970/2302/1970 1971/2303/1971 1998/2330/1998
f 1998/2330/1998 1997/2329/1997 1970/2302/1970
f 1971/2303/1971 1972/2304/1972 1999/2331/1999
f 1999/2331/1999 1998/2330/1998 1971/2303/1971
f 1972/2304/1972 1973/2305/1973 2000/2332/2000
f 2000/2332/2000 1999/2331/1999 1972/2304/1972
f 1973/2305/1973 1974/2306/1974 2001/2333/2001
f 2001/2333/2001 2000/2332/2000 1973/2305/1973
f 1974/2306/1974 1975/2307/1975 2002/2334/2002
f 2002/2334/2002 2001/2333/2001 1974/2306/1974
f 1975/2307/1975 1976/2308/1976 2003/2335/2003
f 2003/2335/2003 2002/2334/2002 1975/2307/1975
f 1976/2308/1976 1977/2309/1977 2004/2336/2004
f 2004/2336/2004 2003/2335/2003 1976/2308/1976
f 1977/2309/1977 1978/2310/1978 2005/2337/2005
f 2005/2337/2005 2004/2336/2004 1977/2309/1977
f 1978/2310/1978 1979/2311/1979 2006/2338/2006
f 2006/2338/2006 2005/2337/2005 1978/2310/1978
f 1979/2311/1979 1953/2285/1953 1980/2312/1980
f 1980/2312/1980 2006/2338/2006 1979/2311/1979
f 1980/2312/1980 1981/2313/1981 2008/2340/2008
f 2008/2340/2008 2007/2339/2007 1980/2312/1980
f 1981/2313/1981 1982/2314/1982 2009/2341/2009
f 2009/2341/2009 2008/2340/2008 1981/2313/1981
f 1982/2314/1982 1983/2315/1983 2010/2342/2010
f 2010/2342/2010 2009/2341/2009 1982/2314/1982
f 1983/2315/1983 1984/2316/1984 2011/2343/2011
f 2011/2343/2011 2010/2342/2010 1983/2315/1983
f 1984/2316/1984 1985/2317/1985 2012/2344/2012
f 2012/2344/2012 2011/2343/2011 1984/2316/1984
f 1985/2317/1985 1986/2318/1986 2013/2345/2013
f 2013/2345/2013 2012/2344/2012 1985/2317/1985
f 1986/2318/1986 1987/2367/1987 2014/2368/2014
f 2014/2368/2014 2013/2345/2013 1986/2318/1986
f 1987/2319/1987 1988/2320/1988 2015/2347/2015
f 2015/2347/2015 2014/2346/2014 1987/2319/1987
f 1988/2320/1988 1989/2321/1989 2016/2348/2016
f 2016/2348/2016 2015/2347/2015 1988/2320/1988
f 1989/2321/1989 1990/2322/1990 2017/2349/2017
f 2017/2349/2017 2016/2348/2016 1989/2321/1989
f 1990/2322/1990 1991/2323/1991 2018/2350/2018
f 2018/2350/2018 2017/2349/2017 1990/2322/1990
f 1991/2323/1991 1992/2324/1992 2019/2351/2019
f 2019/2351/2019 2018/2350/2018 1991/2323/1991
f 1992/2324/1992 1993/2325/1993 2020/2352/2020
f 2020/2352/2020 2019/2351/2019 1992/2324/1992
f 1993/2325/1993 1994/2326/1994 2021/2353/2021
f 2021/2353/2021 2020/2352/2020 1993/2325/1993
f 1994/2326/1994 1995/2327/1995 2022/2354/2022
f 2022/2354/2022 2021/2353/2021 1994/2326/1994
f 1995/2327/1995 1996/2328/1996 2023/2355/2023
f 2023/2355/2023 2022/2354/2022 1995/2327/1995
f 1996/2328/1996 1997/2329/1997 2024/2356/2024
f 2024/2356/2024 2023/2355/2023 1996/2328/1996
f 1997/2329/1997 1998/2330/1998 2025/2357/2025
f 2025/2357/2025 2024/2356/2024 1997/2329/1997
f 1998/2330/1998 1999/2331/1999 2026/2358/2026
f 2026/2358/2026 2025/2357/2025 1998/2330/1998
f 1999/2331/1999 2000/2332/2000 2027/2359/2027
f 2027/2359/2027 2026/2358/2026 1999/2331/1999
f 2000/2332/2000 2001/2333/2001 2028/2360/2028
f 2028/2360/2028 2027/2359/2027 2000/2332/2000
f 2001/2333/2001 2002/2334/2002 2029/2361/2029
f 2029/2361/2029 2028/2360/2028 2001/2333/2001
f 2002/2334/2002 2003/2335/2003 2030/2362/2030
f 2030/2362/2030 2029/2361/2029 2002/2334/2002
f 2003/2335/2003 2004/2336/2004 2031/2363/2031
f 2031/2363/2031 2030/2362/2030 2003/2335/2003
f 2004/2336/2004 2005/2337/2005 2032/2364/2032
f 2032/2364/2032 2031/2363/2031 2004/2336/2004
f 2005/2337/2005 2006/2338/2006 2033/2365/2033
f 2033/2365/2033 2032/2364/2032 2005/2337/2005
f 2006/2338/2006 1980/2312/1980 2007/2339/2007
f 2007/2339/2007 2033/2365/2033 2006/2338/2006
s 1
f 2008/2397/2008 2009/2398/2009 2010/2399/2010
f 2010/2399/2010 2011/2400/2011 2012/2401/2012
f 2008/2397/2008 2010/2399/2010 2012/2401/2012
f 2012/2401/2012 2013/2402/2013 2014/2403/2014
f 2014/2403/2014 2015/2404/2015 2016/2405/2016
f 2012/2401/2012 2014/2403/2014 2016/2405/2016
f 2016/2405/2016 2017/2406/2017 2018/2407/2018
f 2018/2407/2018 2019/2408/2019 2020/2409/2020
f 2016/2405/2016 2018/2407/2018 2020/2409/2020
f 2012/2401/2012 2016/2405/2016 2020/2409/2020
f 2020/2409/2020 2021/2410/2021 2022/2411/2022
f 2022/2411/2022 2023/2412/2023 2024/2413/2024
f 2020/2409/2020 2022/2411/2022 2024/2413/2024
f 2024/2413/2024 2025/2414/2025 2026/2415/2026
f 2026/2415/2026 2027/2416/2027 2028/2417/2028
f 2024/2413/2024 2026/2415/2026 2028/2417/2028
f 2020/2409/2020 2024/2413/2024 2028/2417/2028
f 2012/2401/2012 2020/2409/2020 2028/2417/2028
f 2028/2417/2028 2029/2418/2029 2030/2419/2030
f 2030/2419/2030 2031/2420/2031 2032/2421/2032
f 2028/2417/2028 2030/2419/2030 2032/2421/2032
f 2012/2401/2012 2028/2417/2028 2032/2421/2032
f 2008/2397/2008 2012/2401/2012 2032/2421/2032
f 2008/2397/2008 2032/2421/2032 2033/2422/2033
f 2007/2396/2007 2008/2397/2008 2033/2422/2033
f 2056/2445/2056 2057/2446/2057 1974/2374/1974
f 1962/2386/1962 1961/2387/1961 1960/2388/1960
f 1960/2388/1960 1959/2389/1959 1958/2390/1958
f 1974/2374/1974 2057/2446/2057 2052/2441/2052
f 1975/2373/1975 1974/2374/1974 2052/2441/2052
f 1976/2372/1976 1975/2373/1975 2052/2441/2052
f 1976/2372/1976 2052/2441/2052 2050/2439/2050
f 1977/2371/1977 1976/2372/1976 2050/2439/2050
f 1977/2371/1977 2050/2439/2050 2048/2437/2048
f 1978/2370/1978 1977/2371/1977 2048/2437/2048
f 1978/2370/1978 2048/2437/2048 2047/2436/2047
f 1979/2369/1979 1978/2370/1978 2047/2436/2047
f 1953/2395/1953 1979/2369/1979 2047/2436/2047
f 1953/2395/1953 2047/2436/2047 2044/2433/2044
f 1954/2394/1954 1953/2395/1953 2044/2433/2044
f 1954/2394/1954 2044/2433/2044 2042/2431/2042
f 1955/2393/1955 1954/2394/1954 2042/2431/2042
f 1955/2393/1955 2042/2431/2042 2041/2430/2041
f 1956/2392/1956 1955/2393/1955 2041/2430/2041
f 1956/2392/1956 2041/2430/2041 2039/2428/2039
f 1957/2391/1957 1956/2392/1956 2039/2428/2039
f 1957/2391/1957 2039/2428/2039 2038/2427/2038
f 1958/2390/1958 1957/2391/1957 2038/2427/2038
f 1958/2390/1958 2038/2427/2038 2034/2423/2034
f 1960/2388/1960 1958/2390/1958 2034/2423/2034
f 1962/2386/1962 1960/2388/1960 2034/2423/2034
f 1962/2386/1962 2034/2423/2034 2037/2426/2037
f 1962/2386/1962 2037/2426/2037 2035/2424/2035
f 1962/2386/1962 2035/2424/2035 2036/2425/2036
f 1963/2385/1963 1962/2386/1962 2036/2425/2036
f 1964/2384/1964 1963/2385/1963 2036/2425/2036
f 1964/2384/1964 2036/2425/2036 2040/2429/2040
f 1965/2383/1965 1964/2384/1964 2040/2429/2040
f 1966/2382/1966 1965/2383/1965 2040/2429/2040
f 1966/2382/1966 2040/2429/2040 2043/2432/2043
f 1967/2381/1967 1966/2382/1966 2043/2432/2043
f 1967/2381/1967 2043/2432/2043 2045/2434/2045
f 1968/2380/1968 1967/2381/1967 2045/2434/2045
f 1968/2380/1968 2045/2434/2045 2046/2435/2046
f 1969/2379/1969 1968/2380/1968 2046/2435/2046
f 1969/2379/1969 2046/2435/2046 2049/2438/2049
f 1970/2378/1970 1969/2379/1969 2049/2438/2049
f 1971/2377/1971 1970/2378/1970 2049/2438/2049
f 1971/2377/1971 2049/2438/2049 2051/2440/2051
f 1972/2376/1972 1971/2377/1971 2051/2440/2051
f 1973/2375/1973 1972/2376/1972 2051/2440/2051
f 1973/2375/1973 2051/2440/2051 2053/2442/2053
f 1973/2375/1973 2053/2442/2053 2054/2443/2054
f 1974/2374/1974 1973/2375/1973 2054/2443/2054
f 1974/2374/1974 2054/2443/2054 2055/2444/2055
f 2056/2445/2056 1974/2374/1974 2055/2444/2055
s 2
f 2060/2449/2060 2037/2519/2037 2034/2496/2034
f 2061/2450/2061 2060/2449/2060 2034/2496/2034
f 2061/2450/2061 2034/2496/2034 2058/2447/2058
f 2064/2453/2064 2040/2501/2040 2036/2502/2036
f 2036/2502/2036 2059/2448/2059 2065/2454/2065
f 2064/2453/2064 2036/2502/2036 2065/2454/2065
f 2066/2455/2066 2065/2454/2065 2059/2448/2059
f 2059/2448/2059 2060/2449/2060 2066/2455/2066
f 2067/2456/2067 2066/2455/2066 2060/2449/2060
f 2060/2449/2060 2061/2450/2061 2067/2456/2067
f 2068/2457/2068 2067/2456/2067 2061/2450/2061
f 2061/2450/2061 2062/2451/2062 2068/2457/2068
f 2069/2458/2069 2068/2457/2068 2062/2451/2062
f 2062/2451/2062 2063/2452/2063 2069/2458/2069
f 2072/2461/2072 2071/2460/2071 2064/2453/2064
f 2064/2453/2064 2065/2454/2065 2072/2461/2072
f 2073/2462/2073 2072/2461/2072 2065/2454/2065
f 2065/2454/2065 2066/2455/2066 2073/2462/2073
f 2074/2463/2074 2073/2462/2073 2066/2455/2066
f 2066/2455/2066 2067/2456/2067 2074/2463/2074
f 2075/2464/2075 2074/2463/2074 2067/2456/2067
f 2067/2456/2067 2068/2457/2068 2075/2464/2075
f 2076/2465/2076 2075/2464/2075 2068/2457/2068
f 2068/2457/2068 2069/2458/2069 2076/2465/2076
f 2077/2466/2077 2076/2465/2076 2069/2458/2069
f 2069/2458/2069 2070/2459/2070 2077/2466/2077
f 2078/2467/2078 2045/2507/2045 2043/2503/2043
f 2043/2503/2043 2071/2460/2071 2079/2468/2079
f 2078/2467/2078 2043/2503/2043 2079/2468/2079
f 2080/2469/2080 2079/2468/2079 2071/2460/2071
f 2071/2460/2071 2072/2461/2072 2080/2469/2080
f 2081/2470/2081 2080/2469/2080 2072/2461/2072
f 2072/2461/2072 2073/2462/2073 2081/2470/2081
f 2082/2471/2082 2081/2470/2081 2073/2462/2073
f 2073/2462/2073 2074/2463/2074 2082/2471/2082
f 2083/2472/2083 2082/2471/2082 2074/2463/2074
f 2074/2463/2074 2075/2464/2075 2083/2472/2083
f 2084/2473/2084 2083/2472/2083 2075/2464/2075
f 2075/2464/2075 2076/2465/2076 2084/2473/2084
f 2085/2474/2085 2084/2473/2084 2076/2465/2076
f 2076/2465/2076 2077/2466/2077 2085/2474/2085
f 2087/2476/2087 2046/2510/2046 2045/2507/2045
f 2079/2468/2079 2087/2476/2087 2045/2507/2045
f 2078/2467/2078 2079/2468/2079 2045/2507/2045
f 2088/2477/2088 2087/2476/2087 2079/2468/2079
f 2079/2468/2079 2080/2469/2080 2088/2477/2088
f 2089/2478/2089 2088/2477/2088 2080/2469/2080
f 2080/2469/2080 2081/2470/2081 2089/2478/2089
f 2090/2479/2090 2089/2478/2089 2081/2470/2081
f 2081/2470/2081 2082/2471/2082 2090/2479/2090
f 2091/2480/2091 2090/2479/2090 2082/2471/2082
f 2082/2471/2082 2083/2472/2083 2091/2480/2091
f 2092/2481/2092 2091/2480/2091 2083/2472/2083
f 2083/2472/2083 2084/2473/2084 2092/2481/2092
f 2093/2482/2093 2092/2481/2092 2084/2473/2084
f 2084/2473/2084 2085/2474/2085 2093/2482/2093
f 2095/2484/2095 2094/2483/2094 2087/2476/2087
f 2087/2476/2087 2088/2477/2088 2095/2484/2095
f 2096/2485/2096 2095/2484/2095 2088/2477/2088
f 2088/2477/2088 2089/2478/2089 2096/2485/2096
f 2097/2486/2097 2096/2485/2096 2089/2478/2089
f 2089/2478/2089 2090/2479/2090 2097/2486/2097
f 2098/2487/2098 2097/2486/2097 2090/2479/2090
f 2090/2479/2090 2091/2480/2091 2098/2487/2098
f 2099/2488/2099 2098/2487/2098 2091/2480/2091
f 2091/2480/2091 2092/2481/2092 2099/2488/2099
f 2100/2489/2100 2099/2488/2099 2092/2481/2092
f 2092/2481/2092 2093/2482/2093 2100/2489/2100
f 2094/2483/2094 2095/2484/2095 2101/2490/2101
f 2101/2490/2101 2053/2513/2053 2051/2514/2051
f 2094/2483/2094 2101/2490/2101 2051/2514/2051
f 2102/2491/2102 2101/2490/2101 2095/2484/2095
f 2095/2484/2095 2096/2485/2096 2102/2491/2102
f 2103/2492/2103 2102/2491/2102 2096/2485/2096
f 2096/2485/2096 2097/2486/2097 2103/2492/2103
f 2104/2493/2104 2103/2492/2103 2097/2486/2097
f 2097/2486/2097 2098/2487/2098 2104/2493/2104
f 2105/2494/2105 2104/2493/2104 2098/2487/2098
f 2098/2487/2098 2099/2488/2099 2105/2494/2105
f 2102/2491/2102 2103/2492/2103 2106/2495/2106
f 2106/2495/2106 2055/2517/2055 2054/2515/2054
f 2102/2491/2102 2106/2495/2106 2054/2515/2054
f 2035/2497/2035 2037/2519/2037 2060/2449/2060
f 2060/2449/2060 2059/2448/2059 2035/2497/2035
f 2036/2502/2036 2035/2497/2035 2059/2448/2059
f 2038/2498/2038 2039/2499/2039 2063/2452/2063
f 2063/2452/2063 2062/2451/2062 2038/2498/2038
f 2038/2498/2038 2062/2451/2062 2061/2450/2061
f 2038/2498/2038 2061/2450/2061 2058/2447/2058
f 2034/2496/2034 2038/2498/2038 2058/2447/2058
f 2070/2459/2070 2069/2458/2069 2063/2452/2063
f 2063/2452/2063 2041/2500/2041 2070/2459/2070
f 2039/2499/2039 2041/2500/2041 2063/2452/2063
f 2071/2460/2071 2043/2503/2043 2040/2501/2040
f 2040/2501/2040 2064/2453/2064 2071/2460/2071
f 2042/2504/2042 2044/2505/2044 2077/2466/2077
f 2077/2466/2077 2070/2459/2070 2042/2504/2042
f 2044/2505/2044 2047/2506/2047 2086/2475/2086
f 2086/2475/2086 2085/2474/2085 2077/2466/2077
f 2044/2505/2044 2086/2475/2086 2077/2466/2077
f 2093/2482/2093 2048/2508/2048 2050/2512/2050
f 2050/2512/2050 2100/2489/2100 2093/2482/2093
f 2048/2508/2048 2093/2482/2093 2085/2474/2085
f 2048/2508/2048 2085/2474/2085 2086/2475/2086
f 2047/2506/2047 2048/2508/2048 2086/2475/2086
f 2049/2509/2049 2046/2510/2046 2087/2476/2087
f 2087/2476/2087 2094/2483/2094 2049/2509/2049
f 2051/2514/2051 2049/2509/2049 2094/2483/2094
f 2052/2511/2052 2105/2494/2105 2099/2488/2099
f 2099/2488/2099 2100/2489/2100 2052/2511/2052
f 2050/2512/2050 2052/2511/2052 2100/2489/2100
f 2102/2491/2102 2054/2515/2054 2053/2513/2053
f 2053/2513/2053 2101/2490/2101 2102/2491/2102
f 2055/2517/2055 2106/2495/2106 2103/2492/2103
f 2055/2517/2055 2103/2492/2103 2104/2493/2104
f 2056/2516/2056 2055/2517/2055 2104/2493/2104
f 2057/2518/2057 2056/2516/2056 2104/2493/2104
f 2104/2493/2104 2105/2494/2105 2057/2518/2057
f 2041/2500/2041 2042/2504/2042 2070/2459/2070
f 2052/2511/2052 2057/2518/2057 2105/2494/2105
# 304 faces

g
# object Cylinder02 to come ...
#
v  -164.763962 64.881271 -59.719601
v  -164.763962 64.881271 -59.032665
v  -164.763962 65.048401 -59.051182
v  -164.763962 65.206528 -59.105732
v  -164.763962 65.347115 -59.193378
v  -164.763962 65.462593 -59.309391
v  -164.763962 65.546722 -59.447521
v  -164.763962 65.594986 -59.600315
v  -164.763962 65.604767 -59.759544
v  -164.763962 65.575554 -59.916615
v  -164.763962 65.508904 -60.063068
v  -164.763962 65.408417 -60.191006
v  -164.763962 65.279510 -60.293526
v  -164.763962 65.129143 -60.365108
v  -164.763962 64.965408 -60.401890
v  -164.763962 64.797134 -60.401890
v  -164.763962 64.633400 -60.365108
v  -164.763962 64.483025 -60.293526
v  -164.763962 64.354126 -60.191006
v  -164.763962 64.253639 -60.063068
v  -164.763962 64.186989 -59.916615
v  -164.763962 64.157776 -59.759544
v  -164.763962 64.167557 -59.600315
v  -164.763962 64.215820 -59.447521
v  -164.763962 64.299950 -59.309391
v  -164.763962 64.415428 -59.193378
v  -164.763962 64.556015 -59.105732
v  -164.763962 64.714134 -59.051182
v  -164.830658 64.881271 -59.032665
v  -164.830658 65.048401 -59.051182
v  -164.830658 65.206528 -59.105732
v  -164.830658 65.347115 -59.193378
v  -164.830658 65.462593 -59.309391
v  -164.830658 65.546722 -59.447521
v  -164.830658 65.594986 -59.600315
v  -164.830658 65.604767 -59.759544
v  -164.830658 65.575554 -59.916615
v  -164.830658 65.508904 -60.063068
v  -164.830658 65.408417 -60.191006
v  -164.830658 65.279510 -60.293526
v  -164.830658 65.129143 -60.365108
v  -164.830658 64.965408 -60.401890
v  -164.830658 64.797134 -60.401890
v  -164.830658 64.633400 -60.365108
v  -164.830658 64.483025 -60.293526
v  -164.830658 64.354126 -60.191006
v  -164.830658 64.253639 -60.063068
v  -164.830658 64.186989 -59.916615
v  -164.830658 64.157776 -59.759544
v  -164.830658 64.167557 -59.600315
v  -164.830658 64.215820 -59.447521
v  -164.830658 64.299950 -59.309391
v  -164.830658 64.415428 -59.193378
v  -164.830658 64.556015 -59.105732
v  -164.830658 64.714134 -59.051182
v  -164.897354 64.881271 -59.032665
v  -164.897354 65.048401 -59.051182
v  -164.897354 65.206528 -59.105732
v  -164.897354 65.347115 -59.193378
v  -164.897354 65.462593 -59.309391
v  -164.897354 65.546722 -59.447521
v  -164.897354 65.594986 -59.600315
v  -164.897354 65.604767 -59.759544
v  -164.897354 65.575554 -59.916615
v  -164.897354 65.508904 -60.063068
v  -164.897354 65.408417 -60.191006
v  -164.897354 65.279510 -60.293526
v  -164.897354 65.129143 -60.365108
v  -164.897354 64.965408 -60.401890
v  -164.897354 64.797134 -60.401890
v  -164.897354 64.633400 -60.365108
v  -164.897354 64.483025 -60.293526
v  -164.897354 64.354126 -60.191006
v  -164.897354 64.253639 -60.063068
v  -164.897354 64.186989 -59.916615
v  -164.897354 64.157776 -59.759544
v  -164.897354 64.167557 -59.600315
v  -164.897354 64.215820 -59.447521
v  -164.897354 64.299950 -59.309391
v  -164.897354 64.415428 -59.193378
v  -164.897354 64.556015 -59.105732
v  -164.897354 64.714134 -59.051182
v  -164.964050 64.881271 -59.032665
v  -164.964050 65.048401 -59.051182
v  -164.964050 65.206528 -59.105732
v  -164.964050 65.347115 -59.193378
v  -164.964050 65.462593 -59.309391
v  -164.964050 65.546722 -59.447521
v  -164.964050 65.594986 -59.600315
v  -164.964050 65.604767 -59.759544
v  -164.964050 65.575554 -59.916615
v  -164.964050 65.508904 -60.063068
v  -164.964050 65.408417 -60.191006
v  -164.964050 65.279510 -60.293526
v  -164.964050 65.129143 -60.365108
v  -164.964050 64.965408 -60.401890
v  -164.964050 64.797134 -60.401890
v  -164.964050 64.633400 -60.365108
v  -164.964050 64.483025 -60.293526
v  -164.964050 64.354126 -60.191006
v  -164.964050 64.253639 -60.063068
v  -164.964050 64.186989 -59.916615
v  -164.964050 64.157776 -59.759544
v  -164.964050 64.167557 -59.600315
v  -164.964050 64.215820 -59.447521
v  -164.964050 64.299950 -59.309391
v  -164.964050 64.415428 -59.193378
v  -164.964050 64.556015 -59.105732
v  -164.964050 64.714134 -59.051182
v  -165.030746 64.881271 -59.032665
v  -165.030746 65.048401 -59.051182
v  -165.030746 65.206528 -59.105732
v  -165.030746 65.347115 -59.193378
v  -165.030746 65.462593 -59.309391
v  -165.030746 65.546722 -59.447521
v  -165.030746 65.594986 -59.600315
v  -165.030746 65.604767 -59.759544
v  -165.030746 65.575554 -59.916615
v  -165.030746 65.508904 -60.063068
v  -165.030746 65.408417 -60.191006
v  -165.030746 65.279510 -60.293526
v  -165.030746 65.129143 -60.365108
v  -165.030746 64.965408 -60.401890
v  -165.030746 64.797134 -60.401890
v  -165.030746 64.633400 -60.365108
v  -165.030746 64.483025 -60.293526
v  -165.030746 64.354126 -60.191006
v  -165.030746 64.253639 -60.063068
v  -165.030746 64.186989 -59.916615
v  -165.030746 64.157776 -59.759544
v  -165.030746 64.167557 -59.600315
v  -165.030746 64.215820 -59.447521
v  -165.030746 64.299950 -59.309391
v  -165.030746 64.415428 -59.193378
v  -165.030746 64.556015 -59.105732
v  -165.030746 64.714134 -59.051182
v  -165.097443 64.881271 -59.032665
v  -165.097443 65.048401 -59.051182
v  -165.097443 65.206528 -59.105732
v  -165.097443 65.347115 -59.193378
v  -165.097443 65.462593 -59.309391
v  -165.097443 65.546722 -59.447521
v  -165.097443 65.594986 -59.600315
v  -165.097443 65.604767 -59.759544
v  -165.097443 65.575554 -59.916615
v  -165.097443 65.508904 -60.063068
v  -165.097443 65.408417 -60.191006
v  -165.097443 65.279510 -60.293526
v  -165.097443 65.129143 -60.365108
v  -165.097443 64.965408 -60.401890
v  -165.097443 64.797134 -60.401890
v  -165.097443 64.633400 -60.365108
v  -165.097443 64.483025 -60.293526
v  -165.097443 64.354126 -60.191006
v  -165.097443 64.253639 -60.063068
v  -165.097443 64.186989 -59.916615
v  -165.097443 64.157776 -59.759544
v  -165.097443 64.167557 -59.600315
v  -165.097443 64.215820 -59.447521
v  -165.097443 64.299950 -59.309391
v  -165.097443 64.415428 -59.193378
v  -165.097443 64.556015 -59.105732
v  -165.097443 64.714134 -59.051182
v  -165.097443 64.881271 -59.719601
# 164 vertices

vt  0.500000 0.000000 0.000000
vt  0.750000 0.000000 1.000000
vt  0.787037 0.000000 1.000000
vt  0.824074 0.000000 1.000000
vt  0.861111 0.000000 1.000000
vt  0.898148 0.000000 1.000000
vt  0.935185 0.000000 1.000000
vt  0.972222 0.000000 1.000000
vt  0.009259 0.000000 1.000000
vt  0.046296 0.000000 1.000000
vt  0.083333 0.000000 1.000000
vt  0.120370 0.000000 1.000000
vt  0.157407 0.000000 1.000000
vt  0.194444 0.000000 1.000000
vt  0.231482 0.000000 1.000000
vt  0.268519 0.000000 1.000000
vt  0.305556 0.000000 1.000000
vt  0.342593 0.000000 1.000000
vt  0.379630 0.000000 1.000000
vt  0.416667 0.000000 1.000000
vt  0.453704 0.000000 1.000000
vt  0.490741 0.000000 1.000000
vt  0.527778 0.000000 1.000000
vt  0.564815 0.000000 1.000000
vt  0.601852 0.000000 1.000000
vt  0.638889 0.000000 1.000000
vt  0.675926 0.000000 1.000000
vt  0.712963 0.000000 1.000000
vt  0.750000 0.200000 1.000000
vt  0.787037 0.200000 1.000000
vt  0.824074 0.200000 1.000000
vt  0.861111 0.200000 1.000000
vt  0.898148 0.200000 1.000000
vt  0.935185 0.200000 1.000000
vt  0.972222 0.200000 1.000000
vt  0.009259 0.200000 1.000000
vt  0.046296 0.200000 1.000000
vt  0.083333 0.200000 1.000000
vt  0.120370 0.200000 1.000000
vt  0.157407 0.200000 1.000000
vt  0.194444 0.200000 1.000000
vt  0.231482 0.200000 1.000000
vt  0.268519 0.200000 1.000000
vt  0.305556 0.200000 1.000000
vt  0.342593 0.200000 1.000000
vt  0.379630 0.200000 1.000000
vt  0.416667 0.200000 1.000000
vt  0.453704 0.200000 1.000000
vt  0.490741 0.200000 1.000000
vt  0.527778 0.200000 1.000000
vt  0.564815 0.200000 1.000000
vt  0.601852 0.200000 1.000000
vt  0.638889 0.200000 1.000000
vt  0.675926 0.200000 1.000000
vt  0.712963 0.200000 1.000000
vt  0.750000 0.400000 1.000000
vt  0.787037 0.400000 1.000000
vt  0.824074 0.400000 1.000000
vt  0.861111 0.400000 1.000000
vt  0.898148 0.400000 1.000000
vt  0.935185 0.400000 1.000000
vt  0.972222 0.400000 1.000000
vt  0.009259 0.400000 1.000000
vt  0.046296 0.400000 1.000000
vt  0.083333 0.400000 1.000000
vt  0.120370 0.400000 1.000000
vt  0.157407 0.400000 1.000000
vt  0.194444 0.400000 1.000000
vt  0.231482 0.400000 1.000000
vt  0.268519 0.400000 1.000000
vt  0.305556 0.400000 1.000000
vt  0.342593 0.400000 1.000000
vt  0.379630 0.400000 1.000000
vt  0.416667 0.400000 1.000000
vt  0.453704 0.400000 1.000000
vt  0.490741 0.400000 1.000000
vt  0.527778 0.400000 1.000000
vt  0.564815 0.400000 1.000000
vt  0.601852 0.400000 1.000000
vt  0.638889 0.400000 1.000000
vt  0.675926 0.400000 1.000000
vt  0.712963 0.400000 1.000000
vt  0.750000 0.600000 1.000000
vt  0.787037 0.600000 1.000000
vt  0.824074 0.600000 1.000000
vt  0.861111 0.600000 1.000000
vt  0.898148 0.600000 1.000000
vt  0.935185 0.600000 1.000000
vt  0.972222 0.600000 1.000000
vt  0.009259 0.600000 1.000000
vt  0.046296 0.600000 1.000000
vt  0.083333 0.600000 1.000000
vt  0.120370 0.600000 1.000000
vt  0.157407 0.600000 1.000000
vt  0.194444 0.600000 1.000000
vt  0.231482 0.600000 1.000000
vt  0.268519 0.600000 1.000000
vt  0.305556 0.600000 1.000000
vt  0.342593 0.600000 1.000000
vt  0.379630 0.600000 1.000000
vt  0.416667 0.600000 1.000000
vt  0.453704 0.600000 1.000000
vt  0.490741 0.600000 1.000000
vt  0.527778 0.600000 1.000000
vt  0.564815 0.600000 1.000000
vt  0.601852 0.600000 1.000000
vt  0.638889 0.600000 1.000000
vt  0.675926 0.600000 1.000000
vt  0.712963 0.600000 1.000000
vt  0.750000 0.800000 1.000000
vt  0.787037 0.800000 1.000000
vt  0.824074 0.800000 1.000000
vt  0.861111 0.800000 1.000000
vt  0.898148 0.800000 1.000000
vt  0.935185 0.800000 1.000000
vt  0.972222 0.800000 1.000000
vt  0.009259 0.800000 1.000000
vt  0.046296 0.800000 1.000000
vt  0.083333 0.800000 1.000000
vt  0.120370 0.800000 1.000000
vt  0.157407 0.800000 1.000000
vt  0.194444 0.800000 1.000000
vt  0.231482 0.800000 1.000000
vt  0.268519 0.800000 1.000000
vt  0.305556 0.800000 1.000000
vt  0.342593 0.800000 1.000000
vt  0.379630 0.800000 1.000000
vt  0.416667 0.800000 1.000000
vt  0.453704 0.800000 1.000000
vt  0.490741 0.800000 1.000000
vt  0.527778 0.800000 1.000000
vt  0.564815 0.800000 1.000000
vt  0.601852 0.800000 1.000000
vt  0.638889 0.800000 1.000000
vt  0.675926 0.800000 1.000000
vt  0.712963 0.800000 1.000000
vt  0.750000 1.000000 1.000000
vt  0.787037 1.000000 1.000000
vt  0.824074 1.000000 1.000000
vt  0.861111 1.000000 1.000000
vt  0.898148 1.000000 1.000000
vt  0.935185 1.000000 1.000000
vt  0.972222 1.000000 1.000000
vt  0.009259 1.000000 1.000000
vt  0.046296 1.000000 1.000000
vt  0.083333 1.000000 1.000000
vt  0.120370 1.000000 1.000000
vt  0.157407 1.000000 1.000000
vt  0.194444 1.000000 1.000000
vt  0.231482 1.000000 1.000000
vt  0.268519 1.000000 1.000000
vt  0.305556 1.000000 1.000000
vt  0.342593 1.000000 1.000000
vt  0.379630 1.000000 1.000000
vt  0.416667 1.000000 1.000000
vt  0.453704 1.000000 1.000000
vt  0.490741 1.000000 1.000000
vt  0.527778 1.000000 1.000000
vt  0.564815 1.000000 1.000000
vt  0.601852 1.000000 1.000000
vt  0.638889 1.000000 1.000000
vt  0.675926 1.000000 1.000000
vt  0.712963 1.000000 1.000000
vt  0.500000 1.000000 0.000000
vt  -0.027778 0.000000 1.000000
vt  -0.027778 0.000000 1.000000
vt  -0.027778 0.200000 1.000000
vt  -0.027778 0.000000 1.000000
vt  -0.027778 0.200000 1.000000
vt  -0.027778 0.400000 1.000000
vt  -0.027778 0.200000 1.000000
vt  -0.027778 0.400000 1.000000
vt  -0.027778 0.600000 1.000000
vt  -0.027778 0.400000 1.000000
vt  -0.027778 0.600000 1.000000
vt  -0.027778 0.800000 1.000000
vt  -0.027778 0.600000 1.000000
vt  -0.027778 0.800000 1.000000
vt  -0.027778 1.000000 1.000000
vt  -0.027778 0.800000 1.000000
vt  -0.027778 1.000000 1.000000
# 181 texture vertices

vn  1.299925 0.000000 0.000001
vn  2.599850 0.000000 0.000001
vn  2.599850 0.000000 0.000001
vn  2.599850 0.000000 0.000001
vn  2.599850 0.000000 0.000001
vn  2.599850 0.000000 0.000001
vn  2.599850 0.000000 0.000001
vn  2.599850 0.000000 0.000001
vn  2.599850 0.000000 0.000001
vn  2.599850 0.000000 0.000001
vn  2.599850 0.000000 0.000001
vn  2.599850 0.000000 0.000001
vn  2.599850 0.000000 0.000001
vn  2.599850 0.000000 0.000001
vn  2.599850 0.000000 0.000001
vn  2.599850 0.000000 0.000001
vn  2.599850 0.000000 0.000001
vn  2.599850 0.000000 0.000001
vn  2.599850 0.000000 0.000001
vn  2.599850 0.000000 0.000001
vn  2.599850 0.000000 0.000001
vn  2.599850 0.000000 0.000001
vn  2.599850 0.000000 0.000001
vn  2.599850 0.000000 0.000001
vn  2.599850 0.000000 0.000001
vn  2.599850 0.000000 0.000001
vn  2.599850 0.000000 0.000001
vn  2.599850 0.000000 0.000001
vn  -0.000001 -0.000001 1.299925
vn  -0.000001 0.316275 1.264885
vn  -0.000000 0.615500 1.161655
vn  -0.000000 0.881543 0.995800
vn  -0.000000 1.100062 0.776261
vn  -0.000000 1.259276 0.514874
vn  -0.000000 1.350602 0.225729
vn  -0.000000 1.369117 -0.075584
vn  0.000000 1.313823 -0.372823
vn  0.000000 1.187699 -0.649963
vn  0.000000 0.997547 -0.892063
vn  0.000000 0.753617 -1.086072
vn  0.000000 0.469059 -1.221530
vn  0.000001 0.159214 -1.291135
vn  0.000001 -0.159214 -1.291135
vn  0.000001 -0.469059 -1.221530
vn  0.000000 -0.753617 -1.086071
vn  0.000000 -0.997548 -0.892062
vn  0.000000 -1.187700 -0.649962
vn  0.000000 -1.313823 -0.372823
vn  0.000000 -1.369117 -0.075584
vn  -0.000000 -1.350602 0.225729
vn  -0.000000 -1.259276 0.514873
vn  -0.000000 -1.100062 0.776260
vn  -0.000000 -0.881544 0.995799
vn  -0.000000 -0.615501 1.161655
vn  -0.000000 -0.316277 1.264885
vn  -0.000001 -0.000001 1.299925
vn  -0.000001 0.316275 1.264885
vn  -0.000000 0.615500 1.161655
vn  -0.000000 0.881543 0.995800
vn  -0.000000 1.100062 0.776261
vn  -0.000000 1.259276 0.514874
vn  -0.000000 1.350602 0.225729
vn  -0.000000 1.369117 -0.075584
vn  0.000000 1.313823 -0.372823
vn  0.000000 1.187699 -0.649963
vn  0.000000 0.997547 -0.892063
vn  0.000000 0.753617 -1.086072
vn  0.000000 0.469059 -1.221530
vn  0.000001 0.159214 -1.291135
vn  0.000001 -0.159214 -1.291135
vn  0.000001 -0.469059 -1.221530
vn  0.000000 -0.753617 -1.086071
vn  0.000000 -0.997548 -0.892062
vn  0.000000 -1.187700 -0.649962
vn  0.000000 -1.313823 -0.372823
vn  0.000000 -1.369117 -0.075584
vn  -0.000000 -1.350602 0.225729
vn  -0.000000 -1.259276 0.514873
vn  -0.000000 -1.100062 0.776260
vn  -0.000000 -0.881544 0.995799
vn  -0.000000 -0.615501 1.161655
vn  -0.000000 -0.316277 1.264885
vn  -0.000001 -0.000001 1.299925
vn  -0.000001 0.316275 1.264885
vn  -0.000000 0.615500 1.161655
vn  -0.000000 0.881543 0.995800
vn  -0.000000 1.100062 0.776261
vn  -0.000000 1.259276 0.514874
vn  -0.000000 1.350602 0.225729
vn  -0.000000 1.369117 -0.075584
vn  0.000000 1.313823 -0.372823
vn  0.000000 1.187699 -0.649963
vn  0.000000 0.997547 -0.892063
vn  0.000000 0.753617 -1.086072
vn  0.000000 0.469059 -1.221530
vn  0.000001 0.159214 -1.291135
vn  0.000001 -0.159214 -1.291135
vn  0.000001 -0.469059 -1.221530
vn  0.000000 -0.753617 -1.086071
vn  0.000000 -0.997548 -0.892062
vn  0.000000 -1.187700 -0.649962
vn  0.000000 -1.313823 -0.372823
vn  0.000000 -1.369117 -0.075584
vn  -0.000000 -1.350602 0.225729
vn  -0.000000 -1.259276 0.514873
vn  -0.000000 -1.100062 0.776260
vn  -0.000000 -0.881544 0.995799
vn  -0.000000 -0.615501 1.161655
vn  -0.000000 -0.316277 1.264885
vn  -0.000001 -0.000001 1.299925
vn  -0.000001 0.316275 1.264885
vn  -0.000000 0.615500 1.161655
vn  -0.000000 0.881543 0.995800
vn  -0.000000 1.100062 0.776261
vn  -0.000000 1.259276 0.514874
vn  -0.000000 1.350602 0.225729
vn  -0.000000 1.369117 -0.075584
vn  0.000000 1.313823 -0.372823
vn  0.000000 1.187699 -0.649963
vn  0.000000 0.997547 -0.892063
vn  0.000000 0.753617 -1.086072
vn  0.000000 0.469059 -1.221530
vn  0.000001 0.159214 -1.291135
vn  0.000001 -0.159214 -1.291135
vn  0.000001 -0.469059 -1.221530
vn  0.000000 -0.753617 -1.086071
vn  0.000000 -0.997548 -0.892062
vn  0.000000 -1.187700 -0.649962
vn  0.000000 -1.313823 -0.372823
vn  0.000000 -1.369117 -0.075584
vn  -0.000000 -1.350602 0.225729
vn  -0.000000 -1.259276 0.514873
vn  -0.000000 -1.100062 0.776260
vn  -0.000000 -0.881544 0.995799
vn  -0.000000 -0.615501 1.161655
vn  -0.000000 -0.316277 1.264885
vn  -0.000002 -0.159217 3.873406
vn  -0.000002 0.787487 3.803800
vn  -0.000001 1.691736 3.529131
vn  -0.000001 2.504782 3.064205
vn  -0.000001 3.182794 2.434088
vn  -0.000001 3.689221 1.672748
vn  -0.000001 3.996762 0.821229
vn  -0.000000 4.088837 -0.074562
vn  0.000000 3.960480 -0.966333
vn  0.000001 3.618613 -1.806010
vn  0.000001 3.081666 -2.548323
vn  0.000001 2.378585 -3.153256
vn  0.000001 1.547275 -3.588196
vn  0.000002 0.632550 -3.829696
vn  0.000002 -0.316276 -3.864735
vn  0.000002 -1.248051 -3.691426
vn  0.000001 -2.112544 -3.319110
vn  0.000001 -2.863148 -2.767861
vn  0.000001 -3.459400 -2.067396
vn  0.000001 -3.869154 -1.255478
vn  0.000000 -4.070322 -0.375876
vn  -0.000000 -4.052057 0.523988
vn  -0.000000 -3.815346 1.395606
vn  -0.000001 -3.372948 2.191985
vn  -0.000001 -2.748715 2.870194
vn  -0.000001 -1.976297 3.393671
vn  -0.000001 -1.097337 3.734194
vn  -1.299925 -0.000000 -0.000001
# 164 vertex normals

g Cylinder02
usemtl drevo_skrin
s 1
f 2107/2520/2107 2109/2522/2109 2108/2521/2108
f 2107/2520/2107 2110/2523/2110 2109/2522/2109
f 2107/2520/2107 2111/2524/2111 2110/2523/2110
f 2107/2520/2107 2112/2525/2112 2111/2524/2111
f 2107/2520/2107 2113/2526/2113 2112/2525/2112
f 2107/2520/2107 2114/2527/2114 2113/2526/2113
f 2107/2520/2107 2115/2528/2115 2114/2684/2114
f 2107/2520/2107 2116/2529/2116 2115/2528/2115
f 2107/2520/2107 2117/2530/2117 2116/2529/2116
f 2107/2520/2107 2118/2531/2118 2117/2530/2117
f 2107/2520/2107 2119/2532/2119 2118/2531/2118
f 2107/2520/2107 2120/2533/2120 2119/2532/2119
f 2107/2520/2107 2121/2534/2121 2120/2533/2120
f 2107/2520/2107 2122/2535/2122 2121/2534/2121
f 2107/2520/2107 2123/2536/2123 2122/2535/2122
f 2107/2520/2107 2124/2537/2124 2123/2536/2123
f 2107/2520/2107 2125/2538/2125 2124/2537/2124
f 2107/2520/2107 2126/2539/2126 2125/2538/2125
f 2107/2520/2107 2127/2540/2127 2126/2539/2126
f 2107/2520/2107 2128/2541/2128 2127/2540/2127
f 2107/2520/2107 2129/2542/2129 2128/2541/2128
f 2107/2520/2107 2130/2543/2130 2129/2542/2129
f 2107/2520/2107 2131/2544/2131 2130/2543/2130
f 2107/2520/2107 2132/2545/2132 2131/2544/2131
f 2107/2520/2107 2133/2546/2133 2132/2545/2132
f 2107/2520/2107 2134/2547/2134 2133/2546/2133
f 2107/2520/2107 2108/2521/2108 2134/2547/2134
s 8
f 2108/2521/2108 2136/2549/2136 2135/2548/2135
f 2108/2521/2108 2109/2522/2109 2136/2549/2136
f 2109/2522/2109 2137/2550/2137 2136/2549/2136
f 2109/2522/2109 2110/2523/2110 2137/2550/2137
f 2110/2523/2110 2138/2551/2138 2137/2550/2137
f 2110/2523/2110 2111/2524/2111 2138/2551/2138
f 2111/2524/2111 2139/2552/2139 2138/2551/2138
f 2111/2524/2111 2112/2525/2112 2139/2552/2139
f 2112/2525/2112 2140/2553/2140 2139/2552/2139
f 2112/2525/2112 2113/2526/2113 2140/2553/2140
f 2113/2526/2113 2141/2554/2141 2140/2553/2140
f 2113/2526/2113 2114/2527/2114 2141/2554/2141
f 2114/2685/2114 2142/2555/2142 2141/2686/2141
f 2114/2687/2114 2115/2528/2115 2142/2555/2142
f 2115/2528/2115 2143/2556/2143 2142/2555/2142
f 2115/2528/2115 2116/2529/2116 2143/2556/2143
f 2116/2529/2116 2144/2557/2144 2143/2556/2143
f 2116/2529/2116 2117/2530/2117 2144/2557/2144
f 2117/2530/2117 2145/2558/2145 2144/2557/2144
f 2117/2530/2117 2118/2531/2118 2145/2558/2145
f 2118/2531/2118 2146/2559/2146 2145/2558/2145
f 2118/2531/2118 2119/2532/2119 2146/2559/2146
f 2119/2532/2119 2147/2560/2147 2146/2559/2146
f 2119/2532/2119 2120/2533/2120 2147/2560/2147
f 2120/2533/2120 2148/2561/2148 2147/2560/2147
f 2120/2533/2120 2121/2534/2121 2148/2561/2148
f 2121/2534/2121 2149/2562/2149 2148/2561/2148
f 2121/2534/2121 2122/2535/2122 2149/2562/2149
f 2122/2535/2122 2150/2563/2150 2149/2562/2149
f 2122/2535/2122 2123/2536/2123 2150/2563/2150
f 2123/2536/2123 2151/2564/2151 2150/2563/2150
f 2123/2536/2123 2124/2537/2124 2151/2564/2151
f 2124/2537/2124 2152/2565/2152 2151/2564/2151
f 2124/2537/2124 2125/2538/2125 2152/2565/2152
f 2125/2538/2125 2153/2566/2153 2152/2565/2152
f 2125/2538/2125 2126/2539/2126 2153/2566/2153
f 2126/2539/2126 2154/2567/2154 2153/2566/2153
f 2126/2539/2126 2127/2540/2127 2154/2567/2154
f 2127/2540/2127 2155/2568/2155 2154/2567/2154
f 2127/2540/2127 2128/2541/2128 2155/2568/2155
f 2128/2541/2128 2156/2569/2156 2155/2568/2155
f 2128/2541/2128 2129/2542/2129 2156/2569/2156
f 2129/2542/2129 2157/2570/2157 2156/2569/2156
f 2129/2542/2129 2130/2543/2130 2157/2570/2157
f 2130/2543/2130 2158/2571/2158 2157/2570/2157
f 2130/2543/2130 2131/2544/2131 2158/2571/2158
f 2131/2544/2131 2159/2572/2159 2158/2571/2158
f 2131/2544/2131 2132/2545/2132 2159/2572/2159
f 2132/2545/2132 2160/2573/2160 2159/2572/2159
f 2132/2545/2132 2133/2546/2133 2160/2573/2160
f 2133/2546/2133 2161/2574/2161 2160/2573/2160
f 2133/2546/2133 2134/2547/2134 2161/2574/2161
f 2134/2547/2134 2135/2548/2135 2161/2574/2161
f 2134/2547/2134 2108/2521/2108 2135/2548/2135
f 2135/2548/2135 2163/2576/2163 2162/2575/2162
f 2135/2548/2135 2136/2549/2136 2163/2576/2163
f 2136/2549/2136 2164/2577/2164 2163/2576/2163
f 2136/2549/2136 2137/2550/2137 2164/2577/2164
f 2137/2550/2137 2165/2578/2165 2164/2577/2164
f 2137/2550/2137 2138/2551/2138 2165/2578/2165
f 2138/2551/2138 2166/2579/2166 2165/2578/2165
f 2138/2551/2138 2139/2552/2139 2166/2579/2166
f 2139/2552/2139 2167/2580/2167 2166/2579/2166
f 2139/2552/2139 2140/2553/2140 2167/2580/2167
f 2140/2553/2140 2168/2581/2168 2167/2580/2167
f 2140/2553/2140 2141/2554/2141 2168/2581/2168
f 2141/2688/2141 2169/2582/2169 2168/2689/2168
f 2141/2690/2141 2142/2555/2142 2169/2582/2169
f 2142/2555/2142 2170/2583/2170 2169/2582/2169
f 2142/2555/2142 2143/2556/2143 2170/2583/2170
f 2143/2556/2143 2171/2584/2171 2170/2583/2170
f 2143/2556/2143 2144/2557/2144 2171/2584/2171
f 2144/2557/2144 2172/2585/2172 2171/2584/2171
f 2144/2557/2144 2145/2558/2145 2172/2585/2172
f 2145/2558/2145 2173/2586/2173 2172/2585/2172
f 2145/2558/2145 2146/2559/2146 2173/2586/2173
f 2146/2559/2146 2174/2587/2174 2173/2586/2173
f 2146/2559/2146 2147/2560/2147 2174/2587/2174
f 2147/2560/2147 2175/2588/2175 2174/2587/2174
f 2147/2560/2147 2148/2561/2148 2175/2588/2175
f 2148/2561/2148 2176/2589/2176 2175/2588/2175
f 2148/2561/2148 2149/2562/2149 2176/2589/2176
f 2149/2562/2149 2177/2590/2177 2176/2589/2176
f 2149/2562/2149 2150/2563/2150 2177/2590/2177
f 2150/2563/2150 2178/2591/2178 2177/2590/2177
f 2150/2563/2150 2151/2564/2151 2178/2591/2178
f 2151/2564/2151 2179/2592/2179 2178/2591/2178
f 2151/2564/2151 2152/2565/2152 2179/2592/2179
f 2152/2565/2152 2180/2593/2180 2179/2592/2179
f 2152/2565/2152 2153/2566/2153 2180/2593/2180
f 2153/2566/2153 2181/2594/2181 2180/2593/2180
f 2153/2566/2153 2154/2567/2154 2181/2594/2181
f 2154/2567/2154 2182/2595/2182 2181/2594/2181
f 2154/2567/2154 2155/2568/2155 2182/2595/2182
f 2155/2568/2155 2183/2596/2183 2182/2595/2182
f 2155/2568/2155 2156/2569/2156 2183/2596/2183
f 2156/2569/2156 2184/2597/2184 2183/2596/2183
f 2156/2569/2156 2157/2570/2157 2184/2597/2184
f 2157/2570/2157 2185/2598/2185 2184/2597/2184
f 2157/2570/2157 2158/2571/2158 2185/2598/2185
f 2158/2571/2158 2186/2599/2186 2185/2598/2185
f 2158/2571/2158 2159/2572/2159 2186/2599/2186
f 2159/2572/2159 2187/2600/2187 2186/2599/2186
f 2159/2572/2159 2160/2573/2160 2187/2600/2187
f 2160/2573/2160 2188/2601/2188 2187/2600/2187
f 2160/2573/2160 2161/2574/2161 2188/2601/2188
f 2161/2574/2161 2162/2575/2162 2188/2601/2188
f 2161/2574/2161 2135/2548/2135 2162/2575/2162
f 2162/2575/2162 2190/2603/2190 2189/2602/2189
f 2162/2575/2162 2163/2576/2163 2190/2603/2190
f 2163/2576/2163 2191/2604/2191 2190/2603/2190
f 2163/2576/2163 2164/2577/2164 2191/2604/2191
f 2164/2577/2164 2192/2605/2192 2191/2604/2191
f 2164/2577/2164 2165/2578/2165 2192/2605/2192
f 2165/2578/2165 2193/2606/2193 2192/2605/2192
f 2165/2578/2165 2166/2579/2166 2193/2606/2193
f 2166/2579/2166 2194/2607/2194 2193/2606/2193
f 2166/2579/2166 2167/2580/2167 2194/2607/2194
f 2167/2580/2167 2195/2608/2195 2194/2607/2194
f 2167/2580/2167 2168/2581/2168 2195/2608/2195
f 2168/2691/2168 2196/2609/2196 2195/2692/2195
f 2168/2693/2168 2169/2582/2169 2196/2609/2196
f 2169/2582/2169 2197/2610/2197 2196/2609/2196
f 2169/2582/2169 2170/2583/2170 2197/2610/2197
f 2170/2583/2170 2198/2611/2198 2197/2610/2197
f 2170/2583/2170 2171/2584/2171 2198/2611/2198
f 2171/2584/2171 2199/2612/2199 2198/2611/2198
f 2171/2584/2171 2172/2585/2172 2199/2612/2199
f 2172/2585/2172 2200/2613/2200 2199/2612/2199
f 2172/2585/2172 2173/2586/2173 2200/2613/2200
f 2173/2586/2173 2201/2614/2201 2200/2613/2200
f 2173/2586/2173 2174/2587/2174 2201/2614/2201
f 2174/2587/2174 2202/2615/2202 2201/2614/2201
f 2174/2587/2174 2175/2588/2175 2202/2615/2202
f 2175/2588/2175 2203/2616/2203 2202/2615/2202
f 2175/2588/2175 2176/2589/2176 2203/2616/2203
f 2176/2589/2176 2204/2617/2204 2203/2616/2203
f 2176/2589/2176 2177/2590/2177 2204/2617/2204
f 2177/2590/2177 2205/2618/2205 2204/2617/2204
f 2177/2590/2177 2178/2591/2178 2205/2618/2205
f 2178/2591/2178 2206/2619/2206 2205/2618/2205
f 2178/2591/2178 2179/2592/2179 2206/2619/2206
f 2179/2592/2179 2207/2620/2207 2206/2619/2206
f 2179/2592/2179 2180/2593/2180 2207/2620/2207
f 2180/2593/2180 2208/2621/2208 2207/2620/2207
f 2180/2593/2180 2181/2594/2181 2208/2621/2208
f 2181/2594/2181 2209/2622/2209 2208/2621/2208
f 2181/2594/2181 2182/2595/2182 2209/2622/2209
f 2182/2595/2182 2210/2623/2210 2209/2622/2209
f 2182/2595/2182 2183/2596/2183 2210/2623/2210
f 2183/2596/2183 2211/2624/2211 2210/2623/2210
f 2183/2596/2183 2184/2597/2184 2211/2624/2211
f 2184/2597/2184 2212/2625/2212 2211/2624/2211
f 2184/2597/2184 2185/2598/2185 2212/2625/2212
f 2185/2598/2185 2213/2626/2213 2212/2625/2212
f 2185/2598/2185 2186/2599/2186 2213/2626/2213
f 2186/2599/2186 2214/2627/2214 2213/2626/2213
f 2186/2599/2186 2187/2600/2187 2214/2627/2214
f 2187/2600/2187 2215/2628/2215 2214/2627/2214
f 2187/2600/2187 2188/2601/2188 2215/2628/2215
f 2188/2601/2188 2189/2602/2189 2215/2628/2215
f 2188/2601/2188 2162/2575/2162 2189/2602/2189
f 2189/2602/2189 2217/2630/2217 2216/2629/2216
f 2189/2602/2189 2190/2603/2190 2217/2630/2217
f 2190/2603/2190 2218/2631/2218 2217/2630/2217
f 2190/2603/2190 2191/2604/2191 2218/2631/2218
f 2191/2604/2191 2219/2632/2219 2218/2631/2218
f 2191/2604/2191 2192/2605/2192 2219/2632/2219
f 2192/2605/2192 2220/2633/2220 2219/2632/2219
f 2192/2605/2192 2193/2606/2193 2220/2633/2220
f 2193/2606/2193 2221/2634/2221 2220/2633/2220
f 2193/2606/2193 2194/2607/2194 2221/2634/2221
f 2194/2607/2194 2222/2635/2222 2221/2634/2221
f 2194/2607/2194 2195/2608/2195 2222/2635/2222
f 2195/2694/2195 2223/2636/2223 2222/2695/2222
f 2195/2696/2195 2196/2609/2196 2223/2636/2223
f 2196/2609/2196 2224/2637/2224 2223/2636/2223
f 2196/2609/2196 2197/2610/2197 2224/2637/2224
f 2197/2610/2197 2225/2638/2225 2224/2637/2224
f 2197/2610/2197 2198/2611/2198 2225/2638/2225
f 2198/2611/2198 2226/2639/2226 2225/2638/2225
f 2198/2611/2198 2199/2612/2199 2226/2639/2226
f 2199/2612/2199 2227/2640/2227 2226/2639/2226
f 2199/2612/2199 2200/2613/2200 2227/2640/2227
f 2200/2613/2200 2228/2641/2228 2227/2640/2227
f 2200/2613/2200 2201/2614/2201 2228/2641/2228
f 2201/2614/2201 2229/2642/2229 2228/2641/2228
f 2201/2614/2201 2202/2615/2202 2229/2642/2229
f 2202/2615/2202 2230/2643/2230 2229/2642/2229
f 2202/2615/2202 2203/2616/2203 2230/2643/2230
f 2203/2616/2203 2231/2644/2231 2230/2643/2230
f 2203/2616/2203 2204/2617/2204 2231/2644/2231
f 2204/2617/2204 2232/2645/2232 2231/2644/2231
f 2204/2617/2204 2205/2618/2205 2232/2645/2232
f 2205/2618/2205 2233/2646/2233 2232/2645/2232
f 2205/2618/2205 2206/2619/2206 2233/2646/2233
f 2206/2619/2206 2234/2647/2234 2233/2646/2233
f 2206/2619/2206 2207/2620/2207 2234/2647/2234
f 2207/2620/2207 2235/2648/2235 2234/2647/2234
f 2207/2620/2207 2208/2621/2208 2235/2648/2235
f 2208/2621/2208 2236/2649/2236 2235/2648/2235
f 2208/2621/2208 2209/2622/2209 2236/2649/2236
f 2209/2622/2209 2237/2650/2237 2236/2649/2236
f 2209/2622/2209 2210/2623/2210 2237/2650/2237
f 2210/2623/2210 2238/2651/2238 2237/2650/2237
f 2210/2623/2210 2211/2624/2211 2238/2651/2238
f 2211/2624/2211 2239/2652/2239 2238/2651/2238
f 2211/2624/2211 2212/2625/2212 2239/2652/2239
f 2212/2625/2212 2240/2653/2240 2239/2652/2239
f 2212/2625/2212 2213/2626/2213 2240/2653/2240
f 2213/2626/2213 2241/2654/2241 2240/2653/2240
f 2213/2626/2213 2214/2627/2214 2241/2654/2241
f 2214/2627/2214 2242/2655/2242 2241/2654/2241
f 2214/2627/2214 2215/2628/2215 2242/2655/2242
f 2215/2628/2215 2216/2629/2216 2242/2655/2242
f 2215/2628/2215 2189/2602/2189 2216/2629/2216
f 2216/2629/2216 2244/2657/2244 2243/2656/2243
f 2216/2629/2216 2217/2630/2217 2244/2657/2244
f 2217/2630/2217 2245/2658/2245 2244/2657/2244
f 2217/2630/2217 2218/2631/2218 2245/2658/2245
f 2218/2631/2218 2246/2659/2246 2245/2658/2245
f 2218/2631/2218 2219/2632/2219 2246/2659/2246
f 2219/2632/2219 2247/2660/2247 2246/2659/2246
f 2219/2632/2219 2220/2633/2220 2247/2660/2247
f 2220/2633/2220 2248/2661/2248 2247/2660/2247
f 2220/2633/2220 2221/2634/2221 2248/2661/2248
f 2221/2634/2221 2249/2662/2249 2248/2661/2248
f 2221/2634/2221 2222/2635/2222 2249/2662/2249
f 2222/2697/2222 2250/2663/2250 2249/2698/2249
f 2222/2699/2222 2223/2636/2223 2250/2663/2250
f 2223/2636/2223 2251/2664/2251 2250/2663/2250
f 2223/2636/2223 2224/2637/2224 2251/2664/2251
f 2224/2637/2224 2252/2665/2252 2251/2664/2251
f 2224/2637/2224 2225/2638/2225 2252/2665/2252
f 2225/2638/2225 2253/2666/2253 2252/2665/2252
f 2225/2638/2225 2226/2639/2226 2253/2666/2253
f 2226/2639/2226 2254/2667/2254 2253/2666/2253
f 2226/2639/2226 2227/2640/2227 2254/2667/2254
f 2227/2640/2227 2255/2668/2255 2254/2667/2254
f 2227/2640/2227 2228/2641/2228 2255/2668/2255
f 2228/2641/2228 2256/2669/2256 2255/2668/2255
f 2228/2641/2228 2229/2642/2229 2256/2669/2256
f 2229/2642/2229 2257/2670/2257 2256/2669/2256
f 2229/2642/2229 2230/2643/2230 2257/2670/2257
f 2230/2643/2230 2258/2671/2258 2257/2670/2257
f 2230/2643/2230 2231/2644/2231 2258/2671/2258
f 2231/2644/2231 2259/2672/2259 2258/2671/2258
f 2231/2644/2231 2232/2645/2232 2259/2672/2259
f 2232/2645/2232 2260/2673/2260 2259/2672/2259
f 2232/2645/2232 2233/2646/2233 2260/2673/2260
f 2233/2646/2233 2261/2674/2261 2260/2673/2260
f 2233/2646/2233 2234/2647/2234 2261/2674/2261
f 2234/2647/2234 2262/2675/2262 2261/2674/2261
f 2234/2647/2234 2235/2648/2235 2262/2675/2262
f 2235/2648/2235 2263/2676/2263 2262/2675/2262
f 2235/2648/2235 2236/2649/2236 2263/2676/2263
f 2236/2649/2236 2264/2677/2264 2263/2676/2263
f 2236/2649/2236 2237/2650/2237 2264/2677/2264
f 2237/2650/2237 2265/2678/2265 2264/2677/2264
f 2237/2650/2237 2238/2651/2238 2265/2678/2265
f 2238/2651/2238 2266/2679/2266 2265/2678/2265
f 2238/2651/2238 2239/2652/2239 2266/2679/2266
f 2239/2652/2239 2267/2680/2267 2266/2679/2266
f 2239/2652/2239 2240/2653/2240 2267/2680/2267
f 2240/2653/2240 2268/2681/2268 2267/2680/2267
f 2240/2653/2240 2241/2654/2241 2268/2681/2268
f 2241/2654/2241 2269/2682/2269 2268/2681/2268
f 2241/2654/2241 2242/2655/2242 2269/2682/2269
f 2242/2655/2242 2243/2656/2243 2269/2682/2269
f 2242/2655/2242 2216/2629/2216 2243/2656/2243
s 1
f 2270/2683/2270 2243/2656/2243 2244/2657/2244
f 2270/2683/2270 2244/2657/2244 2245/2658/2245
f 2270/2683/2270 2245/2658/2245 2246/2659/2246
f 2270/2683/2270 2246/2659/2246 2247/2660/2247
f 2270/2683/2270 2247/2660/2247 2248/2661/2248
f 2270/2683/2270 2248/2661/2248 2249/2662/2249
f 2270/2683/2270 2249/2700/2249 2250/2663/2250
f 2270/2683/2270 2250/2663/2250 2251/2664/2251
f 2270/2683/2270 2251/2664/2251 2252/2665/2252
f 2270/2683/2270 2252/2665/2252 2253/2666/2253
f 2270/2683/2270 2253/2666/2253 2254/2667/2254
f 2270/2683/2270 2254/2667/2254 2255/2668/2255
f 2270/2683/2270 2255/2668/2255 2256/2669/2256
f 2270/2683/2270 2256/2669/2256 2257/2670/2257
f 2270/2683/2270 2257/2670/2257 2258/2671/2258
f 2270/2683/2270 2258/2671/2258 2259/2672/2259
f 2270/2683/2270 2259/2672/2259 2260/2673/2260
f 2270/2683/2270 2260/2673/2260 2261/2674/2261
f 2270/2683/2270 2261/2674/2261 2262/2675/2262
f 2270/2683/2270 2262/2675/2262 2263/2676/2263
f 2270/2683/2270 2263/2676/2263 2264/2677/2264
f 2270/2683/2270 2264/2677/2264 2265/2678/2265
f 2270/2683/2270 2265/2678/2265 2266/2679/2266
f 2270/2683/2270 2266/2679/2266 2267/2680/2267
f 2270/2683/2270 2267/2680/2267 2268/2681/2268
f 2270/2683/2270 2268/2681/2268 2269/2682/2269
f 2270/2683/2270 2269/2682/2269 2243/2656/2243
# 324 faces

g
# object Arc02 to come ...
#
v  -163.302460 64.943970 -59.033638
v  -163.337509 64.943970 -59.118305
v  -163.381912 64.943970 -59.197575
v  -163.434998 64.943970 -59.270752
v  -163.496140 64.943970 -59.337154
v  -163.564713 64.943970 -59.396084
v  -163.640060 64.943970 -59.446846
v  -163.721542 64.943970 -59.488758
v  -163.807419 64.943970 -59.520756
v  -163.895691 64.943970 -59.542248
v  -163.985428 64.943970 -59.553226
v  -164.075699 64.943970 -59.553692
v  -164.165543 64.943970 -59.543633
v  -164.254028 64.943970 -59.523048
v  -164.340225 64.943970 -59.491928
v  -164.422150 64.943970 -59.450859
v  -164.498016 64.943970 -59.400867
v  -164.567169 64.943970 -59.342648
v  -164.628998 64.943970 -59.276878
v  -164.682831 64.943970 -59.204243
v  -164.728043 64.943970 -59.125435
v  -164.763962 64.943970 -59.041134
v  -163.302460 64.763405 -59.038197
v  -163.337509 64.785316 -59.119976
v  -163.381912 64.805832 -59.196545
v  -163.434998 64.824776 -59.267231
v  -163.496140 64.841957 -59.331371
v  -163.564713 64.857208 -59.388290
v  -163.640060 64.870346 -59.437325
v  -163.721542 64.881195 -59.477806
v  -163.807419 64.889481 -59.508717
v  -163.895691 64.895042 -59.529476
v  -163.985428 64.897881 -59.540081
v  -164.075699 64.898003 -59.540527
v  -164.165543 64.895401 -59.530811
v  -164.254028 64.890068 -59.510929
v  -164.340225 64.882019 -59.480873
v  -164.422150 64.871384 -59.441200
v  -164.498016 64.858452 -59.392914
v  -164.567169 64.843376 -59.336674
v  -164.628998 64.826355 -59.273148
v  -164.682831 64.807556 -59.202988
v  -164.728043 64.787163 -59.126865
v  -164.763962 64.765343 -59.045437
v  -163.302460 64.590172 -59.089336
v  -163.337509 64.632500 -59.162655
v  -163.381912 64.672134 -59.231304
v  -163.434998 64.708725 -59.294682
v  -163.496140 64.741928 -59.352184
v  -163.564713 64.771393 -59.403221
v  -163.640060 64.796776 -59.447182
v  -163.721542 64.817726 -59.483479
v  -163.807419 64.833725 -59.511189
v  -163.895691 64.844475 -59.529804
v  -163.985428 64.849960 -59.539310
v  -164.075699 64.850197 -59.539711
v  -164.165543 64.845161 -59.531002
v  -164.254028 64.834869 -59.513172
v  -164.340225 64.819313 -59.486225
v  -164.422150 64.798775 -59.450657
v  -164.498016 64.773781 -59.407364
v  -164.567169 64.744675 -59.356941
v  -164.628998 64.711784 -59.299984
v  -164.682831 64.675468 -59.237083
v  -164.728043 64.636070 -59.168831
v  -164.763962 64.593918 -59.095825
v  -163.302460 64.436073 -59.183567
v  -163.337509 64.495941 -59.243431
v  -163.381912 64.551994 -59.299484
v  -163.434998 64.603737 -59.351231
v  -163.496140 64.650688 -59.398182
v  -163.564713 64.692360 -59.439850
v  -163.640060 64.728256 -59.475746
v  -163.721542 64.757889 -59.505383
v  -163.807419 64.780518 -59.528008
v  -163.895691 64.795715 -59.543205
v  -163.985428 64.803474 -59.550968
v  -164.075699 64.803802 -59.551296
v  -164.165543 64.796692 -59.544186
v  -164.254028 64.782135 -59.529629
v  -164.340225 64.760132 -59.507626
v  -164.422150 64.731087 -59.478584
v  -164.498016 64.695740 -59.443237
v  -164.567169 64.654572 -59.402065
v  -164.628998 64.608070 -59.355560
v  -164.682831 64.556709 -59.304203
v  -164.728043 64.500984 -59.248474
v  -164.763962 64.441376 -59.188866
v  -163.302460 64.311615 -59.314468
v  -163.337509 64.384941 -59.356800
v  -163.381912 64.453583 -59.396435
v  -163.434998 64.516960 -59.433025
v  -163.496140 64.574463 -59.466225
v  -163.564713 64.625504 -59.495689
v  -163.640060 64.669464 -59.521072
v  -163.721542 64.705757 -59.542027
v  -163.807419 64.733467 -59.558025
v  -163.895691 64.752083 -59.568771
v  -163.985428 64.761589 -59.574265
v  -164.075699 64.761993 -59.574493
v  -164.165543 64.753281 -59.569466
v  -164.254028 64.735451 -59.559174
v  -164.340225 64.708504 -59.543613
v  -164.422150 64.672935 -59.523079
v  -164.498016 64.629646 -59.498085
v  -164.567169 64.579224 -59.468971
v  -164.628998 64.522263 -59.436089
v  -164.682831 64.459366 -59.399773
v  -164.728043 64.391113 -59.360367
v  -164.763962 64.318108 -59.318214
v  -163.302460 64.225281 -59.473122
v  -163.337509 64.307060 -59.495037
v  -163.381912 64.383629 -59.515553
v  -163.434998 64.454315 -59.534492
v  -163.496140 64.518456 -59.551678
v  -163.564713 64.575371 -59.566929
v  -163.640060 64.624405 -59.580070
v  -163.721542 64.664886 -59.590916
v  -163.807419 64.695801 -59.599197
v  -163.895691 64.716560 -59.604759
v  -163.985428 64.727165 -59.607601
v  -164.075699 64.727608 -59.607723
v  -164.165543 64.717896 -59.605118
v  -164.254028 64.698013 -59.599792
v  -164.340225 64.667953 -59.591736
v  -164.422150 64.628281 -59.581108
v  -164.498016 64.579994 -59.568169
v  -164.567169 64.523758 -59.553101
v  -164.628998 64.460228 -59.536076
v  -164.682831 64.390068 -59.517281
v  -164.728043 64.313950 -59.496883
v  -164.763962 64.232521 -59.475063
v  -163.302460 64.182945 -59.648716
v  -163.337509 64.267616 -59.648716
v  -163.381912 64.346878 -59.648716
v  -163.434998 64.420059 -59.648716
v  -163.496140 64.486465 -59.648716
v  -163.564713 64.545395 -59.648716
v  -163.640060 64.596153 -59.648716
v  -163.721542 64.638069 -59.648716
v  -163.807419 64.670067 -59.648716
v  -163.895691 64.691559 -59.648716
v  -163.985428 64.702538 -59.648716
v  -164.075699 64.703003 -59.648716
v  -164.165543 64.692940 -59.648716
v  -164.254028 64.672356 -59.648716
v  -164.340225 64.641235 -59.648716
v  -164.422150 64.600166 -59.648716
v  -164.498016 64.550179 -59.648716
v  -164.567169 64.491959 -59.648716
v  -164.628998 64.426186 -59.648716
v  -164.682831 64.353554 -59.648716
v  -164.728043 64.274742 -59.648716
v  -164.763962 64.190445 -59.648716
v  -163.302460 64.187508 -59.829285
v  -163.337509 64.269287 -59.807369
v  -163.381912 64.345856 -59.786854
v  -163.434998 64.416542 -59.767914
v  -163.496140 64.480682 -59.750729
v  -163.564713 64.537598 -59.735477
v  -163.640060 64.586632 -59.722336
v  -163.721542 64.627113 -59.711491
v  -163.807419 64.658028 -59.703209
v  -163.895691 64.678787 -59.697647
v  -163.985428 64.689392 -59.694805
v  -164.075699 64.689835 -59.694683
v  -164.165543 64.680122 -59.697289
v  -164.254028 64.660240 -59.702614
v  -164.340225 64.630180 -59.710670
v  -164.422150 64.590508 -59.721298
v  -164.498016 64.542221 -59.734238
v  -164.567169 64.485985 -59.749306
v  -164.628998 64.422455 -59.766331
v  -164.682831 64.352295 -59.785130
v  -164.728043 64.276176 -59.805527
v  -164.763962 64.194748 -59.827343
v  -163.302460 64.238640 -60.002518
v  -163.337509 64.311966 -59.960186
v  -163.381912 64.380615 -59.920551
v  -163.434998 64.443993 -59.883961
v  -163.496140 64.501495 -59.850761
v  -163.564713 64.552528 -59.821297
v  -163.640060 64.596489 -59.795914
v  -163.721542 64.632790 -59.774960
v  -163.807419 64.660500 -59.758961
v  -163.895691 64.679108 -59.748215
v  -163.985428 64.688622 -59.742725
v  -164.075699 64.689018 -59.742493
v  -164.165543 64.680313 -59.747520
v  -164.254028 64.662483 -59.757813
v  -164.340225 64.635536 -59.773373
v  -164.422150 64.599968 -59.793907
v  -164.498016 64.556671 -59.818905
v  -164.567169 64.506248 -59.848015
v  -164.628998 64.449295 -59.880901
v  -164.682831 64.386391 -59.917217
v  -164.728043 64.318138 -59.956619
v  -164.763962 64.245132 -59.998772
v  -163.302460 64.332878 -60.156612
v  -163.337509 64.392738 -60.096748
v  -163.381912 64.448792 -60.040695
v  -163.434998 64.500542 -59.988949
v  -163.496140 64.547493 -59.941998
v  -163.564713 64.589157 -59.900330
v  -163.640060 64.625053 -59.864433
v  -163.721542 64.654694 -59.834797
v  -163.807419 64.677315 -59.812172
v  -163.895691 64.692513 -59.796974
v  -163.985428 64.700279 -59.789211
v  -164.075699 64.700607 -59.788883
v  -164.165543 64.693497 -59.795994
v  -164.254028 64.678940 -59.810551
v  -164.340225 64.656937 -59.832554
v  -164.422150 64.627892 -59.861595
v  -164.498016 64.592545 -59.896942
v  -164.567169 64.551376 -59.938114
v  -164.628998 64.504868 -59.984619
v  -164.682831 64.453506 -60.035980
v  -164.728043 64.397781 -60.091705
v  -164.763962 64.338173 -60.151314
v  -163.302460 64.463776 -60.281071
v  -163.337509 64.506111 -60.207748
v  -163.381912 64.545746 -60.139099
v  -163.434998 64.582336 -60.075726
v  -163.496140 64.615532 -60.018219
v  -163.564713 64.644997 -59.967186
v  -163.640060 64.670380 -59.923222
v  -163.721542 64.691338 -59.886929
v  -163.807419 64.707336 -59.859215
v  -163.895691 64.718079 -59.840603
v  -163.985428 64.723572 -59.831093
v  -164.075699 64.723801 -59.830692
v  -164.165543 64.718773 -59.839405
v  -164.254028 64.708481 -59.857231
v  -164.340225 64.692924 -59.884182
v  -164.422150 64.672386 -59.919750
v  -164.498016 64.647392 -59.963043
v  -164.567169 64.618279 -60.013462
v  -164.628998 64.585396 -60.070423
v  -164.682831 64.549080 -60.133324
v  -164.728043 64.509674 -60.201572
v  -164.763962 64.467522 -60.274582
v  -163.302460 64.622429 -60.367405
v  -163.337509 64.644348 -60.285625
v  -163.381912 64.664864 -60.209061
v  -163.434998 64.683800 -60.138374
v  -163.496140 64.700989 -60.074234
v  -163.564713 64.716240 -60.017315
v  -163.640060 64.729378 -59.968277
v  -163.721542 64.740227 -59.927795
v  -163.807419 64.748505 -59.896889
v  -163.895691 64.754066 -59.876129
v  -163.985428 64.756912 -59.865524
v  -164.075699 64.757034 -59.865074
v  -164.165543 64.754425 -59.874794
v  -164.254028 64.749100 -59.894676
v  -164.340225 64.741043 -59.924732
v  -164.422150 64.730415 -59.964405
v  -164.498016 64.717476 -60.012691
v  -164.567169 64.702408 -60.068928
v  -164.628998 64.685387 -60.132458
v  -164.682831 64.666588 -60.202614
v  -164.728043 64.646187 -60.278740
v  -164.763962 64.624374 -60.360168
v  -163.302460 64.798027 -60.409737
v  -163.337509 64.798027 -60.325073
v  -163.381912 64.798027 -60.245804
v  -163.434998 64.798027 -60.172623
v  -163.496140 64.798027 -60.106224
v  -163.564713 64.798027 -60.047295
v  -163.640060 64.798027 -59.996529
v  -163.721542 64.798027 -59.954620
v  -163.807419 64.798027 -59.922623
v  -163.895691 64.798027 -59.901131
v  -163.985428 64.798027 -59.890148
v  -164.075699 64.798027 -59.889687
v  -164.165543 64.798027 -59.899746
v  -164.254028 64.798027 -59.920330
v  -164.340225 64.798027 -59.951447
v  -164.422150 64.798027 -59.992519
v  -164.498016 64.798027 -60.042511
v  -164.567169 64.798027 -60.100731
v  -164.628998 64.798027 -60.166500
v  -164.682831 64.798027 -60.239132
v  -164.728043 64.798027 -60.317944
v  -164.763962 64.798027 -60.402245
v  -163.302460 64.978592 -60.405178
v  -163.337509 64.956680 -60.323399
v  -163.381912 64.936165 -60.246834
v  -163.434998 64.917221 -60.176147
v  -163.496140 64.900040 -60.112007
v  -163.564713 64.884789 -60.055088
v  -163.640060 64.871643 -60.006050
v  -163.721542 64.860802 -59.965569
v  -163.807419 64.852516 -59.934662
v  -163.895691 64.846954 -59.913902
v  -163.985428 64.844116 -59.903297
v  -164.075699 64.843994 -59.902847
v  -164.165543 64.846596 -59.912567
v  -164.254028 64.851921 -59.932449
v  -164.340225 64.859978 -59.962505
v  -164.422150 64.870605 -60.002178
v  -164.498016 64.883545 -60.050465
v  -164.567169 64.898613 -60.106705
v  -164.628998 64.915634 -60.170231
v  -164.682831 64.934433 -60.240387
v  -164.728043 64.954834 -60.316513
v  -164.763962 64.976654 -60.397942
v  -163.302460 65.151825 -60.354042
v  -163.337509 65.109497 -60.280720
v  -163.381912 65.069862 -60.212074
v  -163.434998 65.033272 -60.148697
v  -163.496140 65.000069 -60.091190
v  -163.564713 64.970604 -60.040157
v  -163.640060 64.945221 -59.996193
v  -163.721542 64.924271 -59.959900
v  -163.807419 64.908272 -59.932186
v  -163.895691 64.897522 -59.913574
v  -163.985428 64.892029 -59.904068
v  -164.075699 64.891800 -59.903664
v  -164.165543 64.896828 -59.912376
v  -164.254028 64.907120 -59.930202
v  -164.340225 64.922684 -59.957153
v  -164.422150 64.943214 -59.992722
v  -164.498016 64.968208 -60.036015
v  -164.567169 64.997322 -60.086437
v  -164.628998 65.030205 -60.143394
v  -164.682831 65.066521 -60.206295
v  -164.728043 65.105927 -60.274548
v  -164.763962 65.148079 -60.347553
v  -163.302460 65.305923 -60.259811
v  -163.337509 65.246056 -60.199944
v  -163.381912 65.190002 -60.143894
v  -163.434998 65.138260 -60.092148
v  -163.496140 65.091309 -60.045197
v  -163.564713 65.049637 -60.003525
v  -163.640060 65.013741 -59.967628
v  -163.721542 64.984108 -59.937996
v  -163.807419 64.961479 -59.915367
v  -163.895691 64.946281 -59.900173
v  -163.985428 64.938515 -59.892406
v  -164.075699 64.938194 -59.892082
v  -164.165543 64.945305 -59.899193
v  -164.254028 64.959862 -59.913750
v  -164.340225 64.981865 -59.935753
v  -164.422150 65.010902 -59.964794
v  -164.498016 65.046249 -60.000141
v  -164.567169 65.087425 -60.041313
v  -164.628998 65.133926 -60.087818
v  -164.682831 65.185287 -60.139175
v  -164.728043 65.241013 -60.194904
v  -164.763962 65.300621 -60.254513
v  -163.302460 65.430382 -60.128910
v  -163.337509 65.357056 -60.086578
v  -163.381912 65.288406 -60.046944
v  -163.434998 65.225037 -60.010353
v  -163.496140 65.167526 -59.977154
v  -163.564713 65.116493 -59.947689
v  -163.640060 65.072533 -59.922306
v  -163.721542 65.036240 -59.901352
v  -163.807419 65.008522 -59.885349
v  -163.895691 64.989914 -59.874603
v  -163.985428 64.980400 -59.869114
v  -164.075699 64.980003 -59.868885
v  -164.165543 64.988716 -59.873913
v  -164.254028 65.006538 -59.884205
v  -164.340225 65.033485 -59.899765
v  -164.422150 65.069061 -59.920300
v  -164.498016 65.112350 -59.945293
v  -164.567169 65.162773 -59.974407
v  -164.628998 65.219727 -60.007290
v  -164.682831 65.282631 -60.043606
v  -164.728043 65.350883 -60.083012
v  -164.763962 65.423889 -60.125160
v  -163.302460 65.516716 -59.970253
v  -163.337509 65.434937 -59.948341
v  -163.381912 65.358368 -59.927826
v  -163.434998 65.287682 -59.908886
v  -163.496140 65.223541 -59.891701
v  -163.564713 65.166626 -59.876450
v  -163.640060 65.117584 -59.863308
v  -163.721542 65.077103 -59.852463
v  -163.807419 65.046196 -59.844181
v  -163.895691 65.025436 -59.838615
v  -163.985428 65.014832 -59.835777
v  -164.075699 65.014381 -59.835655
v  -164.165543 65.024101 -59.838261
v  -164.254028 65.043983 -59.843586
v  -164.340225 65.074043 -59.851643
v  -164.422150 65.113716 -59.862270
v  -164.498016 65.162003 -59.875210
v  -164.567169 65.218239 -59.890278
v  -164.628998 65.281769 -59.907299
v  -164.682831 65.351921 -59.926098
v  -164.728043 65.428047 -59.946495
v  -164.763962 65.509476 -59.968315
v  -163.302460 65.559044 -59.794662
v  -163.337509 65.474380 -59.794662
v  -163.381912 65.395111 -59.794662
v  -163.434998 65.321930 -59.794662
v  -163.496140 65.255531 -59.794662
v  -163.564713 65.196602 -59.794662
v  -163.640060 65.145836 -59.794662
v  -163.721542 65.103928 -59.794662
v  -163.807419 65.071930 -59.794662
v  -163.895691 65.050438 -59.794662
v  -163.985428 65.039459 -59.794662
v  -164.075699 65.038994 -59.794662
v  -164.165543 65.049057 -59.794662
v  -164.254028 65.069641 -59.794662
v  -164.340225 65.100754 -59.794662
v  -164.422150 65.141830 -59.794662
v  -164.498016 65.191818 -59.794662
v  -164.567169 65.250038 -59.794662
v  -164.628998 65.315811 -59.794662
v  -164.682831 65.388443 -59.794662
v  -164.728043 65.467255 -59.794662
v  -164.763962 65.551552 -59.794662
v  -163.302460 65.554489 -59.614094
v  -163.337509 65.472710 -59.636005
v  -163.381912 65.396141 -59.656525
v  -163.434998 65.325455 -59.675465
v  -163.496140 65.261314 -59.692650
v  -163.564713 65.204399 -59.707901
v  -163.640060 65.155357 -59.721039
v  -163.721542 65.114876 -59.731888
v  -163.807419 65.083969 -59.740170
v  -163.895691 65.063210 -59.745731
v  -163.985428 65.052605 -59.748573
v  -164.075699 65.052155 -59.748695
v  -164.165543 65.061874 -59.746090
v  -164.254028 65.081757 -59.740761
v  -164.340225 65.111816 -59.732708
v  -164.422150 65.151489 -59.722080
v  -164.498016 65.199776 -59.709141
v  -164.567169 65.256012 -59.694073
v  -164.628998 65.319542 -59.677048
v  -164.682831 65.389694 -59.658249
v  -164.728043 65.465820 -59.637852
v  -164.763962 65.547249 -59.616035
v  -163.302460 65.503349 -59.440861
v  -163.337509 65.430031 -59.483192
v  -163.381912 65.361382 -59.522827
v  -163.434998 65.298004 -59.559418
v  -163.496140 65.240501 -59.592617
v  -163.564713 65.189468 -59.622082
v  -163.640060 65.145500 -59.647465
v  -163.721542 65.109207 -59.668419
v  -163.807419 65.081497 -59.684418
v  -163.895691 65.062881 -59.695164
v  -163.985428 65.053375 -59.700653
v  -164.075699 65.052971 -59.700886
v  -164.165543 65.061684 -59.695858
v  -164.254028 65.079514 -59.685562
v  -164.340225 65.106461 -59.670006
v  -164.422150 65.142029 -59.649471
v  -164.498016 65.185326 -59.624474
v  -164.567169 65.235741 -59.595364
v  -164.628998 65.292702 -59.562477
v  -164.682831 65.355606 -59.526161
v  -164.728043 65.423851 -59.486759
v  -164.763962 65.496864 -59.444607
v  -163.302460 65.409119 -59.286762
v  -163.337509 65.349251 -59.346630
v  -163.381912 65.293205 -59.402683
v  -163.434998 65.241455 -59.454430
v  -163.496140 65.194504 -59.501381
v  -163.564713 65.152832 -59.543049
v  -163.640060 65.116936 -59.578945
v  -163.721542 65.087303 -59.608582
v  -163.807419 65.064674 -59.631207
v  -163.895691 65.049477 -59.646404
v  -163.985428 65.041718 -59.654167
v  -164.075699 65.041389 -59.654495
v  -164.165543 65.048500 -59.647385
v  -164.254028 65.063057 -59.632828
v  -164.340225 65.085060 -59.610825
v  -164.422150 65.114105 -59.581783
v  -164.498016 65.149452 -59.546432
v  -164.567169 65.190620 -59.505264
v  -164.628998 65.237129 -59.458759
v  -164.682831 65.288483 -59.407398
v  -164.728043 65.344208 -59.351673
v  -164.763962 65.403824 -59.292065
v  -163.302460 65.278221 -59.162308
v  -163.337509 65.235886 -59.235630
v  -163.381912 65.196251 -59.304276
v  -163.434998 65.159660 -59.367653
v  -163.496140 65.126457 -59.425159
v  -163.564713 65.097000 -59.476192
v  -163.640060 65.071617 -59.520157
v  -163.721542 65.050659 -59.556450
v  -163.807419 65.034660 -59.584164
v  -163.895691 65.023911 -59.602776
v  -163.985428 65.018425 -59.612282
v  -164.075699 65.018188 -59.612686
v  -164.165543 65.023224 -59.603973
v  -164.254028 65.033516 -59.586147
v  -164.340225 65.049072 -59.559196
v  -164.422150 65.069611 -59.523628
v  -164.498016 65.094604 -59.480335
v  -164.567169 65.123718 -59.429916
v  -164.628998 65.156601 -59.372955
v  -164.682831 65.192917 -59.310055
v  -164.728043 65.232323 -59.241806
v  -164.763962 65.274467 -59.168797
v  -163.302460 65.119560 -59.075970
v  -163.337509 65.097649 -59.157749
v  -163.381912 65.077133 -59.234318
v  -163.434998 65.058197 -59.305004
v  -163.496140 65.041008 -59.369144
v  -163.564713 65.025757 -59.426064
v  -163.640060 65.012619 -59.475098
v  -163.721542 65.001770 -59.515579
v  -163.807419 64.993492 -59.546490
v  -163.895691 64.987923 -59.567249
v  -163.985428 64.985085 -59.577854
v  -164.075699 64.984962 -59.578300
v  -164.165543 64.987564 -59.568584
v  -164.254028 64.992897 -59.548702
v  -164.340225 65.000946 -59.518646
v  -164.422150 65.011581 -59.478973
v  -164.498016 65.024521 -59.430687
v  -164.567169 65.039589 -59.374447
v  -164.628998 65.056610 -59.310921
v  -164.682831 65.075409 -59.240761
v  -164.728043 65.095802 -59.164639
v  -164.763962 65.117622 -59.083210
# 528 vertices

vt  0.000000 0.000000 0.000000
vt  0.048023 0.000000 0.000000
vt  0.095636 0.000000 0.000000
vt  0.143015 0.000000 0.000000
vt  0.190319 0.000000 0.000000
vt  0.237698 0.000000 0.000000
vt  0.285310 0.000000 0.000000
vt  0.333333 0.000000 0.000000
vt  0.381357 0.000000 0.000000
vt  0.428969 0.000000 0.000000
vt  0.476348 0.000000 0.000000
vt  0.523652 0.000000 0.000000
vt  0.571031 0.000000 0.000000
vt  0.618643 0.000000 0.000000
vt  0.666667 0.000000 0.000000
vt  0.714690 0.000000 0.000000
vt  0.762302 0.000000 0.000000
vt  0.809681 0.000000 0.000000
vt  0.856985 0.000000 0.000000
vt  0.904364 0.000000 0.000000
vt  0.951977 0.000000 0.000000
vt  1.000000 0.000000 0.000000
vt  0.000000 0.041667 0.000000
vt  0.048023 0.041667 0.000000
vt  0.095636 0.041667 0.000000
vt  0.143015 0.041667 0.000000
vt  0.190319 0.041667 0.000000
vt  0.237698 0.041667 0.000000
vt  0.285310 0.041667 0.000000
vt  0.333333 0.041667 0.000000
vt  0.381357 0.041667 0.000000
vt  0.428969 0.041667 0.000000
vt  0.476348 0.041667 0.000000
vt  0.523652 0.041667 0.000000
vt  0.571031 0.041667 0.000000
vt  0.618643 0.041667 0.000000
vt  0.666667 0.041667 0.000000
vt  0.714690 0.041667 0.000000
vt  0.762302 0.041667 0.000000
vt  0.809681 0.041667 0.000000
vt  0.856985 0.041667 0.000000
vt  0.904364 0.041667 0.000000
vt  0.951977 0.041667 0.000000
vt  1.000000 0.041667 0.000000
vt  0.000000 0.083333 0.000000
vt  0.048023 0.083333 0.000000
vt  0.095636 0.083333 0.000000
vt  0.143015 0.083333 0.000000
vt  0.190319 0.083333 0.000000
vt  0.237698 0.083333 0.000000
vt  0.285310 0.083333 0.000000
vt  0.333333 0.083333 0.000000
vt  0.381357 0.083333 0.000000
vt  0.428969 0.083333 0.000000
vt  0.476348 0.083333 0.000000
vt  0.523652 0.083333 0.000000
vt  0.571031 0.083333 0.000000
vt  0.618643 0.083333 0.000000
vt  0.666667 0.083333 0.000000
vt  0.714690 0.083333 0.000000
vt  0.762302 0.083333 0.000000
vt  0.809681 0.083333 0.000000
vt  0.856985 0.083333 0.000000
vt  0.904364 0.083333 0.000000
vt  0.951977 0.083333 0.000000
vt  1.000000 0.083333 0.000000
vt  0.000000 0.125000 0.000000
vt  0.048023 0.125000 0.000000
vt  0.095636 0.125000 0.000000
vt  0.143015 0.125000 0.000000
vt  0.190319 0.125000 0.000000
vt  0.237698 0.125000 0.000000
vt  0.285310 0.125000 0.000000
vt  0.333333 0.125000 0.000000
vt  0.381357 0.125000 0.000000
vt  0.428969 0.125000 0.000000
vt  0.476348 0.125000 0.000000
vt  0.523652 0.125000 0.000000
vt  0.571031 0.125000 0.000000
vt  0.618643 0.125000 0.000000
vt  0.666667 0.125000 0.000000
vt  0.714690 0.125000 0.000000
vt  0.762302 0.125000 0.000000
vt  0.809681 0.125000 0.000000
vt  0.856985 0.125000 0.000000
vt  0.904364 0.125000 0.000000
vt  0.951977 0.125000 0.000000
vt  1.000000 0.125000 0.000000
vt  0.000000 0.166667 0.000000
vt  0.048023 0.166667 0.000000
vt  0.095636 0.166667 0.000000
vt  0.143015 0.166667 0.000000
vt  0.190319 0.166667 0.000000
vt  0.237698 0.166667 0.000000
vt  0.285310 0.166667 0.000000
vt  0.333333 0.166667 0.000000
vt  0.381357 0.166667 0.000000
vt  0.428969 0.166667 0.000000
vt  0.476348 0.166667 0.000000
vt  0.523652 0.166667 0.000000
vt  0.571031 0.166667 0.000000
vt  0.618643 0.166667 0.000000
vt  0.666667 0.166667 0.000000
vt  0.714690 0.166667 0.000000
vt  0.762302 0.166667 0.000000
vt  0.809681 0.166667 0.000000
vt  0.856985 0.166667 0.000000
vt  0.904364 0.166667 0.000000
vt  0.951977 0.166667 0.000000
vt  1.000000 0.166667 0.000000
vt  0.000000 0.208333 0.000000
vt  0.048023 0.208333 0.000000
vt  0.095636 0.208333 0.000000
vt  0.143015 0.208333 0.000000
vt  0.190319 0.208333 0.000000
vt  0.237698 0.208333 0.000000
vt  0.285310 0.208333 0.000000
vt  0.333333 0.208333 0.000000
vt  0.381357 0.208333 0.000000
vt  0.428969 0.208333 0.000000
vt  0.476348 0.208333 0.000000
vt  0.523652 0.208333 0.000000
vt  0.571031 0.208333 0.000000
vt  0.618643 0.208333 0.000000
vt  0.666667 0.208333 0.000000
vt  0.714690 0.208333 0.000000
vt  0.762302 0.208333 0.000000
vt  0.809681 0.208333 0.000000
vt  0.856985 0.208333 0.000000
vt  0.904364 0.208333 0.000000
vt  0.951977 0.208333 0.000000
vt  1.000000 0.208333 0.000000
vt  0.000000 0.250000 0.000000
vt  0.048023 0.250000 0.000000
vt  0.095636 0.250000 0.000000
vt  0.143015 0.250000 0.000000
vt  0.190319 0.250000 0.000000
vt  0.237698 0.250000 0.000000
vt  0.285310 0.250000 0.000000
vt  0.333333 0.250000 0.000000
vt  0.381357 0.250000 0.000000
vt  0.428969 0.250000 0.000000
vt  0.476348 0.250000 0.000000
vt  0.523652 0.250000 0.000000
vt  0.571031 0.250000 0.000000
vt  0.618643 0.250000 0.000000
vt  0.666667 0.250000 0.000000
vt  0.714690 0.250000 0.000000
vt  0.762302 0.250000 0.000000
vt  0.809681 0.250000 0.000000
vt  0.856985 0.250000 0.000000
vt  0.904364 0.250000 0.000000
vt  0.951977 0.250000 0.000000
vt  1.000000 0.250000 0.000000
vt  0.000000 0.291667 0.000000
vt  0.048023 0.291667 0.000000
vt  0.095636 0.291667 0.000000
vt  0.143015 0.291667 0.000000
vt  0.190319 0.291667 0.000000
vt  0.237698 0.291667 0.000000
vt  0.285310 0.291667 0.000000
vt  0.333333 0.291667 0.000000
vt  0.381357 0.291667 0.000000
vt  0.428969 0.291667 0.000000
vt  0.476348 0.291667 0.000000
vt  0.523652 0.291667 0.000000
vt  0.571031 0.291667 0.000000
vt  0.618643 0.291667 0.000000
vt  0.666667 0.291667 0.000000
vt  0.714690 0.291667 0.000000
vt  0.762302 0.291667 0.000000
vt  0.809681 0.291667 0.000000
vt  0.856985 0.291667 0.000000
vt  0.904364 0.291667 0.000000
vt  0.951977 0.291667 0.000000
vt  1.000000 0.291667 0.000000
vt  0.000000 0.333333 0.000000
vt  0.048023 0.333333 0.000000
vt  0.095636 0.333333 0.000000
vt  0.143015 0.333333 0.000000
vt  0.190319 0.333333 0.000000
vt  0.237698 0.333333 0.000000
vt  0.285310 0.333333 0.000000
vt  0.333333 0.333333 0.000000
vt  0.381357 0.333333 0.000000
vt  0.428969 0.333333 0.000000
vt  0.476348 0.333333 0.000000
vt  0.523652 0.333333 0.000000
vt  0.571031 0.333333 0.000000
vt  0.618643 0.333333 0.000000
vt  0.666667 0.333333 0.000000
vt  0.714690 0.333333 0.000000
vt  0.762302 0.333333 0.000000
vt  0.809681 0.333333 0.000000
vt  0.856985 0.333333 0.000000
vt  0.904364 0.333333 0.000000
vt  0.951977 0.333333 0.000000
vt  1.000000 0.333333 0.000000
vt  0.000000 0.375000 0.000000
vt  0.048023 0.375000 0.000000
vt  0.095636 0.375000 0.000000
vt  0.143015 0.375000 0.000000
vt  0.190319 0.375000 0.000000
vt  0.237698 0.375000 0.000000
vt  0.285310 0.375000 0.000000
vt  0.333333 0.375000 0.000000
vt  0.381357 0.375000 0.000000
vt  0.428969 0.375000 0.000000
vt  0.476348 0.375000 0.000000
vt  0.523652 0.375000 0.000000
vt  0.571031 0.375000 0.000000
vt  0.618643 0.375000 0.000000
vt  0.666667 0.375000 0.000000
vt  0.714690 0.375000 0.000000
vt  0.762302 0.375000 0.000000
vt  0.809681 0.375000 0.000000
vt  0.856985 0.375000 0.000000
vt  0.904364 0.375000 0.000000
vt  0.951977 0.375000 0.000000
vt  1.000000 0.375000 0.000000
vt  0.000000 0.416667 0.000000
vt  0.048023 0.416667 0.000000
vt  0.095636 0.416667 0.000000
vt  0.143015 0.416667 0.000000
vt  0.190319 0.416667 0.000000
vt  0.237698 0.416667 0.000000
vt  0.285310 0.416667 0.000000
vt  0.333333 0.416667 0.000000
vt  0.381357 0.416667 0.000000
vt  0.428969 0.416667 0.000000
vt  0.476348 0.416667 0.000000
vt  0.523652 0.416667 0.000000
vt  0.571031 0.416667 0.000000
vt  0.618643 0.416667 0.000000
vt  0.666667 0.416667 0.000000
vt  0.714690 0.416667 0.000000
vt  0.762302 0.416667 0.000000
vt  0.809681 0.416667 0.000000
vt  0.856985 0.416667 0.000000
vt  0.904364 0.416667 0.000000
vt  0.951977 0.416667 0.000000
vt  1.000000 0.416667 0.000000
vt  0.000000 0.458333 0.000000
vt  0.048023 0.458333 0.000000
vt  0.095636 0.458333 0.000000
vt  0.143015 0.458333 0.000000
vt  0.190319 0.458333 0.000000
vt  0.237698 0.458333 0.000000
vt  0.285310 0.458333 0.000000
vt  0.333333 0.458333 0.000000
vt  0.381357 0.458333 0.000000
vt  0.428969 0.458333 0.000000
vt  0.476348 0.458333 0.000000
vt  0.523652 0.458333 0.000000
vt  0.571031 0.458333 0.000000
vt  0.618643 0.458333 0.000000
vt  0.666667 0.458333 0.000000
vt  0.714690 0.458333 0.000000
vt  0.762302 0.458333 0.000000
vt  0.809681 0.458333 0.000000
vt  0.856985 0.458333 0.000000
vt  0.904364 0.458333 0.000000
vt  0.951977 0.458333 0.000000
vt  1.000000 0.458333 0.000000
vt  0.000000 0.500000 0.000000
vt  0.048023 0.500000 0.000000
vt  0.095636 0.500000 0.000000
vt  0.143015 0.500000 0.000000
vt  0.190319 0.500000 0.000000
vt  0.237698 0.500000 0.000000
vt  0.285310 0.500000 0.000000
vt  0.333333 0.500000 0.000000
vt  0.381357 0.500000 0.000000
vt  0.428969 0.500000 0.000000
vt  0.476348 0.500000 0.000000
vt  0.523652 0.500000 0.000000
vt  0.571031 0.500000 0.000000
vt  0.618643 0.500000 0.000000
vt  0.666667 0.500000 0.000000
vt  0.714690 0.500000 0.000000
vt  0.762302 0.500000 0.000000
vt  0.809681 0.500000 0.000000
vt  0.856985 0.500000 0.000000
vt  0.904364 0.500000 0.000000
vt  0.951977 0.500000 0.000000
vt  1.000000 0.500000 0.000000
vt  0.000000 0.541667 0.000000
vt  0.048023 0.541667 0.000000
vt  0.095636 0.541667 0.000000
vt  0.143015 0.541667 0.000000
vt  0.190319 0.541667 0.000000
vt  0.237698 0.541667 0.000000
vt  0.285310 0.541667 0.000000
vt  0.333333 0.541667 0.000000
vt  0.381357 0.541667 0.000000
vt  0.428969 0.541667 0.000000
vt  0.476348 0.541667 0.000000
vt  0.523652 0.541667 0.000000
vt  0.571031 0.541667 0.000000
vt  0.618643 0.541667 0.000000
vt  0.666667 0.541667 0.000000
vt  0.714690 0.541667 0.000000
vt  0.762302 0.541667 0.000000
vt  0.809681 0.541667 0.000000
vt  0.856985 0.541667 0.000000
vt  0.904364 0.541667 0.000000
vt  0.951977 0.541667 0.000000
vt  1.000000 0.541667 0.000000
vt  0.000000 0.583333 0.000000
vt  0.048023 0.583333 0.000000
vt  0.095636 0.583333 0.000000
vt  0.143015 0.583333 0.000000
vt  0.190319 0.583333 0.000000
vt  0.237698 0.583333 0.000000
vt  0.285310 0.583333 0.000000
vt  0.333333 0.583333 0.000000
vt  0.381357 0.583333 0.000000
vt  0.428969 0.583333 0.000000
vt  0.476348 0.583333 0.000000
vt  0.523652 0.583333 0.000000
vt  0.571031 0.583333 0.000000
vt  0.618643 0.583333 0.000000
vt  0.666667 0.583333 0.000000
vt  0.714690 0.583333 0.000000
vt  0.762302 0.583333 0.000000
vt  0.809681 0.583333 0.000000
vt  0.856985 0.583333 0.000000
vt  0.904364 0.583333 0.000000
vt  0.951977 0.583333 0.000000
vt  1.000000 0.583333 0.000000
vt  0.000000 0.625000 0.000000
vt  0.048023 0.625000 0.000000
vt  0.095636 0.625000 0.000000
vt  0.143015 0.625000 0.000000
vt  0.190319 0.625000 0.000000
vt  0.237698 0.625000 0.000000
vt  0.285310 0.625000 0.000000
vt  0.333333 0.625000 0.000000
vt  0.381357 0.625000 0.000000
vt  0.428969 0.625000 0.000000
vt  0.476348 0.625000 0.000000
vt  0.523652 0.625000 0.000000
vt  0.571031 0.625000 0.000000
vt  0.618643 0.625000 0.000000
vt  0.666667 0.625000 0.000000
vt  0.714690 0.625000 0.000000
vt  0.762302 0.625000 0.000000
vt  0.809681 0.625000 0.000000
vt  0.856985 0.625000 0.000000
vt  0.904364 0.625000 0.000000
vt  0.951977 0.625000 0.000000
vt  1.000000 0.625000 0.000000
vt  0.000000 0.666667 0.000000
vt  0.048023 0.666667 0.000000
vt  0.095636 0.666667 0.000000
vt  0.143015 0.666667 0.000000
vt  0.190319 0.666667 0.000000
vt  0.237698 0.666667 0.000000
vt  0.285310 0.666667 0.000000
vt  0.333333 0.666667 0.000000
vt  0.381357 0.666667 0.000000
vt  0.428969 0.666667 0.000000
vt  0.476348 0.666667 0.000000
vt  0.523652 0.666667 0.000000
vt  0.571031 0.666667 0.000000
vt  0.618643 0.666667 0.000000
vt  0.666667 0.666667 0.000000
vt  0.714690 0.666667 0.000000
vt  0.762302 0.666667 0.000000
vt  0.809681 0.666667 0.000000
vt  0.856985 0.666667 0.000000
vt  0.904364 0.666667 0.000000
vt  0.951977 0.666667 0.000000
vt  1.000000 0.666667 0.000000
vt  0.000000 0.708333 0.000000
vt  0.048023 0.708333 0.000000
vt  0.095636 0.708333 0.000000
vt  0.143015 0.708333 0.000000
vt  0.190319 0.708333 0.000000
vt  0.237698 0.708333 0.000000
vt  0.285310 0.708333 0.000000
vt  0.333333 0.708333 0.000000
vt  0.381357 0.708333 0.000000
vt  0.428969 0.708333 0.000000
vt  0.476348 0.708333 0.000000
vt  0.523652 0.708333 0.000000
vt  0.571031 0.708333 0.000000
vt  0.618643 0.708333 0.000000
vt  0.666667 0.708333 0.000000
vt  0.714690 0.708333 0.000000
vt  0.762302 0.708333 0.000000
vt  0.809681 0.708333 0.000000
vt  0.856985 0.708333 0.000000
vt  0.904364 0.708333 0.000000
vt  0.951977 0.708333 0.000000
vt  1.000000 0.708333 0.000000
vt  0.000000 0.750000 0.000000
vt  0.048023 0.750000 0.000000
vt  0.095636 0.750000 0.000000
vt  0.143015 0.750000 0.000000
vt  0.190319 0.750000 0.000000
vt  0.237698 0.750000 0.000000
vt  0.285310 0.750000 0.000000
vt  0.333333 0.750000 0.000000
vt  0.381357 0.750000 0.000000
vt  0.428969 0.750000 0.000000
vt  0.476348 0.750000 0.000000
vt  0.523652 0.750000 0.000000
vt  0.571031 0.750000 0.000000
vt  0.618643 0.750000 0.000000
vt  0.666667 0.750000 0.000000
vt  0.714690 0.750000 0.000000
vt  0.762302 0.750000 0.000000
vt  0.809681 0.750000 0.000000
vt  0.856985 0.750000 0.000000
vt  0.904364 0.750000 0.000000
vt  0.951977 0.750000 0.000000
vt  1.000000 0.750000 0.000000
vt  0.000000 0.791667 0.000000
vt  0.048023 0.791667 0.000000
vt  0.095636 0.791667 0.000000
vt  0.143015 0.791667 0.000000
vt  0.190319 0.791667 0.000000
vt  0.237698 0.791667 0.000000
vt  0.285310 0.791667 0.000000
vt  0.333333 0.791667 0.000000
vt  0.381357 0.791667 0.000000
vt  0.428969 0.791667 0.000000
vt  0.476348 0.791667 0.000000
vt  0.523652 0.791667 0.000000
vt  0.571031 0.791667 0.000000
vt  0.618643 0.791667 0.000000
vt  0.666667 0.791667 0.000000
vt  0.714690 0.791667 0.000000
vt  0.762302 0.791667 0.000000
vt  0.809681 0.791667 0.000000
vt  0.856985 0.791667 0.000000
vt  0.904364 0.791667 0.000000
vt  0.951977 0.791667 0.000000
vt  1.000000 0.791667 0.000000
vt  0.000000 0.833333 0.000000
vt  0.048023 0.833333 0.000000
vt  0.095636 0.833333 0.000000
vt  0.143015 0.833333 0.000000
vt  0.190319 0.833333 0.000000
vt  0.237698 0.833333 0.000000
vt  0.285310 0.833333 0.000000
vt  0.333333 0.833333 0.000000
vt  0.381357 0.833333 0.000000
vt  0.428969 0.833333 0.000000
vt  0.476348 0.833333 0.000000
vt  0.523652 0.833333 0.000000
vt  0.571031 0.833333 0.000000
vt  0.618643 0.833333 0.000000
vt  0.666667 0.833333 0.000000
vt  0.714690 0.833333 0.000000
vt  0.762302 0.833333 0.000000
vt  0.809681 0.833333 0.000000
vt  0.856985 0.833333 0.000000
vt  0.904364 0.833333 0.000000
vt  0.951977 0.833333 0.000000
vt  1.000000 0.833333 0.000000
vt  0.000000 0.875000 0.000000
vt  0.048023 0.875000 0.000000
vt  0.095636 0.875000 0.000000
vt  0.143015 0.875000 0.000000
vt  0.190319 0.875000 0.000000
vt  0.237698 0.875000 0.000000
vt  0.285310 0.875000 0.000000
vt  0.333333 0.875000 0.000000
vt  0.381357 0.875000 0.000000
vt  0.428969 0.875000 0.000000
vt  0.476348 0.875000 0.000000
vt  0.523652 0.875000 0.000000
vt  0.571031 0.875000 0.000000
vt  0.618643 0.875000 0.000000
vt  0.666667 0.875000 0.000000
vt  0.714690 0.875000 0.000000
vt  0.762302 0.875000 0.000000
vt  0.809681 0.875000 0.000000
vt  0.856985 0.875000 0.000000
vt  0.904364 0.875000 0.000000
vt  0.951977 0.875000 0.000000
vt  1.000000 0.875000 0.000000
vt  0.000000 0.916667 0.000000
vt  0.048023 0.916667 0.000000
vt  0.095636 0.916667 0.000000
vt  0.143015 0.916667 0.000000
vt  0.190319 0.916667 0.000000
vt  0.237698 0.916667 0.000000
vt  0.285310 0.916667 0.000000
vt  0.333333 0.916667 0.000000
vt  0.381357 0.916667 0.000000
vt  0.428969 0.916667 0.000000
vt  0.476348 0.916667 0.000000
vt  0.523652 0.916667 0.000000
vt  0.571031 0.916667 0.000000
vt  0.618643 0.916667 0.000000
vt  0.666667 0.916667 0.000000
vt  0.714690 0.916667 0.000000
vt  0.762302 0.916667 0.000000
vt  0.809681 0.916667 0.000000
vt  0.856985 0.916667 0.000000
vt  0.904364 0.916667 0.000000
vt  0.951977 0.916667 0.000000
vt  1.000000 0.916667 0.000000
vt  0.000000 0.958333 0.000000
vt  0.048023 0.958333 0.000000
vt  0.095636 0.958333 0.000000
vt  0.143015 0.958333 0.000000
vt  0.190319 0.958333 0.000000
vt  0.237698 0.958333 0.000000
vt  0.285310 0.958333 0.000000
vt  0.333333 0.958333 0.000000
vt  0.381357 0.958333 0.000000
vt  0.428969 0.958333 0.000000
vt  0.476348 0.958333 0.000000
vt  0.523652 0.958333 0.000000
vt  0.571031 0.958333 0.000000
vt  0.618643 0.958333 0.000000
vt  0.666667 0.958333 0.000000
vt  0.714690 0.958333 0.000000
vt  0.762302 0.958333 0.000000
vt  0.809681 0.958333 0.000000
vt  0.856985 0.958333 0.000000
vt  0.904364 0.958333 0.000000
vt  0.951977 0.958333 0.000000
vt  1.000000 0.958333 0.000000
vt  0.000000 1.000000 0.000000
vt  0.048023 1.000000 0.000000
vt  0.095636 1.000000 0.000000
vt  0.143015 1.000000 0.000000
vt  0.190319 1.000000 0.000000
vt  0.237698 1.000000 0.000000
vt  0.285310 1.000000 0.000000
vt  0.333333 1.000000 0.000000
vt  0.381357 1.000000 0.000000
vt  0.428969 1.000000 0.000000
vt  0.476348 1.000000 0.000000
vt  0.523652 1.000000 0.000000
vt  0.571031 1.000000 0.000000
vt  0.618643 1.000000 0.000000
vt  0.666667 1.000000 0.000000
vt  0.714690 1.000000 0.000000
vt  0.762302 1.000000 0.000000
vt  0.809681 1.000000 0.000000
vt  0.856985 1.000000 0.000000
vt  0.904364 1.000000 0.000000
vt  0.951977 1.000000 0.000000
vt  1.000000 1.000000 0.000000
# 550 texture vertices

vn  1.198938 -0.033803 -0.501209
vn  1.167836 -0.066472 -0.567050
vn  1.091818 -0.095697 -0.698986
vn  1.000530 -0.131510 -0.819421
vn  0.894919 -0.175245 -0.926398
vn  0.776029 -0.227959 -1.017654
vn  0.645363 -0.289601 -1.090616
vn  0.505745 -0.357468 -1.142910
vn  0.361763 -0.424374 -1.174240
vn  0.218184 -0.479375 -1.188444
vn  0.077255 -0.511367 -1.192619
vn  -0.062273 -0.513132 -1.192737
vn  -0.203291 -0.484368 -1.189061
vn  -0.347216 -0.431807 -1.175921
vn  -0.491941 -0.366335 -1.146123
vn  -0.632651 -0.299011 -1.095514
vn  -0.764609 -0.237344 -1.024132
vn  -0.884876 -0.184369 -0.934242
vn  -0.991893 -0.140336 -0.828408
vn  -1.084602 -0.104278 -0.708921
vn  -1.162062 -0.074882 -0.577764
vn  -1.195294 -0.079668 -0.504709
vn  1.198938 0.097071 -0.492879
vn  1.167836 0.082556 -0.564933
vn  1.091818 0.088475 -0.699937
vn  1.000530 0.085053 -0.825537
vn  0.894919 0.070495 -0.940189
vn  0.776029 0.043197 -1.041978
vn  0.645363 0.002539 -1.128408
vn  0.505744 -0.049481 -1.196486
vn  0.361763 -0.105999 -1.244065
vn  0.218184 -0.155449 -1.272021
vn  0.077256 -0.185270 -1.284333
vn  -0.062273 -0.186944 -1.284904
vn  -0.203291 -0.160112 -1.273908
vn  -0.347216 -0.112743 -1.247612
vn  -0.491941 -0.057215 -1.201884
vn  -0.632650 -0.005283 -1.135575
vn  -0.764609 0.035808 -1.050664
vn  -0.884876 0.063713 -0.950126
vn  -0.991893 0.078854 -0.836502
vn  -1.084602 0.082757 -0.711755
vn  -1.162062 0.077206 -0.577458
vn  -1.195294 0.053675 -0.508131
vn  1.198938 0.221330 -0.450961
vn  1.167836 0.225959 -0.524316
vn  1.091818 0.266617 -0.653188
vn  1.000530 0.295820 -0.775394
vn  0.894919 0.311432 -0.889907
vn  0.776029 0.311409 -0.995293
vn  0.645363 0.294507 -1.089301
vn  0.505744 0.261880 -1.168523
vn  0.361763 0.219601 -1.229108
vn  0.218184 0.179071 -1.268911
vn  0.077256 0.153452 -1.288522
vn  -0.062273 0.151984 -1.289507
vn  -0.203290 0.175056 -1.271941
vn  -0.347216 0.214005 -1.234280
vn  -0.491941 0.255806 -1.175739
vn  -0.632651 0.288806 -1.098248
vn  -0.764609 0.306520 -1.005596
vn  -0.884876 0.307453 -0.901261
vn  -0.991893 0.292670 -0.787590
vn  -1.084602 0.264153 -0.666083
vn  -1.162062 0.224032 -0.537799
vn  -1.195294 0.183359 -0.476925
vn  1.198938 0.330506 -0.378310
vn  1.167836 0.353962 -0.447968
vn  1.091817 0.426590 -0.561926
vn  1.000529 0.486427 -0.672410
vn  0.894919 0.531146 -0.778980
vn  0.776029 0.558399 -0.880781
vn  0.645363 0.566403 -0.975961
vn  0.505744 0.555391 -1.060928
vn  0.361763 0.530236 -1.130390
vn  0.218184 0.501389 -1.179326
vn  0.077255 0.481718 -1.204900
vn  -0.062273 0.480554 -1.206232
vn  -0.203290 0.498293 -1.183293
vn  -0.347216 0.526168 -1.136835
vn  -0.491941 0.551393 -1.069469
vn  -0.632650 0.563213 -0.986078
vn  -0.764610 0.556343 -0.891997
vn  -0.884876 0.530241 -0.790976
vn  -0.991893 0.486541 -0.685005
vn  -1.084602 0.427547 -0.575019
vn  -1.162062 0.355591 -0.461490
vn  -1.195294 0.300549 -0.413217
vn  1.198938 0.417158 -0.279878
vn  1.167836 0.457844 -0.341091
vn  1.091817 0.557491 -0.432369
vn  1.000529 0.643885 -0.523602
vn  0.894919 0.714662 -0.614966
vn  0.776029 0.767335 -0.706245
vn  0.645363 0.799701 -0.796110
vn  0.505744 0.811056 -0.881031
vn  0.361763 0.804734 -0.954639
vn  0.218184 0.789536 -1.009373
vn  0.077255 0.777155 -1.039166
vn  -0.062273 0.776376 -1.040753
vn  -0.203290 0.787573 -1.014005
vn  -0.347216 0.802473 -0.961916
vn  -0.491941 0.809403 -0.890317
vn  -0.632650 0.799237 -0.806708
vn  -0.764609 0.768252 -0.717612
vn  -0.884876 0.716893 -0.626789
vn  -0.991893 0.647254 -0.535738
vn  -1.084602 0.561804 -0.444768
vn  -1.162062 0.462916 -0.353731
vn  -1.195294 0.397256 -0.321349
vn  1.198938 0.475382 -0.162373
vn  1.167836 0.530524 -0.210970
vn  1.091818 0.650401 -0.273347
vn  1.000529 0.757463 -0.339111
vn  0.894919 0.849475 -0.409043
vn  0.776029 0.923978 -0.483579
vn  0.645363 0.978500 -0.562005
vn  0.505744 1.011447 -0.641095
vn  0.361763 1.024392 -0.713830
vn  0.218184 1.023878 -0.770633
vn  0.077255 1.019630 -0.802616
vn  -0.062273 1.019288 -0.804350
vn  -0.203291 1.023181 -0.775615
vn  -0.347216 1.024092 -0.721444
vn  -0.491941 1.012255 -0.650492
vn  -0.632651 0.980795 -0.572363
vn  -0.764610 0.927806 -0.494322
vn  -0.884876 0.854690 -0.419886
vn  -0.991893 0.763859 -0.349962
vn  -1.084602 0.657776 -0.284207
vn  -1.162062 0.538695 -0.221867
vn  -1.195294 0.466891 -0.207582
vn  1.198938 0.501209 -0.033803
vn  1.167836 0.567050 -0.066472
vn  1.091817 0.698986 -0.095697
vn  1.000529 0.819421 -0.131510
vn  0.894919 0.926398 -0.175245
vn  0.776029 1.017654 -0.227958
vn  0.645362 1.090616 -0.289601
vn  0.505744 1.142910 -0.357468
vn  0.361763 1.174240 -0.424374
vn  0.218184 1.188444 -0.479375
vn  0.077255 1.192619 -0.511367
vn  -0.062273 1.192738 -0.513131
vn  -0.203291 1.189061 -0.484368
vn  -0.347216 1.175920 -0.431807
vn  -0.491941 1.146122 -0.366336
vn  -0.632651 1.095513 -0.299012
vn  -0.764610 1.024131 -0.237344
vn  -0.884876 0.934241 -0.184369
vn  -0.991893 0.828408 -0.140336
vn  -1.084602 0.708921 -0.104279
vn  -1.162062 0.577763 -0.074882
vn  -1.195294 0.504708 -0.079668
vn  1.198938 0.492880 0.097071
vn  1.167836 0.564933 0.082556
vn  1.091817 0.699937 0.088475
vn  1.000529 0.825538 0.085053
vn  0.894919 0.940189 0.070496
vn  0.776029 1.041978 0.043197
vn  0.645362 1.128409 0.002539
vn  0.505744 1.196486 -0.049481
vn  0.361763 1.244065 -0.105999
vn  0.218184 1.272021 -0.155449
vn  0.077255 1.284333 -0.185270
vn  -0.062273 1.284904 -0.186944
vn  -0.203291 1.273908 -0.160111
vn  -0.347216 1.247612 -0.112743
vn  -0.491941 1.201884 -0.057215
vn  -0.632651 1.135575 -0.005283
vn  -0.764610 1.050664 0.035808
vn  -0.884876 0.950126 0.063713
vn  -0.991893 0.836502 0.078854
vn  -1.084602 0.711754 0.082757
vn  -1.162062 0.577457 0.077205
vn  -1.195294 0.508131 0.053674
vn  1.198938 0.450961 0.221330
vn  1.167836 0.524316 0.225958
vn  1.091817 0.653188 0.266617
vn  1.000529 0.775395 0.295820
vn  0.894919 0.889907 0.311432
vn  0.776029 0.995293 0.311409
vn  0.645363 1.089302 0.294506
vn  0.505744 1.168524 0.261880
vn  0.361762 1.229109 0.219602
vn  0.218184 1.268911 0.179072
vn  0.077255 1.288522 0.153452
vn  -0.062273 1.289507 0.151984
vn  -0.203291 1.271941 0.175056
vn  -0.347217 1.234280 0.214005
vn  -0.491941 1.175739 0.255805
vn  -0.632651 1.098248 0.288805
vn  -0.764610 1.005596 0.306520
vn  -0.884876 0.901261 0.307453
vn  -0.991893 0.787590 0.292670
vn  -1.084603 0.666082 0.264153
vn  -1.162062 0.537798 0.224032
vn  -1.195294 0.476925 0.183359
vn  1.198938 0.378311 0.330506
vn  1.167836 0.447968 0.353962
vn  1.091817 0.561926 0.426590
vn  1.000529 0.672410 0.486427
vn  0.894919 0.778980 0.531146
vn  0.776029 0.880781 0.558399
vn  0.645362 0.975961 0.566404
vn  0.505744 1.060928 0.555392
vn  0.361762 1.130391 0.530236
vn  0.218183 1.179326 0.501388
vn  0.077255 1.204900 0.481719
vn  -0.062273 1.206231 0.480555
vn  -0.203291 1.183293 0.498293
vn  -0.347216 1.136835 0.526168
vn  -0.491942 1.069469 0.551393
vn  -0.632651 0.986078 0.563213
vn  -0.764610 0.891997 0.556343
vn  -0.884877 0.790976 0.530240
vn  -0.991893 0.685005 0.486540
vn  -1.084602 0.575018 0.427547
vn  -1.162062 0.461489 0.355590
vn  -1.195294 0.413217 0.300549
vn  1.198938 0.279879 0.417159
vn  1.167835 0.341092 0.457844
vn  1.091817 0.432369 0.557491
vn  1.000529 0.523602 0.643884
vn  0.894919 0.614966 0.714662
vn  0.776029 0.706245 0.767335
vn  0.645362 0.796110 0.799701
vn  0.505744 0.881032 0.811055
vn  0.361762 0.954639 0.804734
vn  0.218183 1.009373 0.789536
vn  0.077255 1.039167 0.777154
vn  -0.062273 1.040754 0.776375
vn  -0.203291 1.014006 0.787573
vn  -0.347217 0.961916 0.802473
vn  -0.491941 0.890317 0.809403
vn  -0.632651 0.806708 0.799237
vn  -0.764610 0.717612 0.768252
vn  -0.884876 0.626789 0.716892
vn  -0.991893 0.535738 0.647254
vn  -1.084602 0.444768 0.561805
vn  -1.162062 0.353731 0.462916
vn  -1.195294 0.321348 0.397256
vn  1.198938 0.162374 0.475382
vn  1.167835 0.210971 0.530525
vn  1.091817 0.273347 0.650401
vn  1.000529 0.339111 0.757463
vn  0.894919 0.409044 0.849475
vn  0.776029 0.483580 0.923978
vn  0.645362 0.562006 0.978500
vn  0.505744 0.641095 1.011447
vn  0.361762 0.713830 1.024392
vn  0.218183 0.770633 1.023878
vn  0.077255 0.802616 1.019630
vn  -0.062273 0.804351 1.019287
vn  -0.203291 0.775615 1.023181
vn  -0.347217 0.721444 1.024092
vn  -0.491942 0.650491 1.012255
vn  -0.632651 0.572362 0.980795
vn  -0.764610 0.494321 0.927806
vn  -0.884876 0.419886 0.854690
vn  -0.991893 0.349961 0.763859
vn  -1.084602 0.284208 0.657776
vn  -1.162062 0.221867 0.538695
vn  -1.195294 0.207582 0.466891
vn  1.198938 0.033803 0.501209
vn  1.167836 0.066472 0.567051
vn  1.091817 0.095697 0.698987
vn  1.000529 0.131510 0.819421
vn  0.894919 0.175245 0.926399
vn  0.776029 0.227959 1.017654
vn  0.645362 0.289601 1.090616
vn  0.505744 0.357468 1.142911
vn  0.361762 0.424374 1.174240
vn  0.218184 0.479375 1.188444
vn  0.077255 0.511367 1.192619
vn  -0.062273 0.513132 1.192738
vn  -0.203291 0.484367 1.189061
vn  -0.347217 0.431806 1.175920
vn  -0.491942 0.366335 1.146123
vn  -0.632651 0.299010 1.095514
vn  -0.764610 0.237343 1.024131
vn  -0.884876 0.184368 0.934241
vn  -0.991893 0.140335 0.828408
vn  -1.084603 0.104278 0.708920
vn  -1.162062 0.074882 0.577763
vn  -1.195294 0.079668 0.504708
vn  1.198938 -0.097071 0.492880
vn  1.167836 -0.082556 0.564933
vn  1.091817 -0.088475 0.699937
vn  1.000529 -0.085053 0.825537
vn  0.894918 -0.070496 0.940189
vn  0.776028 -0.043197 1.041978
vn  0.645362 -0.002539 1.128409
vn  0.505744 0.049480 1.196486
vn  0.361762 0.105998 1.244065
vn  0.218183 0.155448 1.272021
vn  0.077255 0.185269 1.284333
vn  -0.062274 0.186943 1.284904
vn  -0.203291 0.160111 1.273908
vn  -0.347216 0.112742 1.247612
vn  -0.491942 0.057214 1.201884
vn  -0.632651 0.005282 1.135575
vn  -0.764610 -0.035809 1.050663
vn  -0.884877 -0.063714 0.950126
vn  -0.991893 -0.078854 0.836502
vn  -1.084602 -0.082758 0.711754
vn  -1.162062 -0.077206 0.577457
vn  -1.195294 -0.053675 0.508130
vn  1.198938 -0.221330 0.450962
vn  1.167835 -0.225959 0.524317
vn  1.091817 -0.266617 0.653189
vn  1.000529 -0.295819 0.775395
vn  0.894919 -0.311432 0.889907
vn  0.776028 -0.311410 0.995293
vn  0.645362 -0.294507 1.089302
vn  0.505744 -0.261879 1.168523
vn  0.361763 -0.219602 1.229108
vn  0.218183 -0.179073 1.268911
vn  0.077255 -0.153453 1.288522
vn  -0.062274 -0.151985 1.289507
vn  -0.203291 -0.175057 1.271941
vn  -0.347217 -0.214006 1.234280
vn  -0.491942 -0.255806 1.175739
vn  -0.632651 -0.288806 1.098248
vn  -0.764610 -0.306520 1.005595
vn  -0.884877 -0.307453 0.901261
vn  -0.991893 -0.292670 0.787590
vn  -1.084602 -0.264153 0.666082
vn  -1.162062 -0.224032 0.537798
vn  -1.195294 -0.183360 0.476924
vn  1.198938 -0.330506 0.378311
vn  1.167835 -0.353963 0.447969
vn  1.091817 -0.426590 0.561926
vn  1.000529 -0.486427 0.672410
vn  0.894919 -0.531145 0.778980
vn  0.776029 -0.558399 0.880781
vn  0.645362 -0.566403 0.975961
vn  0.505744 -0.555392 1.060928
vn  0.361763 -0.530234 1.130391
vn  0.218183 -0.501388 1.179326
vn  0.077255 -0.481718 1.204900
vn  -0.062273 -0.480553 1.206232
vn  -0.203291 -0.498293 1.183293
vn  -0.347216 -0.526168 1.136835
vn  -0.491942 -0.551393 1.069469
vn  -0.632651 -0.563212 0.986078
vn  -0.764610 -0.556343 0.891997
vn  -0.884876 -0.530240 0.790976
vn  -0.991893 -0.486541 0.685005
vn  -1.084602 -0.427547 0.575019
vn  -1.162062 -0.355591 0.461489
vn  -1.195294 -0.300549 0.413216
vn  1.198938 -0.417158 0.279879
vn  1.167835 -0.457844 0.341093
vn  1.091817 -0.557491 0.432370
vn  1.000530 -0.643884 0.523602
vn  0.894919 -0.714662 0.614967
vn  0.776028 -0.767334 0.706245
vn  0.645363 -0.799700 0.796111
vn  0.505744 -0.811055 0.881032
vn  0.361763 -0.804733 0.954640
vn  0.218184 -0.789534 1.009374
vn  0.077255 -0.777154 1.039167
vn  -0.062274 -0.776374 1.040754
vn  -0.203291 -0.787572 1.014006
vn  -0.347216 -0.802472 0.961917
vn  -0.491941 -0.809402 0.890318
vn  -0.632651 -0.799237 0.806708
vn  -0.764610 -0.768252 0.717612
vn  -0.884876 -0.716892 0.626789
vn  -0.991893 -0.647254 0.535738
vn  -1.084602 -0.561805 0.444768
vn  -1.162062 -0.462917 0.353732
vn  -1.195294 -0.397256 0.321349
vn  1.198938 -0.475382 0.162374
vn  1.167836 -0.530524 0.210971
vn  1.091817 -0.650401 0.273348
vn  1.000530 -0.757462 0.339111
vn  0.894919 -0.849475 0.409044
vn  0.776029 -0.923978 0.483580
vn  0.645363 -0.978500 0.562006
vn  0.505744 -1.011447 0.641095
vn  0.361762 -1.024392 0.713830
vn  0.218184 -1.023878 0.770633
vn  0.077255 -1.019629 0.802616
vn  -0.062274 -1.019288 0.804350
vn  -0.203291 -1.023181 0.775615
vn  -0.347216 -1.024092 0.721444
vn  -0.491941 -1.012255 0.650491
vn  -0.632651 -0.980795 0.572363
vn  -0.764610 -0.927806 0.494321
vn  -0.884876 -0.854690 0.419886
vn  -0.991893 -0.763859 0.349961
vn  -1.084602 -0.657776 0.284207
vn  -1.162061 -0.538696 0.221866
vn  -1.195294 -0.466891 0.207581
vn  1.198938 -0.501209 0.033803
vn  1.167836 -0.567050 0.066473
vn  1.091817 -0.698986 0.095697
vn  1.000530 -0.819421 0.131510
vn  0.894919 -0.926399 0.175245
vn  0.776029 -1.017654 0.227959
vn  0.645363 -1.090616 0.289601
vn  0.505744 -1.142910 0.357468
vn  0.361762 -1.174240 0.424374
vn  0.218184 -1.188445 0.479375
vn  0.077255 -1.192619 0.511367
vn  -0.062273 -1.192738 0.513132
vn  -0.203291 -1.189061 0.484368
vn  -0.347216 -1.175921 0.431806
vn  -0.491942 -1.146123 0.366334
vn  -0.632650 -1.095514 0.299011
vn  -0.764610 -1.024132 0.237343
vn  -0.884876 -0.934242 0.184368
vn  -0.991893 -0.828408 0.140335
vn  -1.084602 -0.708921 0.104278
vn  -1.162061 -0.577764 0.074882
vn  -1.195294 -0.504708 0.079668
vn  1.198938 -0.492880 -0.097071
vn  1.167836 -0.564933 -0.082556
vn  1.091818 -0.699937 -0.088475
vn  1.000530 -0.825537 -0.085053
vn  0.894919 -0.940189 -0.070496
vn  0.776029 -1.041978 -0.043198
vn  0.645363 -1.128408 -0.002540
vn  0.505744 -1.196486 0.049480
vn  0.361763 -1.244065 0.105998
vn  0.218183 -1.272021 0.155448
vn  0.077255 -1.284333 0.185270
vn  -0.062273 -1.284904 0.186943
vn  -0.203291 -1.273908 0.160111
vn  -0.347216 -1.247612 0.112742
vn  -0.491941 -1.201884 0.057214
vn  -0.632651 -1.135575 0.005282
vn  -0.764609 -1.050664 -0.035809
vn  -0.884876 -0.950126 -0.063714
vn  -0.991893 -0.836502 -0.078854
vn  -1.084602 -0.711755 -0.082758
vn  -1.162061 -0.577458 -0.077206
vn  -1.195294 -0.508130 -0.053675
vn  1.198938 -0.450961 -0.221330
vn  1.167835 -0.524316 -0.225959
vn  1.091818 -0.653188 -0.266617
vn  1.000530 -0.775394 -0.295819
vn  0.894919 -0.889907 -0.311433
vn  0.776029 -0.995293 -0.311410
vn  0.645363 -1.089301 -0.294507
vn  0.505744 -1.168523 -0.261880
vn  0.361763 -1.229108 -0.219602
vn  0.218184 -1.268911 -0.179072
vn  0.077255 -1.288522 -0.153454
vn  -0.062273 -1.289507 -0.151985
vn  -0.203290 -1.271941 -0.175057
vn  -0.347216 -1.234280 -0.214006
vn  -0.491941 -1.175739 -0.255806
vn  -0.632651 -1.098248 -0.288806
vn  -0.764610 -1.005595 -0.306521
vn  -0.884876 -0.901261 -0.307454
vn  -0.991893 -0.787590 -0.292670
vn  -1.084602 -0.666083 -0.264154
vn  -1.162061 -0.537799 -0.224033
vn  -1.195294 -0.476924 -0.183360
vn  1.198938 -0.378311 -0.330506
vn  1.167836 -0.447968 -0.353962
vn  1.091817 -0.561926 -0.426590
vn  1.000530 -0.672410 -0.486426
vn  0.894919 -0.778980 -0.531145
vn  0.776029 -0.880781 -0.558398
vn  0.645363 -0.975961 -0.566403
vn  0.505744 -1.060928 -0.555392
vn  0.361763 -1.130391 -0.530235
vn  0.218184 -1.179326 -0.501388
vn  0.077255 -1.204900 -0.481718
vn  -0.062273 -1.206231 -0.480555
vn  -0.203290 -1.183293 -0.498294
vn  -0.347216 -1.136835 -0.526169
vn  -0.491942 -1.069469 -0.551394
vn  -0.632650 -0.986078 -0.563213
vn  -0.764609 -0.891997 -0.556344
vn  -0.884876 -0.790977 -0.530241
vn  -0.991893 -0.685005 -0.486541
vn  -1.084602 -0.575019 -0.427548
vn  -1.162061 -0.461490 -0.355591
vn  -1.195294 -0.413217 -0.300549
vn  1.198938 -0.279879 -0.417158
vn  1.167836 -0.341092 -0.457844
vn  1.091817 -0.432369 -0.557492
vn  1.000530 -0.523601 -0.643884
vn  0.894919 -0.614966 -0.714662
vn  0.776029 -0.706245 -0.767334
vn  0.645363 -0.796110 -0.799700
vn  0.505744 -0.881032 -0.811056
vn  0.361763 -0.954639 -0.804734
vn  0.218184 -1.009373 -0.789536
vn  0.077256 -1.039166 -0.777155
vn  -0.062273 -1.040753 -0.776376
vn  -0.203290 -1.014005 -0.787573
vn  -0.347216 -0.961916 -0.802474
vn  -0.491941 -0.890317 -0.809404
vn  -0.632650 -0.806708 -0.799238
vn  -0.764609 -0.717611 -0.768252
vn  -0.884876 -0.626788 -0.716893
vn  -0.991893 -0.535738 -0.647255
vn  -1.084602 -0.444768 -0.561805
vn  -1.162061 -0.353732 -0.462917
vn  -1.195294 -0.321349 -0.397256
vn  1.198938 -0.162374 -0.475382
vn  1.167836 -0.210971 -0.530524
vn  1.091817 -0.273347 -0.650401
vn  1.000530 -0.339111 -0.757463
vn  0.894919 -0.409043 -0.849475
vn  0.776029 -0.483579 -0.923978
vn  0.645363 -0.562005 -0.978500
vn  0.505744 -0.641095 -1.011447
vn  0.361763 -0.713830 -1.024392
vn  0.218184 -0.770633 -1.023878
vn  0.077256 -0.802615 -1.019630
vn  -0.062273 -0.804350 -1.019288
vn  -0.203291 -0.775615 -1.023181
vn  -0.347216 -0.721443 -1.024093
vn  -0.491941 -0.650491 -1.012255
vn  -0.632650 -0.572362 -0.980795
vn  -0.764609 -0.494321 -0.927806
vn  -0.884876 -0.419886 -0.854690
vn  -0.991893 -0.349961 -0.763859
vn  -1.084602 -0.284207 -0.657776
vn  -1.162062 -0.221866 -0.538696
vn  -1.195294 -0.207582 -0.466892
# 528 vertex normals

g Arc02
usemtl drevo_skrin
s 1
f 2271/2701/2271 2294/2724/2294 2272/2702/2272
f 2271/2701/2271 2293/2723/2293 2294/2724/2294
s 3
f 2272/2702/2272 2295/2725/2295 2273/2703/2273
f 2272/2702/2272 2294/2724/2294 2295/2725/2295
s 2
f 2273/2703/2273 2296/2726/2296 2274/2704/2274
f 2273/2703/2273 2295/2725/2295 2296/2726/2296
f 2274/2704/2274 2297/2727/2297 2275/2705/2275
f 2274/2704/2274 2296/2726/2296 2297/2727/2297
f 2275/2705/2275 2298/2728/2298 2276/2706/2276
f 2275/2705/2275 2297/2727/2297 2298/2728/2298
f 2276/2706/2276 2299/2729/2299 2277/2707/2277
f 2276/2706/2276 2298/2728/2298 2299/2729/2299
f 2277/2707/2277 2300/2730/2300 2278/2708/2278
f 2277/2707/2277 2299/2729/2299 2300/2730/2300
f 2278/2708/2278 2301/2731/2301 2279/2709/2279
f 2278/2708/2278 2300/2730/2300 2301/2731/2301
f 2279/2709/2279 2302/2732/2302 2280/2710/2280
f 2279/2709/2279 2301/2731/2301 2302/2732/2302
f 2280/2710/2280 2303/2733/2303 2281/2711/2281
f 2280/2710/2280 2302/2732/2302 2303/2733/2303
f 2281/2711/2281 2304/2734/2304 2282/2712/2282
f 2281/2711/2281 2303/2733/2303 2304/2734/2304
f 2282/2712/2282 2305/2735/2305 2283/2713/2283
f 2282/2712/2282 2304/2734/2304 2305/2735/2305
f 2283/2713/2283 2306/2736/2306 2284/2714/2284
f 2283/2713/2283 2305/2735/2305 2306/2736/2306
f 2284/2714/2284 2307/2737/2307 2285/2715/2285
f 2284/2714/2284 2306/2736/2306 2307/2737/2307
f 2285/2715/2285 2308/2738/2308 2286/2716/2286
f 2285/2715/2285 2307/2737/2307 2308/2738/2308
f 2286/2716/2286 2309/2739/2309 2287/2717/2287
f 2286/2716/2286 2308/2738/2308 2309/2739/2309
f 2287/2717/2287 2310/2740/2310 2288/2718/2288
f 2287/2717/2287 2309/2739/2309 2310/2740/2310
f 2288/2718/2288 2311/2741/2311 2289/2719/2289
f 2288/2718/2288 2310/2740/2310 2311/2741/2311
f 2289/2719/2289 2312/2742/2312 2290/2720/2290
f 2289/2719/2289 2311/2741/2311 2312/2742/2312
f 2290/2720/2290 2313/2743/2313 2291/2721/2291
f 2290/2720/2290 2312/2742/2312 2313/2743/2313
f 2291/2721/2291 2314/2744/2314 2292/2722/2292
f 2291/2721/2291 2313/2743/2313 2314/2744/2314
s 1
f 2293/2723/2293 2316/2746/2316 2294/2724/2294
f 2293/2723/2293 2315/2745/2315 2316/2746/2316
s 3
f 2294/2724/2294 2317/2747/2317 2295/2725/2295
f 2294/2724/2294 2316/2746/2316 2317/2747/2317
s 2
f 2295/2725/2295 2318/2748/2318 2296/2726/2296
f 2295/2725/2295 2317/2747/2317 2318/2748/2318
f 2296/2726/2296 2319/2749/2319 2297/2727/2297
f 2296/2726/2296 2318/2748/2318 2319/2749/2319
f 2297/2727/2297 2320/2750/2320 2298/2728/2298
f 2297/2727/2297 2319/2749/2319 2320/2750/2320
f 2298/2728/2298 2321/2751/2321 2299/2729/2299
f 2298/2728/2298 2320/2750/2320 2321/2751/2321
f 2299/2729/2299 2322/2752/2322 2300/2730/2300
f 2299/2729/2299 2321/2751/2321 2322/2752/2322
f 2300/2730/2300 2323/2753/2323 2301/2731/2301
f 2300/2730/2300 2322/2752/2322 2323/2753/2323
f 2301/2731/2301 2324/2754/2324 2302/2732/2302
f 2301/2731/2301 2323/2753/2323 2324/2754/2324
f 2302/2732/2302 2325/2755/2325 2303/2733/2303
f 2302/2732/2302 2324/2754/2324 2325/2755/2325
f 2303/2733/2303 2326/2756/2326 2304/2734/2304
f 2303/2733/2303 2325/2755/2325 2326/2756/2326
f 2304/2734/2304 2327/2757/2327 2305/2735/2305
f 2304/2734/2304 2326/2756/2326 2327/2757/2327
f 2305/2735/2305 2328/2758/2328 2306/2736/2306
f 2305/2735/2305 2327/2757/2327 2328/2758/2328
f 2306/2736/2306 2329/2759/2329 2307/2737/2307
f 2306/2736/2306 2328/2758/2328 2329/2759/2329
f 2307/2737/2307 2330/2760/2330 2308/2738/2308
f 2307/2737/2307 2329/2759/2329 2330/2760/2330
f 2308/2738/2308 2331/2761/2331 2309/2739/2309
f 2308/2738/2308 2330/2760/2330 2331/2761/2331
f 2309/2739/2309 2332/2762/2332 2310/2740/2310
f 2309/2739/2309 2331/2761/2331 2332/2762/2332
f 2310/2740/2310 2333/2763/2333 2311/2741/2311
f 2310/2740/2310 2332/2762/2332 2333/2763/2333
f 2311/2741/2311 2334/2764/2334 2312/2742/2312
f 2311/2741/2311 2333/2763/2333 2334/2764/2334
f 2312/2742/2312 2335/2765/2335 2313/2743/2313
f 2312/2742/2312 2334/2764/2334 2335/2765/2335
f 2313/2743/2313 2336/2766/2336 2314/2744/2314
f 2313/2743/2313 2335/2765/2335 2336/2766/2336
s 1
f 2315/2745/2315 2338/2768/2338 2316/2746/2316
f 2315/2745/2315 2337/2767/2337 2338/2768/2338
s 3
f 2316/2746/2316 2339/2769/2339 2317/2747/2317
f 2316/2746/2316 2338/2768/2338 2339/2769/2339
s 2
f 2317/2747/2317 2340/2770/2340 2318/2748/2318
f 2317/2747/2317 2339/2769/2339 2340/2770/2340
f 2318/2748/2318 2341/2771/2341 2319/2749/2319
f 2318/2748/2318 2340/2770/2340 2341/2771/2341
f 2319/2749/2319 2342/2772/2342 2320/2750/2320
f 2319/2749/2319 2341/2771/2341 2342/2772/2342
f 2320/2750/2320 2343/2773/2343 2321/2751/2321
f 2320/2750/2320 2342/2772/2342 2343/2773/2343
f 2321/2751/2321 2344/2774/2344 2322/2752/2322
f 2321/2751/2321 2343/2773/2343 2344/2774/2344
f 2322/2752/2322 2345/2775/2345 2323/2753/2323
f 2322/2752/2322 2344/2774/2344 2345/2775/2345
f 2323/2753/2323 2346/2776/2346 2324/2754/2324
f 2323/2753/2323 2345/2775/2345 2346/2776/2346
f 2324/2754/2324 2347/2777/2347 2325/2755/2325
f 2324/2754/2324 2346/2776/2346 2347/2777/2347
f 2325/2755/2325 2348/2778/2348 2326/2756/2326
f 2325/2755/2325 2347/2777/2347 2348/2778/2348
f 2326/2756/2326 2349/2779/2349 2327/2757/2327
f 2326/2756/2326 2348/2778/2348 2349/2779/2349
f 2327/2757/2327 2350/2780/2350 2328/2758/2328
f 2327/2757/2327 2349/2779/2349 2350/2780/2350
f 2328/2758/2328 2351/2781/2351 2329/2759/2329
f 2328/2758/2328 2350/2780/2350 2351/2781/2351
f 2329/2759/2329 2352/2782/2352 2330/2760/2330
f 2329/2759/2329 2351/2781/2351 2352/2782/2352
f 2330/2760/2330 2353/2783/2353 2331/2761/2331
f 2330/2760/2330 2352/2782/2352 2353/2783/2353
f 2331/2761/2331 2354/2784/2354 2332/2762/2332
f 2331/2761/2331 2353/2783/2353 2354/2784/2354
f 2332/2762/2332 2355/2785/2355 2333/2763/2333
f 2332/2762/2332 2354/2784/2354 2355/2785/2355
f 2333/2763/2333 2356/2786/2356 2334/2764/2334
f 2333/2763/2333 2355/2785/2355 2356/2786/2356
f 2334/2764/2334 2357/2787/2357 2335/2765/2335
f 2334/2764/2334 2356/2786/2356 2357/2787/2357
f 2335/2765/2335 2358/2788/2358 2336/2766/2336
f 2335/2765/2335 2357/2787/2357 2358/2788/2358
s 1
f 2337/2767/2337 2360/2790/2360 2338/2768/2338
f 2337/2767/2337 2359/2789/2359 2360/2790/2360
s 3
f 2338/2768/2338 2361/2791/2361 2339/2769/2339
f 2338/2768/2338 2360/2790/2360 2361/2791/2361
s 2
f 2339/2769/2339 2362/2792/2362 2340/2770/2340
f 2339/2769/2339 2361/2791/2361 2362/2792/2362
f 2340/2770/2340 2363/2793/2363 2341/2771/2341
f 2340/2770/2340 2362/2792/2362 2363/2793/2363
f 2341/2771/2341 2364/2794/2364 2342/2772/2342
f 2341/2771/2341 2363/2793/2363 2364/2794/2364
f 2342/2772/2342 2365/2795/2365 2343/2773/2343
f 2342/2772/2342 2364/2794/2364 2365/2795/2365
f 2343/2773/2343 2366/2796/2366 2344/2774/2344
f 2343/2773/2343 2365/2795/2365 2366/2796/2366
f 2344/2774/2344 2367/2797/2367 2345/2775/2345
f 2344/2774/2344 2366/2796/2366 2367/2797/2367
f 2345/2775/2345 2368/2798/2368 2346/2776/2346
f 2345/2775/2345 2367/2797/2367 2368/2798/2368
f 2346/2776/2346 2369/2799/2369 2347/2777/2347
f 2346/2776/2346 2368/2798/2368 2369/2799/2369
f 2347/2777/2347 2370/2800/2370 2348/2778/2348
f 2347/2777/2347 2369/2799/2369 2370/2800/2370
f 2348/2778/2348 2371/2801/2371 2349/2779/2349
f 2348/2778/2348 2370/2800/2370 2371/2801/2371
f 2349/2779/2349 2372/2802/2372 2350/2780/2350
f 2349/2779/2349 2371/2801/2371 2372/2802/2372
f 2350/2780/2350 2373/2803/2373 2351/2781/2351
f 2350/2780/2350 2372/2802/2372 2373/2803/2373
f 2351/2781/2351 2374/2804/2374 2352/2782/2352
f 2351/2781/2351 2373/2803/2373 2374/2804/2374
f 2352/2782/2352 2375/2805/2375 2353/2783/2353
f 2352/2782/2352 2374/2804/2374 2375/2805/2375
f 2353/2783/2353 2376/2806/2376 2354/2784/2354
f 2353/2783/2353 2375/2805/2375 2376/2806/2376
f 2354/2784/2354 2377/2807/2377 2355/2785/2355
f 2354/2784/2354 2376/2806/2376 2377/2807/2377
f 2355/2785/2355 2378/2808/2378 2356/2786/2356
f 2355/2785/2355 2377/2807/2377 2378/2808/2378
f 2356/2786/2356 2379/2809/2379 2357/2787/2357
f 2356/2786/2356 2378/2808/2378 2379/2809/2379
f 2357/2787/2357 2380/2810/2380 2358/2788/2358
f 2357/2787/2357 2379/2809/2379 2380/2810/2380
s 1
f 2359/2789/2359 2382/2812/2382 2360/2790/2360
f 2359/2789/2359 2381/2811/2381 2382/2812/2382
s 3
f 2360/2790/2360 2383/2813/2383 2361/2791/2361
f 2360/2790/2360 2382/2812/2382 2383/2813/2383
s 2
f 2361/2791/2361 2384/2814/2384 2362/2792/2362
f 2361/2791/2361 2383/2813/2383 2384/2814/2384
f 2362/2792/2362 2385/2815/2385 2363/2793/2363
f 2362/2792/2362 2384/2814/2384 2385/2815/2385
f 2363/2793/2363 2386/2816/2386 2364/2794/2364
f 2363/2793/2363 2385/2815/2385 2386/2816/2386
f 2364/2794/2364 2387/2817/2387 2365/2795/2365
f 2364/2794/2364 2386/2816/2386 2387/2817/2387
f 2365/2795/2365 2388/2818/2388 2366/2796/2366
f 2365/2795/2365 2387/2817/2387 2388/2818/2388
f 2366/2796/2366 2389/2819/2389 2367/2797/2367
f 2366/2796/2366 2388/2818/2388 2389/2819/2389
f 2367/2797/2367 2390/2820/2390 2368/2798/2368
f 2367/2797/2367 2389/2819/2389 2390/2820/2390
f 2368/2798/2368 2391/2821/2391 2369/2799/2369
f 2368/2798/2368 2390/2820/2390 2391/2821/2391
f 2369/2799/2369 2392/2822/2392 2370/2800/2370
f 2369/2799/2369 2391/2821/2391 2392/2822/2392
f 2370/2800/2370 2393/2823/2393 2371/2801/2371
f 2370/2800/2370 2392/2822/2392 2393/2823/2393
f 2371/2801/2371 2394/2824/2394 2372/2802/2372
f 2371/2801/2371 2393/2823/2393 2394/2824/2394
f 2372/2802/2372 2395/2825/2395 2373/2803/2373
f 2372/2802/2372 2394/2824/2394 2395/2825/2395
f 2373/2803/2373 2396/2826/2396 2374/2804/2374
f 2373/2803/2373 2395/2825/2395 2396/2826/2396
f 2374/2804/2374 2397/2827/2397 2375/2805/2375
f 2374/2804/2374 2396/2826/2396 2397/2827/2397
f 2375/2805/2375 2398/2828/2398 2376/2806/2376
f 2375/2805/2375 2397/2827/2397 2398/2828/2398
f 2376/2806/2376 2399/2829/2399 2377/2807/2377
f 2376/2806/2376 2398/2828/2398 2399/2829/2399
f 2377/2807/2377 2400/2830/2400 2378/2808/2378
f 2377/2807/2377 2399/2829/2399 2400/2830/2400
f 2378/2808/2378 2401/2831/2401 2379/2809/2379
f 2378/2808/2378 2400/2830/2400 2401/2831/2401
f 2379/2809/2379 2402/2832/2402 2380/2810/2380
f 2379/2809/2379 2401/2831/2401 2402/2832/2402
s 1
f 2381/2811/2381 2404/2834/2404 2382/2812/2382
f 2381/2811/2381 2403/2833/2403 2404/2834/2404
s 3
f 2382/2812/2382 2405/2835/2405 2383/2813/2383
f 2382/2812/2382 2404/2834/2404 2405/2835/2405
s 2
f 2383/2813/2383 2406/2836/2406 2384/2814/2384
f 2383/2813/2383 2405/2835/2405 2406/2836/2406
f 2384/2814/2384 2407/2837/2407 2385/2815/2385
f 2384/2814/2384 2406/2836/2406 2407/2837/2407
f 2385/2815/2385 2408/2838/2408 2386/2816/2386
f 2385/2815/2385 2407/2837/2407 2408/2838/2408
f 2386/2816/2386 2409/2839/2409 2387/2817/2387
f 2386/2816/2386 2408/2838/2408 2409/2839/2409
f 2387/2817/2387 2410/2840/2410 2388/2818/2388
f 2387/2817/2387 2409/2839/2409 2410/2840/2410
f 2388/2818/2388 2411/2841/2411 2389/2819/2389
f 2388/2818/2388 2410/2840/2410 2411/2841/2411
f 2389/2819/2389 2412/2842/2412 2390/2820/2390
f 2389/2819/2389 2411/2841/2411 2412/2842/2412
f 2390/2820/2390 2413/2843/2413 2391/2821/2391
f 2390/2820/2390 2412/2842/2412 2413/2843/2413
f 2391/2821/2391 2414/2844/2414 2392/2822/2392
f 2391/2821/2391 2413/2843/2413 2414/2844/2414
f 2392/2822/2392 2415/2845/2415 2393/2823/2393
f 2392/2822/2392 2414/2844/2414 2415/2845/2415
f 2393/2823/2393 2416/2846/2416 2394/2824/2394
f 2393/2823/2393 2415/2845/2415 2416/2846/2416
f 2394/2824/2394 2417/2847/2417 2395/2825/2395
f 2394/2824/2394 2416/2846/2416 2417/2847/2417
f 2395/2825/2395 2418/2848/2418 2396/2826/2396
f 2395/2825/2395 2417/2847/2417 2418/2848/2418
f 2396/2826/2396 2419/2849/2419 2397/2827/2397
f 2396/2826/2396 2418/2848/2418 2419/2849/2419
f 2397/2827/2397 2420/2850/2420 2398/2828/2398
f 2397/2827/2397 2419/2849/2419 2420/2850/2420
f 2398/2828/2398 2421/2851/2421 2399/2829/2399
f 2398/2828/2398 2420/2850/2420 2421/2851/2421
f 2399/2829/2399 2422/2852/2422 2400/2830/2400
f 2399/2829/2399 2421/2851/2421 2422/2852/2422
f 2400/2830/2400 2423/2853/2423 2401/2831/2401
f 2400/2830/2400 2422/2852/2422 2423/2853/2423
f 2401/2831/2401 2424/2854/2424 2402/2832/2402
f 2401/2831/2401 2423/2853/2423 2424/2854/2424
s 1
f 2403/2833/2403 2426/2856/2426 2404/2834/2404
f 2403/2833/2403 2425/2855/2425 2426/2856/2426
s 3
f 2404/2834/2404 2427/2857/2427 2405/2835/2405
f 2404/2834/2404 2426/2856/2426 2427/2857/2427
s 2
f 2405/2835/2405 2428/2858/2428 2406/2836/2406
f 2405/2835/2405 2427/2857/2427 2428/2858/2428
f 2406/2836/2406 2429/2859/2429 2407/2837/2407
f 2406/2836/2406 2428/2858/2428 2429/2859/2429
f 2407/2837/2407 2430/2860/2430 2408/2838/2408
f 2407/2837/2407 2429/2859/2429 2430/2860/2430
f 2408/2838/2408 2431/2861/2431 2409/2839/2409
f 2408/2838/2408 2430/2860/2430 2431/2861/2431
f 2409/2839/2409 2432/2862/2432 2410/2840/2410
f 2409/2839/2409 2431/2861/2431 2432/2862/2432
f 2410/2840/2410 2433/2863/2433 2411/2841/2411
f 2410/2840/2410 2432/2862/2432 2433/2863/2433
f 2411/2841/2411 2434/2864/2434 2412/2842/2412
f 2411/2841/2411 2433/2863/2433 2434/2864/2434
f 2412/2842/2412 2435/2865/2435 2413/2843/2413
f 2412/2842/2412 2434/2864/2434 2435/2865/2435
f 2413/2843/2413 2436/2866/2436 2414/2844/2414
f 2413/2843/2413 2435/2865/2435 2436/2866/2436
f 2414/2844/2414 2437/2867/2437 2415/2845/2415
f 2414/2844/2414 2436/2866/2436 2437/2867/2437
f 2415/2845/2415 2438/2868/2438 2416/2846/2416
f 2415/2845/2415 2437/2867/2437 2438/2868/2438
f 2416/2846/2416 2439/2869/2439 2417/2847/2417
f 2416/2846/2416 2438/2868/2438 2439/2869/2439
f 2417/2847/2417 2440/2870/2440 2418/2848/2418
f 2417/2847/2417 2439/2869/2439 2440/2870/2440
f 2418/2848/2418 2441/2871/2441 2419/2849/2419
f 2418/2848/2418 2440/2870/2440 2441/2871/2441
f 2419/2849/2419 2442/2872/2442 2420/2850/2420
f 2419/2849/2419 2441/2871/2441 2442/2872/2442
f 2420/2850/2420 2443/2873/2443 2421/2851/2421
f 2420/2850/2420 2442/2872/2442 2443/2873/2443
f 2421/2851/2421 2444/2874/2444 2422/2852/2422
f 2421/2851/2421 2443/2873/2443 2444/2874/2444
f 2422/2852/2422 2445/2875/2445 2423/2853/2423
f 2422/2852/2422 2444/2874/2444 2445/2875/2445
f 2423/2853/2423 2446/2876/2446 2424/2854/2424
f 2423/2853/2423 2445/2875/2445 2446/2876/2446
s 1
f 2425/2855/2425 2448/2878/2448 2426/2856/2426
f 2425/2855/2425 2447/2877/2447 2448/2878/2448
s 3
f 2426/2856/2426 2449/2879/2449 2427/2857/2427
f 2426/2856/2426 2448/2878/2448 2449/2879/2449
s 2
f 2427/2857/2427 2450/2880/2450 2428/2858/2428
f 2427/2857/2427 2449/2879/2449 2450/2880/2450
f 2428/2858/2428 2451/2881/2451 2429/2859/2429
f 2428/2858/2428 2450/2880/2450 2451/2881/2451
f 2429/2859/2429 2452/2882/2452 2430/2860/2430
f 2429/2859/2429 2451/2881/2451 2452/2882/2452
f 2430/2860/2430 2453/2883/2453 2431/2861/2431
f 2430/2860/2430 2452/2882/2452 2453/2883/2453
f 2431/2861/2431 2454/2884/2454 2432/2862/2432
f 2431/2861/2431 2453/2883/2453 2454/2884/2454
f 2432/2862/2432 2455/2885/2455 2433/2863/2433
f 2432/2862/2432 2454/2884/2454 2455/2885/2455
f 2433/2863/2433 2456/2886/2456 2434/2864/2434
f 2433/2863/2433 2455/2885/2455 2456/2886/2456
f 2434/2864/2434 2457/2887/2457 2435/2865/2435
f 2434/2864/2434 2456/2886/2456 2457/2887/2457
f 2435/2865/2435 2458/2888/2458 2436/2866/2436
f 2435/2865/2435 2457/2887/2457 2458/2888/2458
f 2436/2866/2436 2459/2889/2459 2437/2867/2437
f 2436/2866/2436 2458/2888/2458 2459/2889/2459
f 2437/2867/2437 2460/2890/2460 2438/2868/2438
f 2437/2867/2437 2459/2889/2459 2460/2890/2460
f 2438/2868/2438 2461/2891/2461 2439/2869/2439
f 2438/2868/2438 2460/2890/2460 2461/2891/2461
f 2439/2869/2439 2462/2892/2462 2440/2870/2440
f 2439/2869/2439 2461/2891/2461 2462/2892/2462
f 2440/2870/2440 2463/2893/2463 2441/2871/2441
f 2440/2870/2440 2462/2892/2462 2463/2893/2463
f 2441/2871/2441 2464/2894/2464 2442/2872/2442
f 2441/2871/2441 2463/2893/2463 2464/2894/2464
f 2442/2872/2442 2465/2895/2465 2443/2873/2443
f 2442/2872/2442 2464/2894/2464 2465/2895/2465
f 2443/2873/2443 2466/2896/2466 2444/2874/2444
f 2443/2873/2443 2465/2895/2465 2466/2896/2466
f 2444/2874/2444 2467/2897/2467 2445/2875/2445
f 2444/2874/2444 2466/2896/2466 2467/2897/2467
f 2445/2875/2445 2468/2898/2468 2446/2876/2446
f 2445/2875/2445 2467/2897/2467 2468/2898/2468
s 1
f 2447/2877/2447 2470/2900/2470 2448/2878/2448
f 2447/2877/2447 2469/2899/2469 2470/2900/2470
s 3
f 2448/2878/2448 2471/2901/2471 2449/2879/2449
f 2448/2878/2448 2470/2900/2470 2471/2901/2471
s 2
f 2449/2879/2449 2472/2902/2472 2450/2880/2450
f 2449/2879/2449 2471/2901/2471 2472/2902/2472
f 2450/2880/2450 2473/2903/2473 2451/2881/2451
f 2450/2880/2450 2472/2902/2472 2473/2903/2473
f 2451/2881/2451 2474/2904/2474 2452/2882/2452
f 2451/2881/2451 2473/2903/2473 2474/2904/2474
f 2452/2882/2452 2475/2905/2475 2453/2883/2453
f 2452/2882/2452 2474/2904/2474 2475/2905/2475
f 2453/2883/2453 2476/2906/2476 2454/2884/2454
f 2453/2883/2453 2475/2905/2475 2476/2906/2476
f 2454/2884/2454 2477/2907/2477 2455/2885/2455
f 2454/2884/2454 2476/2906/2476 2477/2907/2477
f 2455/2885/2455 2478/2908/2478 2456/2886/2456
f 2455/2885/2455 2477/2907/2477 2478/2908/2478
f 2456/2886/2456 2479/2909/2479 2457/2887/2457
f 2456/2886/2456 2478/2908/2478 2479/2909/2479
f 2457/2887/2457 2480/2910/2480 2458/2888/2458
f 2457/2887/2457 2479/2909/2479 2480/2910/2480
f 2458/2888/2458 2481/2911/2481 2459/2889/2459
f 2458/2888/2458 2480/2910/2480 2481/2911/2481
f 2459/2889/2459 2482/2912/2482 2460/2890/2460
f 2459/2889/2459 2481/2911/2481 2482/2912/2482
f 2460/2890/2460 2483/2913/2483 2461/2891/2461
f 2460/2890/2460 2482/2912/2482 2483/2913/2483
f 2461/2891/2461 2484/2914/2484 2462/2892/2462
f 2461/2891/2461 2483/2913/2483 2484/2914/2484
f 2462/2892/2462 2485/2915/2485 2463/2893/2463
f 2462/2892/2462 2484/2914/2484 2485/2915/2485
f 2463/2893/2463 2486/2916/2486 2464/2894/2464
f 2463/2893/2463 2485/2915/2485 2486/2916/2486
f 2464/2894/2464 2487/2917/2487 2465/2895/2465
f 2464/2894/2464 2486/2916/2486 2487/2917/2487
f 2465/2895/2465 2488/2918/2488 2466/2896/2466
f 2465/2895/2465 2487/2917/2487 2488/2918/2488
f 2466/2896/2466 2489/2919/2489 2467/2897/2467
f 2466/2896/2466 2488/2918/2488 2489/2919/2489
f 2467/2897/2467 2490/2920/2490 2468/2898/2468
f 2467/2897/2467 2489/2919/2489 2490/2920/2490
s 1
f 2469/2899/2469 2492/2922/2492 2470/2900/2470
f 2469/2899/2469 2491/2921/2491 2492/2922/2492
s 3
f 2470/2900/2470 2493/2923/2493 2471/2901/2471
f 2470/2900/2470 2492/2922/2492 2493/2923/2493
s 2
f 2471/2901/2471 2494/2924/2494 2472/2902/2472
f 2471/2901/2471 2493/2923/2493 2494/2924/2494
f 2472/2902/2472 2495/2925/2495 2473/2903/2473
f 2472/2902/2472 2494/2924/2494 2495/2925/2495
f 2473/2903/2473 2496/2926/2496 2474/2904/2474
f 2473/2903/2473 2495/2925/2495 2496/2926/2496
f 2474/2904/2474 2497/2927/2497 2475/2905/2475
f 2474/2904/2474 2496/2926/2496 2497/2927/2497
f 2475/2905/2475 2498/2928/2498 2476/2906/2476
f 2475/2905/2475 2497/2927/2497 2498/2928/2498
f 2476/2906/2476 2499/2929/2499 2477/2907/2477
f 2476/2906/2476 2498/2928/2498 2499/2929/2499
f 2477/2907/2477 2500/2930/2500 2478/2908/2478
f 2477/2907/2477 2499/2929/2499 2500/2930/2500
f 2478/2908/2478 2501/2931/2501 2479/2909/2479
f 2478/2908/2478 2500/2930/2500 2501/2931/2501
f 2479/2909/2479 2502/2932/2502 2480/2910/2480
f 2479/2909/2479 2501/2931/2501 2502/2932/2502
f 2480/2910/2480 2503/2933/2503 2481/2911/2481
f 2480/2910/2480 2502/2932/2502 2503/2933/2503
f 2481/2911/2481 2504/2934/2504 2482/2912/2482
f 2481/2911/2481 2503/2933/2503 2504/2934/2504
f 2482/2912/2482 2505/2935/2505 2483/2913/2483
f 2482/2912/2482 2504/2934/2504 2505/2935/2505
f 2483/2913/2483 2506/2936/2506 2484/2914/2484
f 2483/2913/2483 2505/2935/2505 2506/2936/2506
f 2484/2914/2484 2507/2937/2507 2485/2915/2485
f 2484/2914/2484 2506/2936/2506 2507/2937/2507
f 2485/2915/2485 2508/2938/2508 2486/2916/2486
f 2485/2915/2485 2507/2937/2507 2508/2938/2508
f 2486/2916/2486 2509/2939/2509 2487/2917/2487
f 2486/2916/2486 2508/2938/2508 2509/2939/2509
f 2487/2917/2487 2510/2940/2510 2488/2918/2488
f 2487/2917/2487 2509/2939/2509 2510/2940/2510
f 2488/2918/2488 2511/2941/2511 2489/2919/2489
f 2488/2918/2488 2510/2940/2510 2511/2941/2511
f 2489/2919/2489 2512/2942/2512 2490/2920/2490
f 2489/2919/2489 2511/2941/2511 2512/2942/2512
s 1
f 2491/2921/2491 2514/2944/2514 2492/2922/2492
f 2491/2921/2491 2513/2943/2513 2514/2944/2514
s 3
f 2492/2922/2492 2515/2945/2515 2493/2923/2493
f 2492/2922/2492 2514/2944/2514 2515/2945/2515
s 2
f 2493/2923/2493 2516/2946/2516 2494/2924/2494
f 2493/2923/2493 2515/2945/2515 2516/2946/2516
f 2494/2924/2494 2517/2947/2517 2495/2925/2495
f 2494/2924/2494 2516/2946/2516 2517/2947/2517
f 2495/2925/2495 2518/2948/2518 2496/2926/2496
f 2495/2925/2495 2517/2947/2517 2518/2948/2518
f 2496/2926/2496 2519/2949/2519 2497/2927/2497
f 2496/2926/2496 2518/2948/2518 2519/2949/2519
f 2497/2927/2497 2520/2950/2520 2498/2928/2498
f 2497/2927/2497 2519/2949/2519 2520/2950/2520
f 2498/2928/2498 2521/2951/2521 2499/2929/2499
f 2498/2928/2498 2520/2950/2520 2521/2951/2521
f 2499/2929/2499 2522/2952/2522 2500/2930/2500
f 2499/2929/2499 2521/2951/2521 2522/2952/2522
f 2500/2930/2500 2523/2953/2523 2501/2931/2501
f 2500/2930/2500 2522/2952/2522 2523/2953/2523
f 2501/2931/2501 2524/2954/2524 2502/2932/2502
f 2501/2931/2501 2523/2953/2523 2524/2954/2524
f 2502/2932/2502 2525/2955/2525 2503/2933/2503
f 2502/2932/2502 2524/2954/2524 2525/2955/2525
f 2503/2933/2503 2526/2956/2526 2504/2934/2504
f 2503/2933/2503 2525/2955/2525 2526/2956/2526
f 2504/2934/2504 2527/2957/2527 2505/2935/2505
f 2504/2934/2504 2526/2956/2526 2527/2957/2527
f 2505/2935/2505 2528/2958/2528 2506/2936/2506
f 2505/2935/2505 2527/2957/2527 2528/2958/2528
f 2506/2936/2506 2529/2959/2529 2507/2937/2507
f 2506/2936/2506 2528/2958/2528 2529/2959/2529
f 2507/2937/2507 2530/2960/2530 2508/2938/2508
f 2507/2937/2507 2529/2959/2529 2530/2960/2530
f 2508/2938/2508 2531/2961/2531 2509/2939/2509
f 2508/2938/2508 2530/2960/2530 2531/2961/2531
f 2509/2939/2509 2532/2962/2532 2510/2940/2510
f 2509/2939/2509 2531/2961/2531 2532/2962/2532
f 2510/2940/2510 2533/2963/2533 2511/2941/2511
f 2510/2940/2510 2532/2962/2532 2533/2963/2533
f 2511/2941/2511 2534/2964/2534 2512/2942/2512
f 2511/2941/2511 2533/2963/2533 2534/2964/2534
s 1
f 2513/2943/2513 2536/2966/2536 2514/2944/2514
f 2513/2943/2513 2535/2965/2535 2536/2966/2536
s 3
f 2514/2944/2514 2537/2967/2537 2515/2945/2515
f 2514/2944/2514 2536/2966/2536 2537/2967/2537
s 2
f 2515/2945/2515 2538/2968/2538 2516/2946/2516
f 2515/2945/2515 2537/2967/2537 2538/2968/2538
f 2516/2946/2516 2539/2969/2539 2517/2947/2517
f 2516/2946/2516 2538/2968/2538 2539/2969/2539
f 2517/2947/2517 2540/2970/2540 2518/2948/2518
f 2517/2947/2517 2539/2969/2539 2540/2970/2540
f 2518/2948/2518 2541/2971/2541 2519/2949/2519
f 2518/2948/2518 2540/2970/2540 2541/2971/2541
f 2519/2949/2519 2542/2972/2542 2520/2950/2520
f 2519/2949/2519 2541/2971/2541 2542/2972/2542
f 2520/2950/2520 2543/2973/2543 2521/2951/2521
f 2520/2950/2520 2542/2972/2542 2543/2973/2543
f 2521/2951/2521 2544/2974/2544 2522/2952/2522
f 2521/2951/2521 2543/2973/2543 2544/2974/2544
f 2522/2952/2522 2545/2975/2545 2523/2953/2523
f 2522/2952/2522 2544/2974/2544 2545/2975/2545
f 2523/2953/2523 2546/2976/2546 2524/2954/2524
f 2523/2953/2523 2545/2975/2545 2546/2976/2546
f 2524/2954/2524 2547/2977/2547 2525/2955/2525
f 2524/2954/2524 2546/2976/2546 2547/2977/2547
f 2525/2955/2525 2548/2978/2548 2526/2956/2526
f 2525/2955/2525 2547/2977/2547 2548/2978/2548
f 2526/2956/2526 2549/2979/2549 2527/2957/2527
f 2526/2956/2526 2548/2978/2548 2549/2979/2549
f 2527/2957/2527 2550/2980/2550 2528/2958/2528
f 2527/2957/2527 2549/2979/2549 2550/2980/2550
f 2528/2958/2528 2551/2981/2551 2529/2959/2529
f 2528/2958/2528 2550/2980/2550 2551/2981/2551
f 2529/2959/2529 2552/2982/2552 2530/2960/2530
f 2529/2959/2529 2551/2981/2551 2552/2982/2552
f 2530/2960/2530 2553/2983/2553 2531/2961/2531
f 2530/2960/2530 2552/2982/2552 2553/2983/2553
f 2531/2961/2531 2554/2984/2554 2532/2962/2532
f 2531/2961/2531 2553/2983/2553 2554/2984/2554
f 2532/2962/2532 2555/2985/2555 2533/2963/2533
f 2532/2962/2532 2554/2984/2554 2555/2985/2555
f 2533/2963/2533 2556/2986/2556 2534/2964/2534
f 2533/2963/2533 2555/2985/2555 2556/2986/2556
s 1
f 2535/2965/2535 2558/2988/2558 2536/2966/2536
f 2535/2965/2535 2557/2987/2557 2558/2988/2558
s 3
f 2536/2966/2536 2559/2989/2559 2537/2967/2537
f 2536/2966/2536 2558/2988/2558 2559/2989/2559
s 2
f 2537/2967/2537 2560/2990/2560 2538/2968/2538
f 2537/2967/2537 2559/2989/2559 2560/2990/2560
f 2538/2968/2538 2561/2991/2561 2539/2969/2539
f 2538/2968/2538 2560/2990/2560 2561/2991/2561
f 2539/2969/2539 2562/2992/2562 2540/2970/2540
f 2539/2969/2539 2561/2991/2561 2562/2992/2562
f 2540/2970/2540 2563/2993/2563 2541/2971/2541
f 2540/2970/2540 2562/2992/2562 2563/2993/2563
f 2541/2971/2541 2564/2994/2564 2542/2972/2542
f 2541/2971/2541 2563/2993/2563 2564/2994/2564
f 2542/2972/2542 2565/2995/2565 2543/2973/2543
f 2542/2972/2542 2564/2994/2564 2565/2995/2565
f 2543/2973/2543 2566/2996/2566 2544/2974/2544
f 2543/2973/2543 2565/2995/2565 2566/2996/2566
f 2544/2974/2544 2567/2997/2567 2545/2975/2545
f 2544/2974/2544 2566/2996/2566 2567/2997/2567
f 2545/2975/2545 2568/2998/2568 2546/2976/2546
f 2545/2975/2545 2567/2997/2567 2568/2998/2568
f 2546/2976/2546 2569/2999/2569 2547/2977/2547
f 2546/2976/2546 2568/2998/2568 2569/2999/2569
f 2547/2977/2547 2570/3000/2570 2548/2978/2548
f 2547/2977/2547 2569/2999/2569 2570/3000/2570
f 2548/2978/2548 2571/3001/2571 2549/2979/2549
f 2548/2978/2548 2570/3000/2570 2571/3001/2571
f 2549/2979/2549 2572/3002/2572 2550/2980/2550
f 2549/2979/2549 2571/3001/2571 2572/3002/2572
f 2550/2980/2550 2573/3003/2573 2551/2981/2551
f 2550/2980/2550 2572/3002/2572 2573/3003/2573
f 2551/2981/2551 2574/3004/2574 2552/2982/2552
f 2551/2981/2551 2573/3003/2573 2574/3004/2574
f 2552/2982/2552 2575/3005/2575 2553/2983/2553
f 2552/2982/2552 2574/3004/2574 2575/3005/2575
f 2553/2983/2553 2576/3006/2576 2554/2984/2554
f 2553/2983/2553 2575/3005/2575 2576/3006/2576
f 2554/2984/2554 2577/3007/2577 2555/2985/2555
f 2554/2984/2554 2576/3006/2576 2577/3007/2577
f 2555/2985/2555 2578/3008/2578 2556/2986/2556
f 2555/2985/2555 2577/3007/2577 2578/3008/2578
s 1
f 2557/2987/2557 2580/3010/2580 2558/2988/2558
f 2557/2987/2557 2579/3009/2579 2580/3010/2580
s 3
f 2558/2988/2558 2581/3011/2581 2559/2989/2559
f 2558/2988/2558 2580/3010/2580 2581/3011/2581
s 2
f 2559/2989/2559 2582/3012/2582 2560/2990/2560
f 2559/2989/2559 2581/3011/2581 2582/3012/2582
f 2560/2990/2560 2583/3013/2583 2561/2991/2561
f 2560/2990/2560 2582/3012/2582 2583/3013/2583
f 2561/2991/2561 2584/3014/2584 2562/2992/2562
f 2561/2991/2561 2583/3013/2583 2584/3014/2584
f 2562/2992/2562 2585/3015/2585 2563/2993/2563
f 2562/2992/2562 2584/3014/2584 2585/3015/2585
f 2563/2993/2563 2586/3016/2586 2564/2994/2564
f 2563/2993/2563 2585/3015/2585 2586/3016/2586
f 2564/2994/2564 2587/3017/2587 2565/2995/2565
f 2564/2994/2564 2586/3016/2586 2587/3017/2587
f 2565/2995/2565 2588/3018/2588 2566/2996/2566
f 2565/2995/2565 2587/3017/2587 2588/3018/2588
f 2566/2996/2566 2589/3019/2589 2567/2997/2567
f 2566/2996/2566 2588/3018/2588 2589/3019/2589
f 2567/2997/2567 2590/3020/2590 2568/2998/2568
f 2567/2997/2567 2589/3019/2589 2590/3020/2590
f 2568/2998/2568 2591/3021/2591 2569/2999/2569
f 2568/2998/2568 2590/3020/2590 2591/3021/2591
f 2569/2999/2569 2592/3022/2592 2570/3000/2570
f 2569/2999/2569 2591/3021/2591 2592/3022/2592
f 2570/3000/2570 2593/3023/2593 2571/3001/2571
f 2570/3000/2570 2592/3022/2592 2593/3023/2593
f 2571/3001/2571 2594/3024/2594 2572/3002/2572
f 2571/3001/2571 2593/3023/2593 2594/3024/2594
f 2572/3002/2572 2595/3025/2595 2573/3003/2573
f 2572/3002/2572 2594/3024/2594 2595/3025/2595
f 2573/3003/2573 2596/3026/2596 2574/3004/2574
f 2573/3003/2573 2595/3025/2595 2596/3026/2596
f 2574/3004/2574 2597/3027/2597 2575/3005/2575
f 2574/3004/2574 2596/3026/2596 2597/3027/2597
f 2575/3005/2575 2598/3028/2598 2576/3006/2576
f 2575/3005/2575 2597/3027/2597 2598/3028/2598
f 2576/3006/2576 2599/3029/2599 2577/3007/2577
f 2576/3006/2576 2598/3028/2598 2599/3029/2599
f 2577/3007/2577 2600/3030/2600 2578/3008/2578
f 2577/3007/2577 2599/3029/2599 2600/3030/2600
s 1
f 2579/3009/2579 2602/3032/2602 2580/3010/2580
f 2579/3009/2579 2601/3031/2601 2602/3032/2602
s 3
f 2580/3010/2580 2603/3033/2603 2581/3011/2581
f 2580/3010/2580 2602/3032/2602 2603/3033/2603
s 2
f 2581/3011/2581 2604/3034/2604 2582/3012/2582
f 2581/3011/2581 2603/3033/2603 2604/3034/2604
f 2582/3012/2582 2605/3035/2605 2583/3013/2583
f 2582/3012/2582 2604/3034/2604 2605/3035/2605
f 2583/3013/2583 2606/3036/2606 2584/3014/2584
f 2583/3013/2583 2605/3035/2605 2606/3036/2606
f 2584/3014/2584 2607/3037/2607 2585/3015/2585
f 2584/3014/2584 2606/3036/2606 2607/3037/2607
f 2585/3015/2585 2608/3038/2608 2586/3016/2586
f 2585/3015/2585 2607/3037/2607 2608/3038/2608
f 2586/3016/2586 2609/3039/2609 2587/3017/2587
f 2586/3016/2586 2608/3038/2608 2609/3039/2609
f 2587/3017/2587 2610/3040/2610 2588/3018/2588
f 2587/3017/2587 2609/3039/2609 2610/3040/2610
f 2588/3018/2588 2611/3041/2611 2589/3019/2589
f 2588/3018/2588 2610/3040/2610 2611/3041/2611
f 2589/3019/2589 2612/3042/2612 2590/3020/2590
f 2589/3019/2589 2611/3041/2611 2612/3042/2612
f 2590/3020/2590 2613/3043/2613 2591/3021/2591
f 2590/3020/2590 2612/3042/2612 2613/3043/2613
f 2591/3021/2591 2614/3044/2614 2592/3022/2592
f 2591/3021/2591 2613/3043/2613 2614/3044/2614
f 2592/3022/2592 2615/3045/2615 2593/3023/2593
f 2592/3022/2592 2614/3044/2614 2615/3045/2615
f 2593/3023/2593 2616/3046/2616 2594/3024/2594
f 2593/3023/2593 2615/3045/2615 2616/3046/2616
f 2594/3024/2594 2617/3047/2617 2595/3025/2595
f 2594/3024/2594 2616/3046/2616 2617/3047/2617
f 2595/3025/2595 2618/3048/2618 2596/3026/2596
f 2595/3025/2595 2617/3047/2617 2618/3048/2618
f 2596/3026/2596 2619/3049/2619 2597/3027/2597
f 2596/3026/2596 2618/3048/2618 2619/3049/2619
f 2597/3027/2597 2620/3050/2620 2598/3028/2598
f 2597/3027/2597 2619/3049/2619 2620/3050/2620
f 2598/3028/2598 2621/3051/2621 2599/3029/2599
f 2598/3028/2598 2620/3050/2620 2621/3051/2621
f 2599/3029/2599 2622/3052/2622 2600/3030/2600
f 2599/3029/2599 2621/3051/2621 2622/3052/2622
s 1
f 2601/3031/2601 2624/3054/2624 2602/3032/2602
f 2601/3031/2601 2623/3053/2623 2624/3054/2624
s 3
f 2602/3032/2602 2625/3055/2625 2603/3033/2603
f 2602/3032/2602 2624/3054/2624 2625/3055/2625
s 2
f 2603/3033/2603 2626/3056/2626 2604/3034/2604
f 2603/3033/2603 2625/3055/2625 2626/3056/2626
f 2604/3034/2604 2627/3057/2627 2605/3035/2605
f 2604/3034/2604 2626/3056/2626 2627/3057/2627
f 2605/3035/2605 2628/3058/2628 2606/3036/2606
f 2605/3035/2605 2627/3057/2627 2628/3058/2628
f 2606/3036/2606 2629/3059/2629 2607/3037/2607
f 2606/3036/2606 2628/3058/2628 2629/3059/2629
f 2607/3037/2607 2630/3060/2630 2608/3038/2608
f 2607/3037/2607 2629/3059/2629 2630/3060/2630
f 2608/3038/2608 2631/3061/2631 2609/3039/2609
f 2608/3038/2608 2630/3060/2630 2631/3061/2631
f 2609/3039/2609 2632/3062/2632 2610/3040/2610
f 2609/3039/2609 2631/3061/2631 2632/3062/2632
f 2610/3040/2610 2633/3063/2633 2611/3041/2611
f 2610/3040/2610 2632/3062/2632 2633/3063/2633
f 2611/3041/2611 2634/3064/2634 2612/3042/2612
f 2611/3041/2611 2633/3063/2633 2634/3064/2634
f 2612/3042/2612 2635/3065/2635 2613/3043/2613
f 2612/3042/2612 2634/3064/2634 2635/3065/2635
f 2613/3043/2613 2636/3066/2636 2614/3044/2614
f 2613/3043/2613 2635/3065/2635 2636/3066/2636
f 2614/3044/2614 2637/3067/2637 2615/3045/2615
f 2614/3044/2614 2636/3066/2636 2637/3067/2637
f 2615/3045/2615 2638/3068/2638 2616/3046/2616
f 2615/3045/2615 2637/3067/2637 2638/3068/2638
f 2616/3046/2616 2639/3069/2639 2617/3047/2617
f 2616/3046/2616 2638/3068/2638 2639/3069/2639
f 2617/3047/2617 2640/3070/2640 2618/3048/2618
f 2617/3047/2617 2639/3069/2639 2640/3070/2640
f 2618/3048/2618 2641/3071/2641 2619/3049/2619
f 2618/3048/2618 2640/3070/2640 2641/3071/2641
f 2619/3049/2619 2642/3072/2642 2620/3050/2620
f 2619/3049/2619 2641/3071/2641 2642/3072/2642
f 2620/3050/2620 2643/3073/2643 2621/3051/2621
f 2620/3050/2620 2642/3072/2642 2643/3073/2643
f 2621/3051/2621 2644/3074/2644 2622/3052/2622
f 2621/3051/2621 2643/3073/2643 2644/3074/2644
s 1
f 2623/3053/2623 2646/3076/2646 2624/3054/2624
f 2623/3053/2623 2645/3075/2645 2646/3076/2646
s 3
f 2624/3054/2624 2647/3077/2647 2625/3055/2625
f 2624/3054/2624 2646/3076/2646 2647/3077/2647
s 2
f 2625/3055/2625 2648/3078/2648 2626/3056/2626
f 2625/3055/2625 2647/3077/2647 2648/3078/2648
f 2626/3056/2626 2649/3079/2649 2627/3057/2627
f 2626/3056/2626 2648/3078/2648 2649/3079/2649
f 2627/3057/2627 2650/3080/2650 2628/3058/2628
f 2627/3057/2627 2649/3079/2649 2650/3080/2650
f 2628/3058/2628 2651/3081/2651 2629/3059/2629
f 2628/3058/2628 2650/3080/2650 2651/3081/2651
f 2629/3059/2629 2652/3082/2652 2630/3060/2630
f 2629/3059/2629 2651/3081/2651 2652/3082/2652
f 2630/3060/2630 2653/3083/2653 2631/3061/2631
f 2630/3060/2630 2652/3082/2652 2653/3083/2653
f 2631/3061/2631 2654/3084/2654 2632/3062/2632
f 2631/3061/2631 2653/3083/2653 2654/3084/2654
f 2632/3062/2632 2655/3085/2655 2633/3063/2633
f 2632/3062/2632 2654/3084/2654 2655/3085/2655
f 2633/3063/2633 2656/3086/2656 2634/3064/2634
f 2633/3063/2633 2655/3085/2655 2656/3086/2656
f 2634/3064/2634 2657/3087/2657 2635/3065/2635
f 2634/3064/2634 2656/3086/2656 2657/3087/2657
f 2635/3065/2635 2658/3088/2658 2636/3066/2636
f 2635/3065/2635 2657/3087/2657 2658/3088/2658
f 2636/3066/2636 2659/3089/2659 2637/3067/2637
f 2636/3066/2636 2658/3088/2658 2659/3089/2659
f 2637/3067/2637 2660/3090/2660 2638/3068/2638
f 2637/3067/2637 2659/3089/2659 2660/3090/2660
f 2638/3068/2638 2661/3091/2661 2639/3069/2639
f 2638/3068/2638 2660/3090/2660 2661/3091/2661
f 2639/3069/2639 2662/3092/2662 2640/3070/2640
f 2639/3069/2639 2661/3091/2661 2662/3092/2662
f 2640/3070/2640 2663/3093/2663 2641/3071/2641
f 2640/3070/2640 2662/3092/2662 2663/3093/2663
f 2641/3071/2641 2664/3094/2664 2642/3072/2642
f 2641/3071/2641 2663/3093/2663 2664/3094/2664
f 2642/3072/2642 2665/3095/2665 2643/3073/2643
f 2642/3072/2642 2664/3094/2664 2665/3095/2665
f 2643/3073/2643 2666/3096/2666 2644/3074/2644
f 2643/3073/2643 2665/3095/2665 2666/3096/2666
s 1
f 2645/3075/2645 2668/3098/2668 2646/3076/2646
f 2645/3075/2645 2667/3097/2667 2668/3098/2668
s 3
f 2646/3076/2646 2669/3099/2669 2647/3077/2647
f 2646/3076/2646 2668/3098/2668 2669/3099/2669
s 2
f 2647/3077/2647 2670/3100/2670 2648/3078/2648
f 2647/3077/2647 2669/3099/2669 2670/3100/2670
f 2648/3078/2648 2671/3101/2671 2649/3079/2649
f 2648/3078/2648 2670/3100/2670 2671/3101/2671
f 2649/3079/2649 2672/3102/2672 2650/3080/2650
f 2649/3079/2649 2671/3101/2671 2672/3102/2672
f 2650/3080/2650 2673/3103/2673 2651/3081/2651
f 2650/3080/2650 2672/3102/2672 2673/3103/2673
f 2651/3081/2651 2674/3104/2674 2652/3082/2652
f 2651/3081/2651 2673/3103/2673 2674/3104/2674
f 2652/3082/2652 2675/3105/2675 2653/3083/2653
f 2652/3082/2652 2674/3104/2674 2675/3105/2675
f 2653/3083/2653 2676/3106/2676 2654/3084/2654
f 2653/3083/2653 2675/3105/2675 2676/3106/2676
f 2654/3084/2654 2677/3107/2677 2655/3085/2655
f 2654/3084/2654 2676/3106/2676 2677/3107/2677
f 2655/3085/2655 2678/3108/2678 2656/3086/2656
f 2655/3085/2655 2677/3107/2677 2678/3108/2678
f 2656/3086/2656 2679/3109/2679 2657/3087/2657
f 2656/3086/2656 2678/3108/2678 2679/3109/2679
f 2657/3087/2657 2680/3110/2680 2658/3088/2658
f 2657/3087/2657 2679/3109/2679 2680/3110/2680
f 2658/3088/2658 2681/3111/2681 2659/3089/2659
f 2658/3088/2658 2680/3110/2680 2681/3111/2681
f 2659/3089/2659 2682/3112/2682 2660/3090/2660
f 2659/3089/2659 2681/3111/2681 2682/3112/2682
f 2660/3090/2660 2683/3113/2683 2661/3091/2661
f 2660/3090/2660 2682/3112/2682 2683/3113/2683
f 2661/3091/2661 2684/3114/2684 2662/3092/2662
f 2661/3091/2661 2683/3113/2683 2684/3114/2684
f 2662/3092/2662 2685/3115/2685 2663/3093/2663
f 2662/3092/2662 2684/3114/2684 2685/3115/2685
f 2663/3093/2663 2686/3116/2686 2664/3094/2664
f 2663/3093/2663 2685/3115/2685 2686/3116/2686
f 2664/3094/2664 2687/3117/2687 2665/3095/2665
f 2664/3094/2664 2686/3116/2686 2687/3117/2687
f 2665/3095/2665 2688/3118/2688 2666/3096/2666
f 2665/3095/2665 2687/3117/2687 2688/3118/2688
s 1
f 2667/3097/2667 2690/3120/2690 2668/3098/2668
f 2667/3097/2667 2689/3119/2689 2690/3120/2690
s 3
f 2668/3098/2668 2691/3121/2691 2669/3099/2669
f 2668/3098/2668 2690/3120/2690 2691/3121/2691
s 2
f 2669/3099/2669 2692/3122/2692 2670/3100/2670
f 2669/3099/2669 2691/3121/2691 2692/3122/2692
f 2670/3100/2670 2693/3123/2693 2671/3101/2671
f 2670/3100/2670 2692/3122/2692 2693/3123/2693
f 2671/3101/2671 2694/3124/2694 2672/3102/2672
f 2671/3101/2671 2693/3123/2693 2694/3124/2694
f 2672/3102/2672 2695/3125/2695 2673/3103/2673
f 2672/3102/2672 2694/3124/2694 2695/3125/2695
f 2673/3103/2673 2696/3126/2696 2674/3104/2674
f 2673/3103/2673 2695/3125/2695 2696/3126/2696
f 2674/3104/2674 2697/3127/2697 2675/3105/2675
f 2674/3104/2674 2696/3126/2696 2697/3127/2697
f 2675/3105/2675 2698/3128/2698 2676/3106/2676
f 2675/3105/2675 2697/3127/2697 2698/3128/2698
f 2676/3106/2676 2699/3129/2699 2677/3107/2677
f 2676/3106/2676 2698/3128/2698 2699/3129/2699
f 2677/3107/2677 2700/3130/2700 2678/3108/2678
f 2677/3107/2677 2699/3129/2699 2700/3130/2700
f 2678/3108/2678 2701/3131/2701 2679/3109/2679
f 2678/3108/2678 2700/3130/2700 2701/3131/2701
f 2679/3109/2679 2702/3132/2702 2680/3110/2680
f 2679/3109/2679 2701/3131/2701 2702/3132/2702
f 2680/3110/2680 2703/3133/2703 2681/3111/2681
f 2680/3110/2680 2702/3132/2702 2703/3133/2703
f 2681/3111/2681 2704/3134/2704 2682/3112/2682
f 2681/3111/2681 2703/3133/2703 2704/3134/2704
f 2682/3112/2682 2705/3135/2705 2683/3113/2683
f 2682/3112/2682 2704/3134/2704 2705/3135/2705
f 2683/3113/2683 2706/3136/2706 2684/3114/2684
f 2683/3113/2683 2705/3135/2705 2706/3136/2706
f 2684/3114/2684 2707/3137/2707 2685/3115/2685
f 2684/3114/2684 2706/3136/2706 2707/3137/2707
f 2685/3115/2685 2708/3138/2708 2686/3116/2686
f 2685/3115/2685 2707/3137/2707 2708/3138/2708
f 2686/3116/2686 2709/3139/2709 2687/3117/2687
f 2686/3116/2686 2708/3138/2708 2709/3139/2709
f 2687/3117/2687 2710/3140/2710 2688/3118/2688
f 2687/3117/2687 2709/3139/2709 2710/3140/2710
s 1
f 2689/3119/2689 2712/3142/2712 2690/3120/2690
f 2689/3119/2689 2711/3141/2711 2712/3142/2712
s 3
f 2690/3120/2690 2713/3143/2713 2691/3121/2691
f 2690/3120/2690 2712/3142/2712 2713/3143/2713
s 2
f 2691/3121/2691 2714/3144/2714 2692/3122/2692
f 2691/3121/2691 2713/3143/2713 2714/3144/2714
f 2692/3122/2692 2715/3145/2715 2693/3123/2693
f 2692/3122/2692 2714/3144/2714 2715/3145/2715
f 2693/3123/2693 2716/3146/2716 2694/3124/2694
f 2693/3123/2693 2715/3145/2715 2716/3146/2716
f 2694/3124/2694 2717/3147/2717 2695/3125/2695
f 2694/3124/2694 2716/3146/2716 2717/3147/2717
f 2695/3125/2695 2718/3148/2718 2696/3126/2696
f 2695/3125/2695 2717/3147/2717 2718/3148/2718
f 2696/3126/2696 2719/3149/2719 2697/3127/2697
f 2696/3126/2696 2718/3148/2718 2719/3149/2719
f 2697/3127/2697 2720/3150/2720 2698/3128/2698
f 2697/3127/2697 2719/3149/2719 2720/3150/2720
f 2698/3128/2698 2721/3151/2721 2699/3129/2699
f 2698/3128/2698 2720/3150/2720 2721/3151/2721
f 2699/3129/2699 2722/3152/2722 2700/3130/2700
f 2699/3129/2699 2721/3151/2721 2722/3152/2722
f 2700/3130/2700 2723/3153/2723 2701/3131/2701
f 2700/3130/2700 2722/3152/2722 2723/3153/2723
f 2701/3131/2701 2724/3154/2724 2702/3132/2702
f 2701/3131/2701 2723/3153/2723 2724/3154/2724
f 2702/3132/2702 2725/3155/2725 2703/3133/2703
f 2702/3132/2702 2724/3154/2724 2725/3155/2725
f 2703/3133/2703 2726/3156/2726 2704/3134/2704
f 2703/3133/2703 2725/3155/2725 2726/3156/2726
f 2704/3134/2704 2727/3157/2727 2705/3135/2705
f 2704/3134/2704 2726/3156/2726 2727/3157/2727
f 2705/3135/2705 2728/3158/2728 2706/3136/2706
f 2705/3135/2705 2727/3157/2727 2728/3158/2728
f 2706/3136/2706 2729/3159/2729 2707/3137/2707
f 2706/3136/2706 2728/3158/2728 2729/3159/2729
f 2707/3137/2707 2730/3160/2730 2708/3138/2708
f 2707/3137/2707 2729/3159/2729 2730/3160/2730
f 2708/3138/2708 2731/3161/2731 2709/3139/2709
f 2708/3138/2708 2730/3160/2730 2731/3161/2731
f 2709/3139/2709 2732/3162/2732 2710/3140/2710
f 2709/3139/2709 2731/3161/2731 2732/3162/2732
s 1
f 2711/3141/2711 2734/3164/2734 2712/3142/2712
f 2711/3141/2711 2733/3163/2733 2734/3164/2734
s 3
f 2712/3142/2712 2735/3165/2735 2713/3143/2713
f 2712/3142/2712 2734/3164/2734 2735/3165/2735
s 2
f 2713/3143/2713 2736/3166/2736 2714/3144/2714
f 2713/3143/2713 2735/3165/2735 2736/3166/2736
f 2714/3144/2714 2737/3167/2737 2715/3145/2715
f 2714/3144/2714 2736/3166/2736 2737/3167/2737
f 2715/3145/2715 2738/3168/2738 2716/3146/2716
f 2715/3145/2715 2737/3167/2737 2738/3168/2738
f 2716/3146/2716 2739/3169/2739 2717/3147/2717
f 2716/3146/2716 2738/3168/2738 2739/3169/2739
f 2717/3147/2717 2740/3170/2740 2718/3148/2718
f 2717/3147/2717 2739/3169/2739 2740/3170/2740
f 2718/3148/2718 2741/3171/2741 2719/3149/2719
f 2718/3148/2718 2740/3170/2740 2741/3171/2741
f 2719/3149/2719 2742/3172/2742 2720/3150/2720
f 2719/3149/2719 2741/3171/2741 2742/3172/2742
f 2720/3150/2720 2743/3173/2743 2721/3151/2721
f 2720/3150/2720 2742/3172/2742 2743/3173/2743
f 2721/3151/2721 2744/3174/2744 2722/3152/2722
f 2721/3151/2721 2743/3173/2743 2744/3174/2744
f 2722/3152/2722 2745/3175/2745 2723/3153/2723
f 2722/3152/2722 2744/3174/2744 2745/3175/2745
f 2723/3153/2723 2746/3176/2746 2724/3154/2724
f 2723/3153/2723 2745/3175/2745 2746/3176/2746
f 2724/3154/2724 2747/3177/2747 2725/3155/2725
f 2724/3154/2724 2746/3176/2746 2747/3177/2747
f 2725/3155/2725 2748/3178/2748 2726/3156/2726
f 2725/3155/2725 2747/3177/2747 2748/3178/2748
f 2726/3156/2726 2749/3179/2749 2727/3157/2727
f 2726/3156/2726 2748/3178/2748 2749/3179/2749
f 2727/3157/2727 2750/3180/2750 2728/3158/2728
f 2727/3157/2727 2749/3179/2749 2750/3180/2750
f 2728/3158/2728 2751/3181/2751 2729/3159/2729
f 2728/3158/2728 2750/3180/2750 2751/3181/2751
f 2729/3159/2729 2752/3182/2752 2730/3160/2730
f 2729/3159/2729 2751/3181/2751 2752/3182/2752
f 2730/3160/2730 2753/3183/2753 2731/3161/2731
f 2730/3160/2730 2752/3182/2752 2753/3183/2753
f 2731/3161/2731 2754/3184/2754 2732/3162/2732
f 2731/3161/2731 2753/3183/2753 2754/3184/2754
s 1
f 2733/3163/2733 2756/3186/2756 2734/3164/2734
f 2733/3163/2733 2755/3185/2755 2756/3186/2756
s 3
f 2734/3164/2734 2757/3187/2757 2735/3165/2735
f 2734/3164/2734 2756/3186/2756 2757/3187/2757
s 2
f 2735/3165/2735 2758/3188/2758 2736/3166/2736
f 2735/3165/2735 2757/3187/2757 2758/3188/2758
f 2736/3166/2736 2759/3189/2759 2737/3167/2737
f 2736/3166/2736 2758/3188/2758 2759/3189/2759
f 2737/3167/2737 2760/3190/2760 2738/3168/2738
f 2737/3167/2737 2759/3189/2759 2760/3190/2760
f 2738/3168/2738 2761/3191/2761 2739/3169/2739
f 2738/3168/2738 2760/3190/2760 2761/3191/2761
f 2739/3169/2739 2762/3192/2762 2740/3170/2740
f 2739/3169/2739 2761/3191/2761 2762/3192/2762
f 2740/3170/2740 2763/3193/2763 2741/3171/2741
f 2740/3170/2740 2762/3192/2762 2763/3193/2763
f 2741/3171/2741 2764/3194/2764 2742/3172/2742
f 2741/3171/2741 2763/3193/2763 2764/3194/2764
f 2742/3172/2742 2765/3195/2765 2743/3173/2743
f 2742/3172/2742 2764/3194/2764 2765/3195/2765
f 2743/3173/2743 2766/3196/2766 2744/3174/2744
f 2743/3173/2743 2765/3195/2765 2766/3196/2766
f 2744/3174/2744 2767/3197/2767 2745/3175/2745
f 2744/3174/2744 2766/3196/2766 2767/3197/2767
f 2745/3175/2745 2768/3198/2768 2746/3176/2746
f 2745/3175/2745 2767/3197/2767 2768/3198/2768
f 2746/3176/2746 2769/3199/2769 2747/3177/2747
f 2746/3176/2746 2768/3198/2768 2769/3199/2769
f 2747/3177/2747 2770/3200/2770 2748/3178/2748
f 2747/3177/2747 2769/3199/2769 2770/3200/2770
f 2748/3178/2748 2771/3201/2771 2749/3179/2749
f 2748/3178/2748 2770/3200/2770 2771/3201/2771
f 2749/3179/2749 2772/3202/2772 2750/3180/2750
f 2749/3179/2749 2771/3201/2771 2772/3202/2772
f 2750/3180/2750 2773/3203/2773 2751/3181/2751
f 2750/3180/2750 2772/3202/2772 2773/3203/2773
f 2751/3181/2751 2774/3204/2774 2752/3182/2752
f 2751/3181/2751 2773/3203/2773 2774/3204/2774
f 2752/3182/2752 2775/3205/2775 2753/3183/2753
f 2752/3182/2752 2774/3204/2774 2775/3205/2775
f 2753/3183/2753 2776/3206/2776 2754/3184/2754
f 2753/3183/2753 2775/3205/2775 2776/3206/2776
s 1
f 2755/3185/2755 2778/3208/2778 2756/3186/2756
f 2755/3185/2755 2777/3207/2777 2778/3208/2778
s 3
f 2756/3186/2756 2779/3209/2779 2757/3187/2757
f 2756/3186/2756 2778/3208/2778 2779/3209/2779
s 2
f 2757/3187/2757 2780/3210/2780 2758/3188/2758
f 2757/3187/2757 2779/3209/2779 2780/3210/2780
f 2758/3188/2758 2781/3211/2781 2759/3189/2759
f 2758/3188/2758 2780/3210/2780 2781/3211/2781
f 2759/3189/2759 2782/3212/2782 2760/3190/2760
f 2759/3189/2759 2781/3211/2781 2782/3212/2782
f 2760/3190/2760 2783/3213/2783 2761/3191/2761
f 2760/3190/2760 2782/3212/2782 2783/3213/2783
f 2761/3191/2761 2784/3214/2784 2762/3192/2762
f 2761/3191/2761 2783/3213/2783 2784/3214/2784
f 2762/3192/2762 2785/3215/2785 2763/3193/2763
f 2762/3192/2762 2784/3214/2784 2785/3215/2785
f 2763/3193/2763 2786/3216/2786 2764/3194/2764
f 2763/3193/2763 2785/3215/2785 2786/3216/2786
f 2764/3194/2764 2787/3217/2787 2765/3195/2765
f 2764/3194/2764 2786/3216/2786 2787/3217/2787
f 2765/3195/2765 2788/3218/2788 2766/3196/2766
f 2765/3195/2765 2787/3217/2787 2788/3218/2788
f 2766/3196/2766 2789/3219/2789 2767/3197/2767
f 2766/3196/2766 2788/3218/2788 2789/3219/2789
f 2767/3197/2767 2790/3220/2790 2768/3198/2768
f 2767/3197/2767 2789/3219/2789 2790/3220/2790
f 2768/3198/2768 2791/3221/2791 2769/3199/2769
f 2768/3198/2768 2790/3220/2790 2791/3221/2791
f 2769/3199/2769 2792/3222/2792 2770/3200/2770
f 2769/3199/2769 2791/3221/2791 2792/3222/2792
f 2770/3200/2770 2793/3223/2793 2771/3201/2771
f 2770/3200/2770 2792/3222/2792 2793/3223/2793
f 2771/3201/2771 2794/3224/2794 2772/3202/2772
f 2771/3201/2771 2793/3223/2793 2794/3224/2794
f 2772/3202/2772 2795/3225/2795 2773/3203/2773
f 2772/3202/2772 2794/3224/2794 2795/3225/2795
f 2773/3203/2773 2796/3226/2796 2774/3204/2774
f 2773/3203/2773 2795/3225/2795 2796/3226/2796
f 2774/3204/2774 2797/3227/2797 2775/3205/2775
f 2774/3204/2774 2796/3226/2796 2797/3227/2797
f 2775/3205/2775 2798/3228/2798 2776/3206/2776
f 2775/3205/2775 2797/3227/2797 2798/3228/2798
s 1
f 2777/3207/2777 2272/3230/2272 2778/3208/2778
f 2777/3207/2777 2271/3229/2271 2272/3230/2272
s 3
f 2778/3208/2778 2273/3231/2273 2779/3209/2779
f 2778/3208/2778 2272/3230/2272 2273/3231/2273
s 2
f 2779/3209/2779 2274/3232/2274 2780/3210/2780
f 2779/3209/2779 2273/3231/2273 2274/3232/2274
f 2780/3210/2780 2275/3233/2275 2781/3211/2781
f 2780/3210/2780 2274/3232/2274 2275/3233/2275
f 2781/3211/2781 2276/3234/2276 2782/3212/2782
f 2781/3211/2781 2275/3233/2275 2276/3234/2276
f 2782/3212/2782 2277/3235/2277 2783/3213/2783
f 2782/3212/2782 2276/3234/2276 2277/3235/2277
f 2783/3213/2783 2278/3236/2278 2784/3214/2784
f 2783/3213/2783 2277/3235/2277 2278/3236/2278
f 2784/3214/2784 2279/3237/2279 2785/3215/2785
f 2784/3214/2784 2278/3236/2278 2279/3237/2279
f 2785/3215/2785 2280/3238/2280 2786/3216/2786
f 2785/3215/2785 2279/3237/2279 2280/3238/2280
f 2786/3216/2786 2281/3239/2281 2787/3217/2787
f 2786/3216/2786 2280/3238/2280 2281/3239/2281
f 2787/3217/2787 2282/3240/2282 2788/3218/2788
f 2787/3217/2787 2281/3239/2281 2282/3240/2282
f 2788/3218/2788 2283/3241/2283 2789/3219/2789
f 2788/3218/2788 2282/3240/2282 2283/3241/2283
f 2789/3219/2789 2284/3242/2284 2790/3220/2790
f 2789/3219/2789 2283/3241/2283 2284/3242/2284
f 2790/3220/2790 2285/3243/2285 2791/3221/2791
f 2790/3220/2790 2284/3242/2284 2285/3243/2285
f 2791/3221/2791 2286/3244/2286 2792/3222/2792
f 2791/3221/2791 2285/3243/2285 2286/3244/2286
f 2792/3222/2792 2287/3245/2287 2793/3223/2793
f 2792/3222/2792 2286/3244/2286 2287/3245/2287
f 2793/3223/2793 2288/3246/2288 2794/3224/2794
f 2793/3223/2793 2287/3245/2287 2288/3246/2288
f 2794/3224/2794 2289/3247/2289 2795/3225/2795
f 2794/3224/2794 2288/3246/2288 2289/3247/2289
f 2795/3225/2795 2290/3248/2290 2796/3226/2796
f 2795/3225/2795 2289/3247/2289 2290/3248/2290
f 2796/3226/2796 2291/3249/2291 2797/3227/2797
f 2796/3226/2796 2290/3248/2290 2291/3249/2291
f 2797/3227/2797 2292/3250/2292 2798/3228/2798
f 2797/3227/2797 2291/3249/2291 2292/3250/2292
# 1008 faces

g
# object Box12 to come ...
#
v  -167.087875 58.367443 -46.133202
v  -167.087875 58.367443 -45.133202
v  -217.087875 58.367435 -46.133202
v  -217.087875 58.367435 -45.133202
v  -167.087875 69.867439 -46.133202
v  -167.087875 69.867439 -45.133202
v  -217.087875 69.867439 -46.133202
v  -217.087875 69.867439 -45.133202
# 8 vertices

vt  0.000000 0.000000 0.000000
vt  1.000000 0.000000 0.000000
vt  0.000000 1.000000 0.000000
vt  1.000000 1.000000 0.000000
vt  0.000000 0.000000 0.000000
vt  1.000000 0.000000 0.000000
vt  0.000000 1.000000 0.000000
vt  1.000000 1.000000 0.000000
vt  0.000000 0.000000 0.000000
vt  1.000000 0.000000 0.000000
vt  0.000000 1.000000 0.000000
vt  1.000000 1.000000 0.000000
# 12 texture vertices

vn  0.000000 -2.000000 0.000000
vn  0.000000 -1.000000 0.000000
vn  0.000000 -1.000000 0.000000
vn  0.000000 -2.000000 0.000000
vn  -0.000000 2.000000 -0.000000
vn  -0.000000 1.000000 -0.000000
vn  -0.000000 1.000000 -0.000000
vn  -0.000000 2.000000 -0.000000
# 8 vertex normals

g Box12
usemtl drevo_skrin
s 2
f 2802/3261/2802 2801/3262/2801 2799/3260/2799
f 2799/3260/2799 2800/3259/2800 2802/3261/2802
s 4
f 2806/3262/2806 2804/3260/2804 2803/3259/2803
f 2803/3259/2803 2805/3261/2805 2806/3262/2806
s 8
f 2804/3258/2804 2800/3256/2800 2799/3255/2799
f 2799/3255/2799 2803/3257/2803 2804/3258/2804
s 16
f 2806/3254/2806 2802/3252/2802 2800/3251/2800
f 2800/3251/2800 2804/3253/2804 2806/3254/2806
s 32
f 2805/3258/2805 2801/3256/2801 2802/3255/2802
f 2802/3255/2802 2806/3257/2806 2805/3258/2805
s 64
f 2803/3254/2803 2799/3252/2799 2801/3251/2801
f 2801/3251/2801 2805/3253/2805 2803/3254/2803
# 12 faces

g
# object Box13 to come ...
#
v  -165.093246 57.881271 -42.471207
v  -165.093246 57.881271 -76.971207
v  -167.093246 57.881271 -42.471207
v  -167.093246 57.881271 -76.971207
v  -165.093246 71.881271 -42.471207
v  -165.093246 71.881271 -76.971207
v  -167.093246 71.881271 -42.471207
v  -167.093246 71.881271 -76.971207
# 8 vertices

vt  0.000000 0.000000 0.000000
vt  1.000000 0.000000 0.000000
vt  0.000000 1.000000 0.000000
vt  1.000000 1.000000 0.000000
vt  0.000000 0.000000 0.000000
vt  1.000000 0.000000 0.000000
vt  0.000000 1.000000 0.000000
vt  1.000000 1.000000 0.000000
vt  0.000000 0.000000 0.000000
vt  1.000000 0.000000 0.000000
vt  0.000000 1.000000 0.000000
vt  1.000000 1.000000 0.000000
# 12 texture vertices

vn  0.000000 -2.000000 -0.000000
vn  0.000000 -1.000000 -0.000000
vn  0.000000 -1.000000 -0.000000
vn  0.000000 -2.000000 -0.000000
vn  0.000000 2.000000 -0.000000
vn  0.000000 1.000000 -0.000000
vn  0.000000 1.000000 -0.000000
vn  0.000000 2.000000 -0.000000
# 8 vertex normals

g Box13
usemtl drevo_skrin
s 2
f 2807/3272/2807 2809/3274/2809 2810/3273/2810
f 2810/3273/2810 2808/3271/2808 2807/3272/2807
s 4
f 2811/3271/2811 2812/3272/2812 2814/3274/2814
f 2814/3274/2814 2813/3273/2813 2811/3271/2811
s 8
f 2807/3267/2807 2808/3268/2808 2812/3270/2812
f 2812/3270/2812 2811/3269/2811 2807/3267/2807
s 16
f 2808/3263/2808 2810/3264/2810 2814/3266/2814
f 2814/3266/2814 2812/3265/2812 2808/3263/2808
s 32
f 2810/3267/2810 2809/3268/2809 2813/3270/2813
f 2813/3270/2813 2814/3269/2814 2810/3267/2810
s 64
f 2809/3263/2809 2807/3264/2807 2811/3266/2811
f 2811/3266/2811 2813/3265/2813 2809/3263/2809
# 12 faces

g
# object Box14 to come ...
#
v  -216.091949 58.371361 -45.721210
v  -216.091949 58.371361 -73.721207
v  -217.091949 58.371361 -45.721210
v  -217.091949 58.371361 -73.721207
v  -216.091949 69.871361 -45.721210
v  -216.091949 69.871361 -73.721207
v  -217.091949 69.871361 -45.721210
v  -217.091949 69.871361 -73.721207
# 8 vertices

vt  0.000000 0.000000 0.000000
vt  1.000000 0.000000 0.000000
vt  0.000000 1.000000 0.000000
vt  1.000000 1.000000 0.000000
vt  0.000000 0.000000 0.000000
vt  1.000000 0.000000 0.000000
vt  0.000000 1.000000 0.000000
vt  1.000000 1.000000 0.000000
vt  0.000000 0.000000 0.000000
vt  1.000000 0.000000 0.000000
vt  0.000000 1.000000 0.000000
vt  1.000000 1.000000 0.000000
# 12 texture vertices

vn  0.000000 -2.000000 -0.000000
vn  0.000000 -1.000000 -0.000000
vn  0.000000 -1.000000 -0.000000
vn  0.000000 -2.000000 -0.000000
vn  0.000000 2.000000 -0.000000
vn  0.000000 1.000000 -0.000000
vn  0.000000 1.000000 -0.000000
vn  0.000000 2.000000 -0.000000
# 8 vertex normals

g Box14
usemtl drevo_skrin
s 2
f 2815/3284/2815 2817/3286/2817 2818/3285/2818
f 2818/3285/2818 2816/3283/2816 2815/3284/2815
s 4
f 2819/3283/2819 2820/3284/2820 2822/3286/2822
f 2822/3286/2822 2821/3285/2821 2819/3283/2819
s 8
f 2815/3279/2815 2816/3280/2816 2820/3282/2820
f 2820/3282/2820 2819/3281/2819 2815/3279/2815
s 16
f 2816/3275/2816 2818/3276/2818 2822/3278/2822
f 2822/3278/2822 2820/3277/2820 2816/3275/2816
s 32
f 2818/3279/2818 2817/3280/2817 2821/3282/2821
f 2821/3282/2821 2822/3281/2822 2818/3279/2818
s 64
f 2817/3275/2817 2815/3276/2815 2819/3278/2819
f 2819/3278/2819 2821/3277/2821 2817/3275/2817
# 12 faces

g
# object Box15 to come ...
#
v  -166.870346 58.371181 -45.835655
v  -166.870331 58.371181 -73.835655
v  -216.170349 58.371181 -45.835655
v  -216.170334 58.371181 -73.835655
v  -166.870346 58.571182 -45.835655
v  -166.870331 58.571182 -73.835655
v  -216.170349 58.571182 -45.835655
v  -216.170334 58.571182 -73.835655
# 8 vertices

vt  0.000000 0.000000 0.000000
vt  1.000000 0.000000 0.000000
vt  0.000000 1.000000 0.000000
vt  1.000000 1.000000 0.000000
vt  0.000000 0.000000 0.000000
vt  1.000000 0.000000 0.000000
vt  0.000000 1.000000 0.000000
vt  1.000000 1.000000 0.000000
vt  0.000000 0.000000 0.000000
vt  1.000000 0.000000 0.000000
vt  0.000000 1.000000 0.000000
vt  1.000000 1.000000 0.000000
# 12 texture vertices

vn  0.000000 -2.000000 -0.000000
vn  0.000000 -1.000000 -0.000000
vn  0.000000 -1.000000 -0.000000
vn  0.000000 -2.000000 -0.000000
vn  0.000000 2.000000 -0.000000
vn  0.000000 1.000000 -0.000000
vn  0.000000 1.000000 -0.000000
vn  0.000000 2.000000 -0.000000
# 8 vertex normals

g Box15
usemtl drevo_skrin
s 2
f 2823/3296/2823 2825/3298/2825 2826/3297/2826
f 2826/3297/2826 2824/3295/2824 2823/3296/2823
s 4
f 2827/3295/2827 2828/3296/2828 2830/3298/2830
f 2830/3298/2830 2829/3297/2829 2827/3295/2827
s 8
f 2823/3291/2823 2824/3292/2824 2828/3294/2828
f 2828/3294/2828 2827/3293/2827 2823/3291/2823
s 16
f 2824/3287/2824 2826/3288/2826 2830/3290/2830
f 2830/3290/2830 2828/3289/2828 2824/3287/2824
s 32
f 2826/3291/2826 2825/3292/2825 2829/3294/2829
f 2829/3294/2829 2830/3293/2830 2826/3291/2826
s 64
f 2825/3287/2825 2823/3288/2823 2827/3290/2827
f 2827/3290/2827 2829/3289/2829 2825/3287/2825
# 12 faces

g
# object Box16 to come ...
#
v  -167.087875 58.367439 -73.280846
v  -167.087875 58.367439 -74.280846
v  -217.087875 58.367439 -73.280846
v  -217.087875 58.367439 -74.280846
v  -167.087875 69.867439 -73.280846
v  -167.087875 69.867439 -74.280846
v  -217.087875 69.867439 -73.280846
v  -217.087875 69.867439 -74.280846
# 8 vertices

vt  0.000000 0.000000 0.000000
vt  1.000000 0.000000 0.000000
vt  0.000000 1.000000 0.000000
vt  1.000000 1.000000 0.000000
vt  0.000000 0.000000 0.000000
vt  1.000000 0.000000 0.000000
vt  0.000000 1.000000 0.000000
vt  1.000000 1.000000 0.000000
vt  0.000000 0.000000 0.000000
vt  1.000000 0.000000 0.000000
vt  0.000000 1.000000 0.000000
vt  1.000000 1.000000 0.000000
# 12 texture vertices

vn  0.000000 -2.000000 -0.000000
vn  0.000000 -1.000000 -0.000000
vn  0.000000 -1.000000 -0.000000
vn  0.000000 -2.000000 -0.000000
vn  0.000000 2.000000 -0.000000
vn  0.000000 1.000000 -0.000000
vn  0.000000 1.000000 -0.000000
vn  0.000000 2.000000 -0.000000
# 8 vertex normals

g Box16
usemtl drevo_skrin
s 2
f 2831/3308/2831 2833/3310/2833 2834/3309/2834
f 2834/3309/2834 2832/3307/2832 2831/3308/2831
s 4
f 2835/3307/2835 2836/3308/2836 2838/3310/2838
f 2838/3310/2838 2837/3309/2837 2835/3307/2835
s 8
f 2831/3303/2831 2832/3304/2832 2836/3306/2836
f 2836/3306/2836 2835/3305/2835 2831/3303/2831
s 16
f 2832/3299/2832 2834/3300/2834 2838/3302/2838
f 2838/3302/2838 2836/3301/2836 2832/3299/2832
s 32
f 2834/3303/2834 2833/3304/2833 2837/3306/2837
f 2837/3306/2837 2838/3305/2838 2834/3303/2834
s 64
f 2833/3299/2833 2831/3300/2831 2835/3302/2835
f 2835/3302/2835 2837/3301/2837 2833/3299/2833
# 12 faces

g
# object Cylinder01 to come ...
#
v  -154.427322 79.538742 -59.719601
v  -154.427322 79.538742 -59.032665
v  -154.427322 79.705872 -59.051182
v  -154.427322 79.863998 -59.105732
v  -154.427322 80.004585 -59.193378
v  -154.427322 80.120064 -59.309391
v  -154.427322 80.204193 -59.447521
v  -154.427322 80.252457 -59.600315
v  -154.427322 80.262238 -59.759544
v  -154.427322 80.233025 -59.916615
v  -154.427322 80.166374 -60.063068
v  -154.427322 80.065887 -60.191006
v  -154.427322 79.936981 -60.293526
v  -154.427322 79.786613 -60.365108
v  -154.427322 79.622879 -60.401890
v  -154.427322 79.454605 -60.401890
v  -154.427322 79.290871 -60.365108
v  -154.427322 79.140495 -60.293526
v  -154.427322 79.011597 -60.191006
v  -154.427322 78.911110 -60.063068
v  -154.427322 78.844460 -59.916615
v  -154.427322 78.815247 -59.759544
v  -154.427322 78.825027 -59.600315
v  -154.427322 78.873291 -59.447521
v  -154.427322 78.957420 -59.309391
v  -154.427322 79.072899 -59.193378
v  -154.427322 79.213486 -59.105732
v  -154.427322 79.371605 -59.051182
v  -154.494019 79.538742 -59.032665
v  -154.494019 79.705872 -59.051182
v  -154.494019 79.863998 -59.105732
v  -154.494019 80.004585 -59.193378
v  -154.494019 80.120064 -59.309391
v  -154.494019 80.204193 -59.447521
v  -154.494019 80.252457 -59.600315
v  -154.494019 80.262238 -59.759544
v  -154.494019 80.233025 -59.916615
v  -154.494019 80.166374 -60.063068
v  -154.494019 80.065887 -60.191006
v  -154.494019 79.936981 -60.293526
v  -154.494019 79.786613 -60.365108
v  -154.494019 79.622879 -60.401890
v  -154.494019 79.454605 -60.401890
v  -154.494019 79.290871 -60.365108
v  -154.494019 79.140495 -60.293526
v  -154.494019 79.011597 -60.191006
v  -154.494019 78.911110 -60.063068
v  -154.494019 78.844460 -59.916615
v  -154.494019 78.815247 -59.759544
v  -154.494019 78.825027 -59.600315
v  -154.494019 78.873291 -59.447521
v  -154.494019 78.957420 -59.309391
v  -154.494019 79.072899 -59.193378
v  -154.494019 79.213486 -59.105732
v  -154.494019 79.371605 -59.051182
v  -154.560715 79.538742 -59.032665
v  -154.560715 79.705872 -59.051182
v  -154.560715 79.863998 -59.105732
v  -154.560715 80.004585 -59.193378
v  -154.560715 80.120064 -59.309391
v  -154.560715 80.204193 -59.447521
v  -154.560715 80.252457 -59.600315
v  -154.560715 80.262238 -59.759544
v  -154.560715 80.233025 -59.916615
v  -154.560715 80.166374 -60.063068
v  -154.560715 80.065887 -60.191006
v  -154.560715 79.936981 -60.293526
v  -154.560715 79.786613 -60.365108
v  -154.560715 79.622879 -60.401890
v  -154.560715 79.454605 -60.401890
v  -154.560715 79.290871 -60.365108
v  -154.560715 79.140495 -60.293526
v  -154.560715 79.011597 -60.191006
v  -154.560715 78.911110 -60.063068
v  -154.560715 78.844460 -59.916615
v  -154.560715 78.815247 -59.759544
v  -154.560715 78.825027 -59.600315
v  -154.560715 78.873291 -59.447521
v  -154.560715 78.957420 -59.309391
v  -154.560715 79.072899 -59.193378
v  -154.560715 79.213486 -59.105732
v  -154.560715 79.371605 -59.051182
v  -154.627411 79.538742 -59.032665
v  -154.627411 79.705872 -59.051182
v  -154.627411 79.863998 -59.105732
v  -154.627411 80.004585 -59.193378
v  -154.627411 80.120064 -59.309391
v  -154.627411 80.204193 -59.447521
v  -154.627411 80.252457 -59.600315
v  -154.627411 80.262238 -59.759544
v  -154.627411 80.233025 -59.916615
v  -154.627411 80.166374 -60.063068
v  -154.627411 80.065887 -60.191006
v  -154.627411 79.936981 -60.293526
v  -154.627411 79.786613 -60.365108
v  -154.627411 79.622879 -60.401890
v  -154.627411 79.454605 -60.401890
v  -154.627411 79.290871 -60.365108
v  -154.627411 79.140495 -60.293526
v  -154.627411 79.011597 -60.191006
v  -154.627411 78.911110 -60.063068
v  -154.627411 78.844460 -59.916615
v  -154.627411 78.815247 -59.759544
v  -154.627411 78.825027 -59.600315
v  -154.627411 78.873291 -59.447521
v  -154.627411 78.957420 -59.309391
v  -154.627411 79.072899 -59.193378
v  -154.627411 79.213486 -59.105732
v  -154.627411 79.371605 -59.051182
v  -154.694107 79.538742 -59.032665
v  -154.694107 79.705872 -59.051182
v  -154.694107 79.863998 -59.105732
v  -154.694107 80.004585 -59.193378
v  -154.694107 80.120064 -59.309391
v  -154.694107 80.204193 -59.447521
v  -154.694107 80.252457 -59.600315
v  -154.694107 80.262238 -59.759544
v  -154.694107 80.233025 -59.916615
v  -154.694107 80.166374 -60.063068
v  -154.694107 80.065887 -60.191006
v  -154.694107 79.936981 -60.293526
v  -154.694107 79.786613 -60.365108
v  -154.694107 79.622879 -60.401890
v  -154.694107 79.454605 -60.401890
v  -154.694107 79.290871 -60.365108
v  -154.694107 79.140495 -60.293526
v  -154.694107 79.011597 -60.191006
v  -154.694107 78.911110 -60.063068
v  -154.694107 78.844460 -59.916615
v  -154.694107 78.815247 -59.759544
v  -154.694107 78.825027 -59.600315
v  -154.694107 78.873291 -59.447521
v  -154.694107 78.957420 -59.309391
v  -154.694107 79.072899 -59.193378
v  -154.694107 79.213486 -59.105732
v  -154.694107 79.371605 -59.051182
v  -154.760803 79.538742 -59.032665
v  -154.760803 79.705872 -59.051182
v  -154.760803 79.863998 -59.105732
v  -154.760803 80.004585 -59.193378
v  -154.760803 80.120064 -59.309391
v  -154.760803 80.204193 -59.447521
v  -154.760803 80.252457 -59.600315
v  -154.760803 80.262238 -59.759544
v  -154.760803 80.233025 -59.916615
v  -154.760803 80.166374 -60.063068
v  -154.760803 80.065887 -60.191006
v  -154.760803 79.936981 -60.293526
v  -154.760803 79.786613 -60.365108
v  -154.760803 79.622879 -60.401890
v  -154.760803 79.454605 -60.401890
v  -154.760803 79.290871 -60.365108
v  -154.760803 79.140495 -60.293526
v  -154.760803 79.011597 -60.191006
v  -154.760803 78.911110 -60.063068
v  -154.760803 78.844460 -59.916615
v  -154.760803 78.815247 -59.759544
v  -154.760803 78.825027 -59.600315
v  -154.760803 78.873291 -59.447521
v  -154.760803 78.957420 -59.309391
v  -154.760803 79.072899 -59.193378
v  -154.760803 79.213486 -59.105732
v  -154.760803 79.371605 -59.051182
v  -154.760803 79.538742 -59.719601
# 164 vertices

vt  0.500000 0.000000 0.000000
vt  0.750000 0.000000 1.000000
vt  0.787037 0.000000 1.000000
vt  0.824074 0.000000 1.000000
vt  0.861111 0.000000 1.000000
vt  0.898148 0.000000 1.000000
vt  0.935185 0.000000 1.000000
vt  0.972222 0.000000 1.000000
vt  0.009259 0.000000 1.000000
vt  0.046296 0.000000 1.000000
vt  0.083333 0.000000 1.000000
vt  0.120370 0.000000 1.000000
vt  0.157407 0.000000 1.000000
vt  0.194444 0.000000 1.000000
vt  0.231482 0.000000 1.000000
vt  0.268519 0.000000 1.000000
vt  0.305556 0.000000 1.000000
vt  0.342593 0.000000 1.000000
vt  0.379630 0.000000 1.000000
vt  0.416667 0.000000 1.000000
vt  0.453704 0.000000 1.000000
vt  0.490741 0.000000 1.000000
vt  0.527778 0.000000 1.000000
vt  0.564815 0.000000 1.000000
vt  0.601852 0.000000 1.000000
vt  0.638889 0.000000 1.000000
vt  0.675926 0.000000 1.000000
vt  0.712963 0.000000 1.000000
vt  0.750000 0.200000 1.000000
vt  0.787037 0.200000 1.000000
vt  0.824074 0.200000 1.000000
vt  0.861111 0.200000 1.000000
vt  0.898148 0.200000 1.000000
vt  0.935185 0.200000 1.000000
vt  0.972222 0.200000 1.000000
vt  0.009259 0.200000 1.000000
vt  0.046296 0.200000 1.000000
vt  0.083333 0.200000 1.000000
vt  0.120370 0.200000 1.000000
vt  0.157407 0.200000 1.000000
vt  0.194444 0.200000 1.000000
vt  0.231482 0.200000 1.000000
vt  0.268519 0.200000 1.000000
vt  0.305556 0.200000 1.000000
vt  0.342593 0.200000 1.000000
vt  0.379630 0.200000 1.000000
vt  0.416667 0.200000 1.000000
vt  0.453704 0.200000 1.000000
vt  0.490741 0.200000 1.000000
vt  0.527778 0.200000 1.000000
vt  0.564815 0.200000 1.000000
vt  0.601852 0.200000 1.000000
vt  0.638889 0.200000 1.000000
vt  0.675926 0.200000 1.000000
vt  0.712963 0.200000 1.000000
vt  0.750000 0.400000 1.000000
vt  0.787037 0.400000 1.000000
vt  0.824074 0.400000 1.000000
vt  0.861111 0.400000 1.000000
vt  0.898148 0.400000 1.000000
vt  0.935185 0.400000 1.000000
vt  0.972222 0.400000 1.000000
vt  0.009259 0.400000 1.000000
vt  0.046296 0.400000 1.000000
vt  0.083333 0.400000 1.000000
vt  0.120370 0.400000 1.000000
vt  0.157407 0.400000 1.000000
vt  0.194444 0.400000 1.000000
vt  0.231482 0.400000 1.000000
vt  0.268519 0.400000 1.000000
vt  0.305556 0.400000 1.000000
vt  0.342593 0.400000 1.000000
vt  0.379630 0.400000 1.000000
vt  0.416667 0.400000 1.000000
vt  0.453704 0.400000 1.000000
vt  0.490741 0.400000 1.000000
vt  0.527778 0.400000 1.000000
vt  0.564815 0.400000 1.000000
vt  0.601852 0.400000 1.000000
vt  0.638889 0.400000 1.000000
vt  0.675926 0.400000 1.000000
vt  0.712963 0.400000 1.000000
vt  0.750000 0.600000 1.000000
vt  0.787037 0.600000 1.000000
vt  0.824074 0.600000 1.000000
vt  0.861111 0.600000 1.000000
vt  0.898148 0.600000 1.000000
vt  0.935185 0.600000 1.000000
vt  0.972222 0.600000 1.000000
vt  0.009259 0.600000 1.000000
vt  0.046296 0.600000 1.000000
vt  0.083333 0.600000 1.000000
vt  0.120370 0.600000 1.000000
vt  0.157407 0.600000 1.000000
vt  0.194444 0.600000 1.000000
vt  0.231482 0.600000 1.000000
vt  0.268519 0.600000 1.000000
vt  0.305556 0.600000 1.000000
vt  0.342593 0.600000 1.000000
vt  0.379630 0.600000 1.000000
vt  0.416667 0.600000 1.000000
vt  0.453704 0.600000 1.000000
vt  0.490741 0.600000 1.000000
vt  0.527778 0.600000 1.000000
vt  0.564815 0.600000 1.000000
vt  0.601852 0.600000 1.000000
vt  0.638889 0.600000 1.000000
vt  0.675926 0.600000 1.000000
vt  0.712963 0.600000 1.000000
vt  0.750000 0.800000 1.000000
vt  0.787037 0.800000 1.000000
vt  0.824074 0.800000 1.000000
vt  0.861111 0.800000 1.000000
vt  0.898148 0.800000 1.000000
vt  0.935185 0.800000 1.000000
vt  0.972222 0.800000 1.000000
vt  0.009259 0.800000 1.000000
vt  0.046296 0.800000 1.000000
vt  0.083333 0.800000 1.000000
vt  0.120370 0.800000 1.000000
vt  0.157407 0.800000 1.000000
vt  0.194444 0.800000 1.000000
vt  0.231482 0.800000 1.000000
vt  0.268519 0.800000 1.000000
vt  0.305556 0.800000 1.000000
vt  0.342593 0.800000 1.000000
vt  0.379630 0.800000 1.000000
vt  0.416667 0.800000 1.000000
vt  0.453704 0.800000 1.000000
vt  0.490741 0.800000 1.000000
vt  0.527778 0.800000 1.000000
vt  0.564815 0.800000 1.000000
vt  0.601852 0.800000 1.000000
vt  0.638889 0.800000 1.000000
vt  0.675926 0.800000 1.000000
vt  0.712963 0.800000 1.000000
vt  0.750000 1.000000 1.000000
vt  0.787037 1.000000 1.000000
vt  0.824074 1.000000 1.000000
vt  0.861111 1.000000 1.000000
vt  0.898148 1.000000 1.000000
vt  0.935185 1.000000 1.000000
vt  0.972222 1.000000 1.000000
vt  0.009259 1.000000 1.000000
vt  0.046296 1.000000 1.000000
vt  0.083333 1.000000 1.000000
vt  0.120370 1.000000 1.000000
vt  0.157407 1.000000 1.000000
vt  0.194444 1.000000 1.000000
vt  0.231482 1.000000 1.000000
vt  0.268519 1.000000 1.000000
vt  0.305556 1.000000 1.000000
vt  0.342593 1.000000 1.000000
vt  0.379630 1.000000 1.000000
vt  0.416667 1.000000 1.000000
vt  0.453704 1.000000 1.000000
vt  0.490741 1.000000 1.000000
vt  0.527778 1.000000 1.000000
vt  0.564815 1.000000 1.000000
vt  0.601852 1.000000 1.000000
vt  0.638889 1.000000 1.000000
vt  0.675926 1.000000 1.000000
vt  0.712963 1.000000 1.000000
vt  0.500000 1.000000 0.000000
vt  -0.027778 0.000000 1.000000
vt  -0.027778 0.000000 1.000000
vt  -0.027778 0.200000 1.000000
vt  -0.027778 0.000000 1.000000
vt  -0.027778 0.200000 1.000000
vt  -0.027778 0.400000 1.000000
vt  -0.027778 0.200000 1.000000
vt  -0.027778 0.400000 1.000000
vt  -0.027778 0.600000 1.000000
vt  -0.027778 0.400000 1.000000
vt  -0.027778 0.600000 1.000000
vt  -0.027778 0.800000 1.000000
vt  -0.027778 0.600000 1.000000
vt  -0.027778 0.800000 1.000000
vt  -0.027778 1.000000 1.000000
vt  -0.027778 0.800000 1.000000
vt  -0.027778 1.000000 1.000000
# 181 texture vertices

vn  1.299925 0.000000 0.000001
vn  2.599850 0.000000 0.000001
vn  2.599850 0.000000 0.000001
vn  2.599850 0.000000 0.000001
vn  2.599850 0.000000 0.000001
vn  2.599850 0.000000 0.000001
vn  2.599850 0.000000 0.000001
vn  2.599850 0.000000 0.000001
vn  2.599850 0.000000 0.000001
vn  2.599850 0.000000 0.000001
vn  2.599850 0.000000 0.000001
vn  2.599850 0.000000 0.000001
vn  2.599850 0.000000 0.000001
vn  2.599850 0.000000 0.000001
vn  2.599850 0.000000 0.000001
vn  2.599850 0.000000 0.000001
vn  2.599850 0.000000 0.000001
vn  2.599850 0.000000 0.000001
vn  2.599850 0.000000 0.000001
vn  2.599850 0.000000 0.000001
vn  2.599850 0.000000 0.000001
vn  2.599850 0.000000 0.000001
vn  2.599850 0.000000 0.000001
vn  2.599850 0.000000 0.000001
vn  2.599850 0.000000 0.000001
vn  2.599850 0.000000 0.000001
vn  2.599850 0.000000 0.000001
vn  2.599850 0.000000 0.000001
vn  -0.000001 -0.000001 1.299925
vn  -0.000001 0.316275 1.264885
vn  -0.000000 0.615500 1.161655
vn  -0.000000 0.881543 0.995800
vn  -0.000000 1.100062 0.776261
vn  -0.000000 1.259276 0.514874
vn  -0.000000 1.350602 0.225729
vn  -0.000000 1.369117 -0.075584
vn  0.000000 1.313823 -0.372823
vn  0.000000 1.187699 -0.649963
vn  0.000000 0.997547 -0.892063
vn  0.000000 0.753617 -1.086072
vn  0.000000 0.469059 -1.221530
vn  0.000001 0.159214 -1.291135
vn  0.000001 -0.159214 -1.291135
vn  0.000001 -0.469059 -1.221530
vn  0.000000 -0.753617 -1.086071
vn  0.000000 -0.997548 -0.892062
vn  0.000000 -1.187700 -0.649962
vn  0.000000 -1.313823 -0.372823
vn  0.000000 -1.369117 -0.075584
vn  -0.000000 -1.350602 0.225729
vn  -0.000000 -1.259276 0.514873
vn  -0.000000 -1.100062 0.776260
vn  -0.000000 -0.881544 0.995799
vn  -0.000000 -0.615501 1.161655
vn  -0.000000 -0.316277 1.264885
vn  -0.000001 -0.000001 1.299925
vn  -0.000001 0.316275 1.264885
vn  -0.000000 0.615500 1.161655
vn  -0.000000 0.881543 0.995800
vn  -0.000000 1.100062 0.776261
vn  -0.000000 1.259276 0.514874
vn  -0.000000 1.350602 0.225729
vn  -0.000000 1.369117 -0.075584
vn  0.000000 1.313823 -0.372823
vn  0.000000 1.187699 -0.649963
vn  0.000000 0.997547 -0.892063
vn  0.000000 0.753617 -1.086072
vn  0.000000 0.469059 -1.221530
vn  0.000001 0.159214 -1.291135
vn  0.000001 -0.159214 -1.291135
vn  0.000001 -0.469059 -1.221530
vn  0.000000 -0.753617 -1.086071
vn  0.000000 -0.997548 -0.892062
vn  0.000000 -1.187700 -0.649962
vn  0.000000 -1.313823 -0.372823
vn  0.000000 -1.369117 -0.075584
vn  -0.000000 -1.350602 0.225729
vn  -0.000000 -1.259276 0.514873
vn  -0.000000 -1.100062 0.776260
vn  -0.000000 -0.881544 0.995799
vn  -0.000000 -0.615501 1.161655
vn  -0.000000 -0.316277 1.264885
vn  -0.000001 -0.000001 1.299925
vn  -0.000001 0.316275 1.264885
vn  -0.000000 0.615500 1.161655
vn  -0.000000 0.881543 0.995800
vn  -0.000000 1.100062 0.776261
vn  -0.000000 1.259276 0.514874
vn  -0.000000 1.350602 0.225729
vn  -0.000000 1.369117 -0.075584
vn  0.000000 1.313823 -0.372823
vn  0.000000 1.187699 -0.649963
vn  0.000000 0.997547 -0.892063
vn  0.000000 0.753617 -1.086072
vn  0.000000 0.469059 -1.221530
vn  0.000001 0.159214 -1.291135
vn  0.000001 -0.159214 -1.291135
vn  0.000001 -0.469059 -1.221530
vn  0.000000 -0.753617 -1.086071
vn  0.000000 -0.997548 -0.892062
vn  0.000000 -1.187700 -0.649962
vn  0.000000 -1.313823 -0.372823
vn  0.000000 -1.369117 -0.075584
vn  -0.000000 -1.350602 0.225729
vn  -0.000000 -1.259276 0.514873
vn  -0.000000 -1.100062 0.776260
vn  -0.000000 -0.881544 0.995799
vn  -0.000000 -0.615501 1.161655
vn  -0.000000 -0.316277 1.264885
vn  -0.000001 -0.000001 1.299925
vn  -0.000001 0.316275 1.264885
vn  -0.000000 0.615500 1.161655
vn  -0.000000 0.881543 0.995800
vn  -0.000000 1.100062 0.776261
vn  -0.000000 1.259276 0.514874
vn  -0.000000 1.350602 0.225729
vn  -0.000000 1.369117 -0.075584
vn  0.000000 1.313823 -0.372823
vn  0.000000 1.187699 -0.649963
vn  0.000000 0.997547 -0.892063
vn  0.000000 0.753617 -1.086072
vn  0.000000 0.469059 -1.221530
vn  0.000001 0.159214 -1.291135
vn  0.000001 -0.159214 -1.291135
vn  0.000001 -0.469059 -1.221530
vn  0.000000 -0.753617 -1.086071
vn  0.000000 -0.997548 -0.892062
vn  0.000000 -1.187700 -0.649962
vn  0.000000 -1.313823 -0.372823
vn  0.000000 -1.369117 -0.075584
vn  -0.000000 -1.350602 0.225729
vn  -0.000000 -1.259276 0.514873
vn  -0.000000 -1.100062 0.776260
vn  -0.000000 -0.881544 0.995799
vn  -0.000000 -0.615501 1.161655
vn  -0.000000 -0.316277 1.264885
vn  -0.000002 -0.159217 3.873406
vn  -0.000002 0.787487 3.803800
vn  -0.000001 1.691736 3.529131
vn  -0.000001 2.504782 3.064205
vn  -0.000001 3.182794 2.434088
vn  -0.000001 3.689221 1.672748
vn  -0.000001 3.996762 0.821229
vn  -0.000000 4.088837 -0.074562
vn  0.000000 3.960480 -0.966333
vn  0.000001 3.618613 -1.806010
vn  0.000001 3.081666 -2.548323
vn  0.000001 2.378585 -3.153256
vn  0.000001 1.547275 -3.588196
vn  0.000002 0.632550 -3.829696
vn  0.000002 -0.316276 -3.864735
vn  0.000002 -1.248051 -3.691426
vn  0.000001 -2.112544 -3.319110
vn  0.000001 -2.863148 -2.767861
vn  0.000001 -3.459400 -2.067396
vn  0.000001 -3.869154 -1.255478
vn  0.000000 -4.070322 -0.375876
vn  -0.000000 -4.052057 0.523988
vn  -0.000000 -3.815346 1.395606
vn  -0.000001 -3.372948 2.191985
vn  -0.000001 -2.748715 2.870194
vn  -0.000001 -1.976297 3.393671
vn  -0.000001 -1.097337 3.734194
vn  -1.299925 -0.000000 -0.000001
# 164 vertex normals

g Cylinder01
usemtl drevo_skrin
s 1
f 2839/3311/2839 2841/3313/2841 2840/3312/2840
f 2839/3311/2839 2842/3314/2842 2841/3313/2841
f 2839/3311/2839 2843/3315/2843 2842/3314/2842
f 2839/3311/2839 2844/3316/2844 2843/3315/2843
f 2839/3311/2839 2845/3317/2845 2844/3316/2844
f 2839/3311/2839 2846/3318/2846 2845/3317/2845
f 2839/3311/2839 2847/3319/2847 2846/3475/2846
f 2839/3311/2839 2848/3320/2848 2847/3319/2847
f 2839/3311/2839 2849/3321/2849 2848/3320/2848
f 2839/3311/2839 2850/3322/2850 2849/3321/2849
f 2839/3311/2839 2851/3323/2851 2850/3322/2850
f 2839/3311/2839 2852/3324/2852 2851/3323/2851
f 2839/3311/2839 2853/3325/2853 2852/3324/2852
f 2839/3311/2839 2854/3326/2854 2853/3325/2853
f 2839/3311/2839 2855/3327/2855 2854/3326/2854
f 2839/3311/2839 2856/3328/2856 2855/3327/2855
f 2839/3311/2839 2857/3329/2857 2856/3328/2856
f 2839/3311/2839 2858/3330/2858 2857/3329/2857
f 2839/3311/2839 2859/3331/2859 2858/3330/2858
f 2839/3311/2839 2860/3332/2860 2859/3331/2859
f 2839/3311/2839 2861/3333/2861 2860/3332/2860
f 2839/3311/2839 2862/3334/2862 2861/3333/2861
f 2839/3311/2839 2863/3335/2863 2862/3334/2862
f 2839/3311/2839 2864/3336/2864 2863/3335/2863
f 2839/3311/2839 2865/3337/2865 2864/3336/2864
f 2839/3311/2839 2866/3338/2866 2865/3337/2865
f 2839/3311/2839 2840/3312/2840 2866/3338/2866
s 8
f 2840/3312/2840 2868/3340/2868 2867/3339/2867
f 2840/3312/2840 2841/3313/2841 2868/3340/2868
f 2841/3313/2841 2869/3341/2869 2868/3340/2868
f 2841/3313/2841 2842/3314/2842 2869/3341/2869
f 2842/3314/2842 2870/3342/2870 2869/3341/2869
f 2842/3314/2842 2843/3315/2843 2870/3342/2870
f 2843/3315/2843 2871/3343/2871 2870/3342/2870
f 2843/3315/2843 2844/3316/2844 2871/3343/2871
f 2844/3316/2844 2872/3344/2872 2871/3343/2871
f 2844/3316/2844 2845/3317/2845 2872/3344/2872
f 2845/3317/2845 2873/3345/2873 2872/3344/2872
f 2845/3317/2845 2846/3318/2846 2873/3345/2873
f 2846/3476/2846 2874/3346/2874 2873/3477/2873
f 2846/3478/2846 2847/3319/2847 2874/3346/2874
f 2847/3319/2847 2875/3347/2875 2874/3346/2874
f 2847/3319/2847 2848/3320/2848 2875/3347/2875
f 2848/3320/2848 2876/3348/2876 2875/3347/2875
f 2848/3320/2848 2849/3321/2849 2876/3348/2876
f 2849/3321/2849 2877/3349/2877 2876/3348/2876
f 2849/3321/2849 2850/3322/2850 2877/3349/2877
f 2850/3322/2850 2878/3350/2878 2877/3349/2877
f 2850/3322/2850 2851/3323/2851 2878/3350/2878
f 2851/3323/2851 2879/3351/2879 2878/3350/2878
f 2851/3323/2851 2852/3324/2852 2879/3351/2879
f 2852/3324/2852 2880/3352/2880 2879/3351/2879
f 2852/3324/2852 2853/3325/2853 2880/3352/2880
f 2853/3325/2853 2881/3353/2881 2880/3352/2880
f 2853/3325/2853 2854/3326/2854 2881/3353/2881
f 2854/3326/2854 2882/3354/2882 2881/3353/2881
f 2854/3326/2854 2855/3327/2855 2882/3354/2882
f 2855/3327/2855 2883/3355/2883 2882/3354/2882
f 2855/3327/2855 2856/3328/2856 2883/3355/2883
f 2856/3328/2856 2884/3356/2884 2883/3355/2883
f 2856/3328/2856 2857/3329/2857 2884/3356/2884
f 2857/3329/2857 2885/3357/2885 2884/3356/2884
f 2857/3329/2857 2858/3330/2858 2885/3357/2885
f 2858/3330/2858 2886/3358/2886 2885/3357/2885
f 2858/3330/2858 2859/3331/2859 2886/3358/2886
f 2859/3331/2859 2887/3359/2887 2886/3358/2886
f 2859/3331/2859 2860/3332/2860 2887/3359/2887
f 2860/3332/2860 2888/3360/2888 2887/3359/2887
f 2860/3332/2860 2861/3333/2861 2888/3360/2888
f 2861/3333/2861 2889/3361/2889 2888/3360/2888
f 2861/3333/2861 2862/3334/2862 2889/3361/2889
f 2862/3334/2862 2890/3362/2890 2889/3361/2889
f 2862/3334/2862 2863/3335/2863 2890/3362/2890
f 2863/3335/2863 2891/3363/2891 2890/3362/2890
f 2863/3335/2863 2864/3336/2864 2891/3363/2891
f 2864/3336/2864 2892/3364/2892 2891/3363/2891
f 2864/3336/2864 2865/3337/2865 2892/3364/2892
f 2865/3337/2865 2893/3365/2893 2892/3364/2892
f 2865/3337/2865 2866/3338/2866 2893/3365/2893
f 2866/3338/2866 2867/3339/2867 2893/3365/2893
f 2866/3338/2866 2840/3312/2840 2867/3339/2867
f 2867/3339/2867 2895/3367/2895 2894/3366/2894
f 2867/3339/2867 2868/3340/2868 2895/3367/2895
f 2868/3340/2868 2896/3368/2896 2895/3367/2895
f 2868/3340/2868 2869/3341/2869 2896/3368/2896
f 2869/3341/2869 2897/3369/2897 2896/3368/2896
f 2869/3341/2869 2870/3342/2870 2897/3369/2897
f 2870/3342/2870 2898/3370/2898 2897/3369/2897
f 2870/3342/2870 2871/3343/2871 2898/3370/2898
f 2871/3343/2871 2899/3371/2899 2898/3370/2898
f 2871/3343/2871 2872/3344/2872 2899/3371/2899
f 2872/3344/2872 2900/3372/2900 2899/3371/2899
f 2872/3344/2872 2873/3345/2873 2900/3372/2900
f 2873/3479/2873 2901/3373/2901 2900/3480/2900
f 2873/3481/2873 2874/3346/2874 2901/3373/2901
f 2874/3346/2874 2902/3374/2902 2901/3373/2901
f 2874/3346/2874 2875/3347/2875 2902/3374/2902
f 2875/3347/2875 2903/3375/2903 2902/3374/2902
f 2875/3347/2875 2876/3348/2876 2903/3375/2903
f 2876/3348/2876 2904/3376/2904 2903/3375/2903
f 2876/3348/2876 2877/3349/2877 2904/3376/2904
f 2877/3349/2877 2905/3377/2905 2904/3376/2904
f 2877/3349/2877 2878/3350/2878 2905/3377/2905
f 2878/3350/2878 2906/3378/2906 2905/3377/2905
f 2878/3350/2878 2879/3351/2879 2906/3378/2906
f 2879/3351/2879 2907/3379/2907 2906/3378/2906
f 2879/3351/2879 2880/3352/2880 2907/3379/2907
f 2880/3352/2880 2908/3380/2908 2907/3379/2907
f 2880/3352/2880 2881/3353/2881 2908/3380/2908
f 2881/3353/2881 2909/3381/2909 2908/3380/2908
f 2881/3353/2881 2882/3354/2882 2909/3381/2909
f 2882/3354/2882 2910/3382/2910 2909/3381/2909
f 2882/3354/2882 2883/3355/2883 2910/3382/2910
f 2883/3355/2883 2911/3383/2911 2910/3382/2910
f 2883/3355/2883 2884/3356/2884 2911/3383/2911
f 2884/3356/2884 2912/3384/2912 2911/3383/2911
f 2884/3356/2884 2885/3357/2885 2912/3384/2912
f 2885/3357/2885 2913/3385/2913 2912/3384/2912
f 2885/3357/2885 2886/3358/2886 2913/3385/2913
f 2886/3358/2886 2914/3386/2914 2913/3385/2913
f 2886/3358/2886 2887/3359/2887 2914/3386/2914
f 2887/3359/2887 2915/3387/2915 2914/3386/2914
f 2887/3359/2887 2888/3360/2888 2915/3387/2915
f 2888/3360/2888 2916/3388/2916 2915/3387/2915
f 2888/3360/2888 2889/3361/2889 2916/3388/2916
f 2889/3361/2889 2917/3389/2917 2916/3388/2916
f 2889/3361/2889 2890/3362/2890 2917/3389/2917
f 2890/3362/2890 2918/3390/2918 2917/3389/2917
f 2890/3362/2890 2891/3363/2891 2918/3390/2918
f 2891/3363/2891 2919/3391/2919 2918/3390/2918
f 2891/3363/2891 2892/3364/2892 2919/3391/2919
f 2892/3364/2892 2920/3392/2920 2919/3391/2919
f 2892/3364/2892 2893/3365/2893 2920/3392/2920
f 2893/3365/2893 2894/3366/2894 2920/3392/2920
f 2893/3365/2893 2867/3339/2867 2894/3366/2894
f 2894/3366/2894 2922/3394/2922 2921/3393/2921
f 2894/3366/2894 2895/3367/2895 2922/3394/2922
f 2895/3367/2895 2923/3395/2923 2922/3394/2922
f 2895/3367/2895 2896/3368/2896 2923/3395/2923
f 2896/3368/2896 2924/3396/2924 2923/3395/2923
f 2896/3368/2896 2897/3369/2897 2924/3396/2924
f 2897/3369/2897 2925/3397/2925 2924/3396/2924
f 2897/3369/2897 2898/3370/2898 2925/3397/2925
f 2898/3370/2898 2926/3398/2926 2925/3397/2925
f 2898/3370/2898 2899/3371/2899 2926/3398/2926
f 2899/3371/2899 2927/3399/2927 2926/3398/2926
f 2899/3371/2899 2900/3372/2900 2927/3399/2927
f 2900/3482/2900 2928/3400/2928 2927/3483/2927
f 2900/3484/2900 2901/3373/2901 2928/3400/2928
f 2901/3373/2901 2929/3401/2929 2928/3400/2928
f 2901/3373/2901 2902/3374/2902 2929/3401/2929
f 2902/3374/2902 2930/3402/2930 2929/3401/2929
f 2902/3374/2902 2903/3375/2903 2930/3402/2930
f 2903/3375/2903 2931/3403/2931 2930/3402/2930
f 2903/3375/2903 2904/3376/2904 2931/3403/2931
f 2904/3376/2904 2932/3404/2932 2931/3403/2931
f 2904/3376/2904 2905/3377/2905 2932/3404/2932
f 2905/3377/2905 2933/3405/2933 2932/3404/2932
f 2905/3377/2905 2906/3378/2906 2933/3405/2933
f 2906/3378/2906 2934/3406/2934 2933/3405/2933
f 2906/3378/2906 2907/3379/2907 2934/3406/2934
f 2907/3379/2907 2935/3407/2935 2934/3406/2934
f 2907/3379/2907 2908/3380/2908 2935/3407/2935
f 2908/3380/2908 2936/3408/2936 2935/3407/2935
f 2908/3380/2908 2909/3381/2909 2936/3408/2936
f 2909/3381/2909 2937/3409/2937 2936/3408/2936
f 2909/3381/2909 2910/3382/2910 2937/3409/2937
f 2910/3382/2910 2938/3410/2938 2937/3409/2937
f 2910/3382/2910 2911/3383/2911 2938/3410/2938
f 2911/3383/2911 2939/3411/2939 2938/3410/2938
f 2911/3383/2911 2912/3384/2912 2939/3411/2939
f 2912/3384/2912 2940/3412/2940 2939/3411/2939
f 2912/3384/2912 2913/3385/2913 2940/3412/2940
f 2913/3385/2913 2941/3413/2941 2940/3412/2940
f 2913/3385/2913 2914/3386/2914 2941/3413/2941
f 2914/3386/2914 2942/3414/2942 2941/3413/2941
f 2914/3386/2914 2915/3387/2915 2942/3414/2942
f 2915/3387/2915 2943/3415/2943 2942/3414/2942
f 2915/3387/2915 2916/3388/2916 2943/3415/2943
f 2916/3388/2916 2944/3416/2944 2943/3415/2943
f 2916/3388/2916 2917/3389/2917 2944/3416/2944
f 2917/3389/2917 2945/3417/2945 2944/3416/2944
f 2917/3389/2917 2918/3390/2918 2945/3417/2945
f 2918/3390/2918 2946/3418/2946 2945/3417/2945
f 2918/3390/2918 2919/3391/2919 2946/3418/2946
f 2919/3391/2919 2947/3419/2947 2946/3418/2946
f 2919/3391/2919 2920/3392/2920 2947/3419/2947
f 2920/3392/2920 2921/3393/2921 2947/3419/2947
f 2920/3392/2920 2894/3366/2894 2921/3393/2921
f 2921/3393/2921 2949/3421/2949 2948/3420/2948
f 2921/3393/2921 2922/3394/2922 2949/3421/2949
f 2922/3394/2922 2950/3422/2950 2949/3421/2949
f 2922/3394/2922 2923/3395/2923 2950/3422/2950
f 2923/3395/2923 2951/3423/2951 2950/3422/2950
f 2923/3395/2923 2924/3396/2924 2951/3423/2951
f 2924/3396/2924 2952/3424/2952 2951/3423/2951
f 2924/3396/2924 2925/3397/2925 2952/3424/2952
f 2925/3397/2925 2953/3425/2953 2952/3424/2952
f 2925/3397/2925 2926/3398/2926 2953/3425/2953
f 2926/3398/2926 2954/3426/2954 2953/3425/2953
f 2926/3398/2926 2927/3399/2927 2954/3426/2954
f 2927/3485/2927 2955/3427/2955 2954/3486/2954
f 2927/3487/2927 2928/3400/2928 2955/3427/2955
f 2928/3400/2928 2956/3428/2956 2955/3427/2955
f 2928/3400/2928 2929/3401/2929 2956/3428/2956
f 2929/3401/2929 2957/3429/2957 2956/3428/2956
f 2929/3401/2929 2930/3402/2930 2957/3429/2957
f 2930/3402/2930 2958/3430/2958 2957/3429/2957
f 2930/3402/2930 2931/3403/2931 2958/3430/2958
f 2931/3403/2931 2959/3431/2959 2958/3430/2958
f 2931/3403/2931 2932/3404/2932 2959/3431/2959
f 2932/3404/2932 2960/3432/2960 2959/3431/2959
f 2932/3404/2932 2933/3405/2933 2960/3432/2960
f 2933/3405/2933 2961/3433/2961 2960/3432/2960
f 2933/3405/2933 2934/3406/2934 2961/3433/2961
f 2934/3406/2934 2962/3434/2962 2961/3433/2961
f 2934/3406/2934 2935/3407/2935 2962/3434/2962
f 2935/3407/2935 2963/3435/2963 2962/3434/2962
f 2935/3407/2935 2936/3408/2936 2963/3435/2963
f 2936/3408/2936 2964/3436/2964 2963/3435/2963
f 2936/3408/2936 2937/3409/2937 2964/3436/2964
f 2937/3409/2937 2965/3437/2965 2964/3436/2964
f 2937/3409/2937 2938/3410/2938 2965/3437/2965
f 2938/3410/2938 2966/3438/2966 2965/3437/2965
f 2938/3410/2938 2939/3411/2939 2966/3438/2966
f 2939/3411/2939 2967/3439/2967 2966/3438/2966
f 2939/3411/2939 2940/3412/2940 2967/3439/2967
f 2940/3412/2940 2968/3440/2968 2967/3439/2967
f 2940/3412/2940 2941/3413/2941 2968/3440/2968
f 2941/3413/2941 2969/3441/2969 2968/3440/2968
f 2941/3413/2941 2942/3414/2942 2969/3441/2969
f 2942/3414/2942 2970/3442/2970 2969/3441/2969
f 2942/3414/2942 2943/3415/2943 2970/3442/2970
f 2943/3415/2943 2971/3443/2971 2970/3442/2970
f 2943/3415/2943 2944/3416/2944 2971/3443/2971
f 2944/3416/2944 2972/3444/2972 2971/3443/2971
f 2944/3416/2944 2945/3417/2945 2972/3444/2972
f 2945/3417/2945 2973/3445/2973 2972/3444/2972
f 2945/3417/2945 2946/3418/2946 2973/3445/2973
f 2946/3418/2946 2974/3446/2974 2973/3445/2973
f 2946/3418/2946 2947/3419/2947 2974/3446/2974
f 2947/3419/2947 2948/3420/2948 2974/3446/2974
f 2947/3419/2947 2921/3393/2921 2948/3420/2948
f 2948/3420/2948 2976/3448/2976 2975/3447/2975
f 2948/3420/2948 2949/3421/2949 2976/3448/2976
f 2949/3421/2949 2977/3449/2977 2976/3448/2976
f 2949/3421/2949 2950/3422/2950 2977/3449/2977
f 2950/3422/2950 2978/3450/2978 2977/3449/2977
f 2950/3422/2950 2951/3423/2951 2978/3450/2978
f 2951/3423/2951 2979/3451/2979 2978/3450/2978
f 2951/3423/2951 2952/3424/2952 2979/3451/2979
f 2952/3424/2952 2980/3452/2980 2979/3451/2979
f 2952/3424/2952 2953/3425/2953 2980/3452/2980
f 2953/3425/2953 2981/3453/2981 2980/3452/2980
f 2953/3425/2953 2954/3426/2954 2981/3453/2981
f 2954/3488/2954 2982/3454/2982 2981/3489/2981
f 2954/3490/2954 2955/3427/2955 2982/3454/2982
f 2955/3427/2955 2983/3455/2983 2982/3454/2982
f 2955/3427/2955 2956/3428/2956 2983/3455/2983
f 2956/3428/2956 2984/3456/2984 2983/3455/2983
f 2956/3428/2956 2957/3429/2957 2984/3456/2984
f 2957/3429/2957 2985/3457/2985 2984/3456/2984
f 2957/3429/2957 2958/3430/2958 2985/3457/2985
f 2958/3430/2958 2986/3458/2986 2985/3457/2985
f 2958/3430/2958 2959/3431/2959 2986/3458/2986
f 2959/3431/2959 2987/3459/2987 2986/3458/2986
f 2959/3431/2959 2960/3432/2960 2987/3459/2987
f 2960/3432/2960 2988/3460/2988 2987/3459/2987
f 2960/3432/2960 2961/3433/2961 2988/3460/2988
f 2961/3433/2961 2989/3461/2989 2988/3460/2988
f 2961/3433/2961 2962/3434/2962 2989/3461/2989
f 2962/3434/2962 2990/3462/2990 2989/3461/2989
f 2962/3434/2962 2963/3435/2963 2990/3462/2990
f 2963/3435/2963 2991/3463/2991 2990/3462/2990
f 2963/3435/2963 2964/3436/2964 2991/3463/2991
f 2964/3436/2964 2992/3464/2992 2991/3463/2991
f 2964/3436/2964 2965/3437/2965 2992/3464/2992
f 2965/3437/2965 2993/3465/2993 2992/3464/2992
f 2965/3437/2965 2966/3438/2966 2993/3465/2993
f 2966/3438/2966 2994/3466/2994 2993/3465/2993
f 2966/3438/2966 2967/3439/2967 2994/3466/2994
f 2967/3439/2967 2995/3467/2995 2994/3466/2994
f 2967/3439/2967 2968/3440/2968 2995/3467/2995
f 2968/3440/2968 2996/3468/2996 2995/3467/2995
f 2968/3440/2968 2969/3441/2969 2996/3468/2996
f 2969/3441/2969 2997/3469/2997 2996/3468/2996
f 2969/3441/2969 2970/3442/2970 2997/3469/2997
f 2970/3442/2970 2998/3470/2998 2997/3469/2997
f 2970/3442/2970 2971/3443/2971 2998/3470/2998
f 2971/3443/2971 2999/3471/2999 2998/3470/2998
f 2971/3443/2971 2972/3444/2972 2999/3471/2999
f 2972/3444/2972 3000/3472/3000 2999/3471/2999
f 2972/3444/2972 2973/3445/2973 3000/3472/3000
f 2973/3445/2973 3001/3473/3001 3000/3472/3000
f 2973/3445/2973 2974/3446/2974 3001/3473/3001
f 2974/3446/2974 2975/3447/2975 3001/3473/3001
f 2974/3446/2974 2948/3420/2948 2975/3447/2975
s 1
f 3002/3474/3002 2975/3447/2975 2976/3448/2976
f 3002/3474/3002 2976/3448/2976 2977/3449/2977
f 3002/3474/3002 2977/3449/2977 2978/3450/2978
f 3002/3474/3002 2978/3450/2978 2979/3451/2979
f 3002/3474/3002 2979/3451/2979 2980/3452/2980
f 3002/3474/3002 2980/3452/2980 2981/3453/2981
f 3002/3474/3002 2981/3491/2981 2982/3454/2982
f 3002/3474/3002 2982/3454/2982 2983/3455/2983
f 3002/3474/3002 2983/3455/2983 2984/3456/2984
f 3002/3474/3002 2984/3456/2984 2985/3457/2985
f 3002/3474/3002 2985/3457/2985 2986/3458/2986
f 3002/3474/3002 2986/3458/2986 2987/3459/2987
f 3002/3474/3002 2987/3459/2987 2988/3460/2988
f 3002/3474/3002 2988/3460/2988 2989/3461/2989
f 3002/3474/3002 2989/3461/2989 2990/3462/2990
f 3002/3474/3002 2990/3462/2990 2991/3463/2991
f 3002/3474/3002 2991/3463/2991 2992/3464/2992
f 3002/3474/3002 2992/3464/2992 2993/3465/2993
f 3002/3474/3002 2993/3465/2993 2994/3466/2994
f 3002/3474/3002 2994/3466/2994 2995/3467/2995
f 3002/3474/3002 2995/3467/2995 2996/3468/2996
f 3002/3474/3002 2996/3468/2996 2997/3469/2997
f 3002/3474/3002 2997/3469/2997 2998/3470/2998
f 3002/3474/3002 2998/3470/2998 2999/3471/2999
f 3002/3474/3002 2999/3471/2999 3000/3472/3000
f 3002/3474/3002 3000/3472/3000 3001/3473/3001
f 3002/3474/3002 3001/3473/3001 2975/3447/2975
# 324 faces

g
# object Arc01 to come ...
#
v  -152.965820 79.601440 -59.033638
v  -153.000870 79.601440 -59.118305
v  -153.045273 79.601440 -59.197575
v  -153.098358 79.601440 -59.270752
v  -153.159500 79.601440 -59.337154
v  -153.228073 79.601440 -59.396084
v  -153.303421 79.601440 -59.446846
v  -153.384903 79.601440 -59.488758
v  -153.470779 79.601440 -59.520756
v  -153.559052 79.601440 -59.542248
v  -153.648788 79.601440 -59.553226
v  -153.739059 79.601440 -59.553692
v  -153.828903 79.601440 -59.543633
v  -153.917389 79.601440 -59.523048
v  -154.003586 79.601440 -59.491928
v  -154.085510 79.601440 -59.450859
v  -154.161377 79.601440 -59.400867
v  -154.230530 79.601440 -59.342648
v  -154.292358 79.601440 -59.276878
v  -154.346191 79.601440 -59.204243
v  -154.391403 79.601440 -59.125435
v  -154.427322 79.601440 -59.041134
v  -152.965820 79.420876 -59.038197
v  -153.000870 79.442787 -59.119976
v  -153.045273 79.463303 -59.196545
v  -153.098358 79.482246 -59.267231
v  -153.159500 79.499428 -59.331371
v  -153.228073 79.514679 -59.388290
v  -153.303421 79.527817 -59.437325
v  -153.384903 79.538666 -59.477806
v  -153.470779 79.546951 -59.508717
v  -153.559052 79.552513 -59.529476
v  -153.648788 79.555351 -59.540081
v  -153.739059 79.555473 -59.540527
v  -153.828903 79.552872 -59.530811
v  -153.917389 79.547539 -59.510929
v  -154.003586 79.539490 -59.480873
v  -154.085510 79.528854 -59.441200
v  -154.161377 79.515923 -59.392914
v  -154.230530 79.500847 -59.336674
v  -154.292358 79.483826 -59.273148
v  -154.346191 79.465027 -59.202988
v  -154.391403 79.444633 -59.126865
v  -154.427322 79.422813 -59.045437
v  -152.965820 79.247643 -59.089336
v  -153.000870 79.289970 -59.162655
v  -153.045273 79.329605 -59.231304
v  -153.098358 79.366196 -59.294682
v  -153.159500 79.399399 -59.352184
v  -153.228073 79.428864 -59.403221
v  -153.303421 79.454247 -59.447182
v  -153.384903 79.475197 -59.483479
v  -153.470779 79.491196 -59.511189
v  -153.559052 79.501945 -59.529804
v  -153.648788 79.507431 -59.539310
v  -153.739059 79.507668 -59.539711
v  -153.828903 79.502632 -59.531002
v  -153.917389 79.492340 -59.513172
v  -154.003586 79.476784 -59.486225
v  -154.085510 79.456245 -59.450657
v  -154.161377 79.431252 -59.407364
v  -154.230530 79.402145 -59.356941
v  -154.292358 79.369255 -59.299984
v  -154.346191 79.332939 -59.237083
v  -154.391403 79.293541 -59.168831
v  -154.427322 79.251389 -59.095825
v  -152.965820 79.093544 -59.183567
v  -153.000870 79.153412 -59.243431
v  -153.045273 79.209465 -59.299484
v  -153.098358 79.261208 -59.351231
v  -153.159500 79.308159 -59.398182
v  -153.228073 79.349831 -59.439850
v  -153.303421 79.385727 -59.475746
v  -153.384903 79.415359 -59.505383
v  -153.470779 79.437988 -59.528008
v  -153.559052 79.453186 -59.543205
v  -153.648788 79.460945 -59.550968
v  -153.739059 79.461273 -59.551296
v  -153.828903 79.454163 -59.544186
v  -153.917389 79.439606 -59.529629
v  -154.003586 79.417603 -59.507626
v  -154.085510 79.388557 -59.478584
v  -154.161377 79.353210 -59.443237
v  -154.230530 79.312042 -59.402065
v  -154.292358 79.265541 -59.355560
v  -154.346191 79.214180 -59.304203
v  -154.391403 79.158455 -59.248474
v  -154.427322 79.098846 -59.188866
v  -152.965820 78.969086 -59.314468
v  -153.000870 79.042412 -59.356800
v  -153.045273 79.111053 -59.396435
v  -153.098358 79.174431 -59.433025
v  -153.159500 79.231934 -59.466225
v  -153.228073 79.282974 -59.495689
v  -153.303421 79.326935 -59.521072
v  -153.384903 79.363228 -59.542027
v  -153.470779 79.390938 -59.558025
v  -153.559052 79.409554 -59.568771
v  -153.648788 79.419060 -59.574265
v  -153.739059 79.419464 -59.574493
v  -153.828903 79.410751 -59.569466
v  -153.917389 79.392921 -59.559174
v  -154.003586 79.365974 -59.543613
v  -154.085510 79.330406 -59.523079
v  -154.161377 79.287117 -59.498085
v  -154.230530 79.236694 -59.468971
v  -154.292358 79.179733 -59.436089
v  -154.346191 79.116837 -59.399773
v  -154.391403 79.048584 -59.360367
v  -154.427322 78.975578 -59.318214
v  -152.965820 78.882751 -59.473122
v  -153.000870 78.964531 -59.495037
v  -153.045273 79.041100 -59.515553
v  -153.098358 79.111786 -59.534492
v  -153.159500 79.175926 -59.551678
v  -153.228073 79.232841 -59.566929
v  -153.303421 79.281876 -59.580070
v  -153.384903 79.322357 -59.590916
v  -153.470779 79.353271 -59.599197
v  -153.559052 79.374031 -59.604759
v  -153.648788 79.384636 -59.607601
v  -153.739059 79.385078 -59.607723
v  -153.828903 79.375366 -59.605118
v  -153.917389 79.355484 -59.599792
v  -154.003586 79.325424 -59.591736
v  -154.085510 79.285751 -59.581108
v  -154.161377 79.237465 -59.568169
v  -154.230530 79.181229 -59.553101
v  -154.292358 79.117699 -59.536076
v  -154.346191 79.047539 -59.517281
v  -154.391403 78.971420 -59.496883
v  -154.427322 78.889992 -59.475063
v  -152.965820 78.840416 -59.648716
v  -153.000870 78.925087 -59.648716
v  -153.045273 79.004349 -59.648716
v  -153.098358 79.077530 -59.648716
v  -153.159500 79.143936 -59.648716
v  -153.228073 79.202866 -59.648716
v  -153.303421 79.253624 -59.648716
v  -153.384903 79.295540 -59.648716
v  -153.470779 79.327538 -59.648716
v  -153.559052 79.349030 -59.648716
v  -153.648788 79.360008 -59.648716
v  -153.739059 79.360474 -59.648716
v  -153.828903 79.350410 -59.648716
v  -153.917389 79.329826 -59.648716
v  -154.003586 79.298706 -59.648716
v  -154.085510 79.257637 -59.648716
v  -154.161377 79.207649 -59.648716
v  -154.230530 79.149429 -59.648716
v  -154.292358 79.083656 -59.648716
v  -154.346191 79.011024 -59.648716
v  -154.391403 78.932213 -59.648716
v  -154.427322 78.847916 -59.648716
v  -152.965820 78.844978 -59.829285
v  -153.000870 78.926758 -59.807369
v  -153.045273 79.003326 -59.786854
v  -153.098358 79.074013 -59.767914
v  -153.159500 79.138153 -59.750729
v  -153.228073 79.195068 -59.735477
v  -153.303421 79.244102 -59.722336
v  -153.384903 79.284584 -59.711491
v  -153.470779 79.315498 -59.703209
v  -153.559052 79.336258 -59.697647
v  -153.648788 79.346863 -59.694805
v  -153.739059 79.347305 -59.694683
v  -153.828903 79.337593 -59.697289
v  -153.917389 79.317711 -59.702614
v  -154.003586 79.287651 -59.710670
v  -154.085510 79.247978 -59.721298
v  -154.161377 79.199692 -59.734238
v  -154.230530 79.143456 -59.749306
v  -154.292358 79.079926 -59.766331
v  -154.346191 79.009766 -59.785130
v  -154.391403 78.933647 -59.805527
v  -154.427322 78.852219 -59.827343
v  -152.965820 78.896111 -60.002518
v  -153.000870 78.969437 -59.960186
v  -153.045273 79.038086 -59.920551
v  -153.098358 79.101463 -59.883961
v  -153.159500 79.158966 -59.850761
v  -153.228073 79.209999 -59.821297
v  -153.303421 79.253960 -59.795914
v  -153.384903 79.290260 -59.774960
v  -153.470779 79.317970 -59.758961
v  -153.559052 79.336578 -59.748215
v  -153.648788 79.346092 -59.742725
v  -153.739059 79.346489 -59.742493
v  -153.828903 79.337784 -59.747520
v  -153.917389 79.319954 -59.757813
v  -154.003586 79.293007 -59.773373
v  -154.085510 79.257439 -59.793907
v  -154.161377 79.214142 -59.818905
v  -154.230530 79.163719 -59.848015
v  -154.292358 79.106766 -59.880901
v  -154.346191 79.043861 -59.917217
v  -154.391403 78.975609 -59.956619
v  -154.427322 78.902603 -59.998772
v  -152.965820 78.990349 -60.156612
v  -153.000870 79.050209 -60.096748
v  -153.045273 79.106262 -60.040695
v  -153.098358 79.158012 -59.988949
v  -153.159500 79.204964 -59.941998
v  -153.228073 79.246628 -59.900330
v  -153.303421 79.282524 -59.864433
v  -153.384903 79.312164 -59.834797
v  -153.470779 79.334785 -59.812172
v  -153.559052 79.349983 -59.796974
v  -153.648788 79.357750 -59.789211
v  -153.739059 79.358078 -59.788883
v  -153.828903 79.350967 -59.795994
v  -153.917389 79.336411 -59.810551
v  -154.003586 79.314407 -59.832554
v  -154.085510 79.285362 -59.861595
v  -154.161377 79.250015 -59.896942
v  -154.230530 79.208847 -59.938114
v  -154.292358 79.162338 -59.984619
v  -154.346191 79.110977 -60.035980
v  -154.391403 79.055252 -60.091705
v  -154.427322 78.995644 -60.151314
v  -152.965820 79.121246 -60.281071
v  -153.000870 79.163582 -60.207748
v  -153.045273 79.203217 -60.139099
v  -153.098358 79.239807 -60.075726
v  -153.159500 79.273003 -60.018219
v  -153.228073 79.302467 -59.967186
v  -153.303421 79.327850 -59.923222
v  -153.384903 79.348808 -59.886929
v  -153.470779 79.364807 -59.859215
v  -153.559052 79.375549 -59.840603
v  -153.648788 79.381042 -59.831093
v  -153.739059 79.381271 -59.830692
v  -153.828903 79.376244 -59.839405
v  -153.917389 79.365952 -59.857231
v  -154.003586 79.350395 -59.884182
v  -154.085510 79.329857 -59.919750
v  -154.161377 79.304863 -59.963043
v  -154.230530 79.275749 -60.013462
v  -154.292358 79.242867 -60.070423
v  -154.346191 79.206551 -60.133324
v  -154.391403 79.167145 -60.201572
v  -154.427322 79.124992 -60.274582
v  -152.965820 79.279900 -60.367405
v  -153.000870 79.301819 -60.285625
v  -153.045273 79.322334 -60.209061
v  -153.098358 79.341270 -60.138374
v  -153.159500 79.358459 -60.074234
v  -153.228073 79.373711 -60.017315
v  -153.303421 79.386848 -59.968277
v  -153.384903 79.397697 -59.927795
v  -153.470779 79.405975 -59.896889
v  -153.559052 79.411537 -59.876129
v  -153.648788 79.414383 -59.865524
v  -153.739059 79.414505 -59.865074
v  -153.828903 79.411896 -59.874794
v  -153.917389 79.406570 -59.894676
v  -154.003586 79.398514 -59.924732
v  -154.085510 79.387886 -59.964405
v  -154.161377 79.374947 -60.012691
v  -154.230530 79.359879 -60.068928
v  -154.292358 79.342857 -60.132458
v  -154.346191 79.324059 -60.202614
v  -154.391403 79.303658 -60.278740
v  -154.427322 79.281845 -60.360168
v  -152.965820 79.455498 -60.409737
v  -153.000870 79.455498 -60.325073
v  -153.045273 79.455498 -60.245804
v  -153.098358 79.455498 -60.172623
v  -153.159500 79.455498 -60.106224
v  -153.228073 79.455498 -60.047295
v  -153.303421 79.455498 -59.996529
v  -153.384903 79.455498 -59.954620
v  -153.470779 79.455498 -59.922623
v  -153.559052 79.455498 -59.901131
v  -153.648788 79.455498 -59.890148
v  -153.739059 79.455498 -59.889687
v  -153.828903 79.455498 -59.899746
v  -153.917389 79.455498 -59.920330
v  -154.003586 79.455498 -59.951447
v  -154.085510 79.455498 -59.992519
v  -154.161377 79.455498 -60.042511
v  -154.230530 79.455498 -60.100731
v  -154.292358 79.455498 -60.166500
v  -154.346191 79.455498 -60.239132
v  -154.391403 79.455498 -60.317944
v  -154.427322 79.455498 -60.402245
v  -152.965820 79.636063 -60.405178
v  -153.000870 79.614151 -60.323399
v  -153.045273 79.593636 -60.246834
v  -153.098358 79.574692 -60.176147
v  -153.159500 79.557510 -60.112007
v  -153.228073 79.542259 -60.055088
v  -153.303421 79.529114 -60.006050
v  -153.384903 79.518272 -59.965569
v  -153.470779 79.509987 -59.934662
v  -153.559052 79.504425 -59.913902
v  -153.648788 79.501587 -59.903297
v  -153.739059 79.501465 -59.902847
v  -153.828903 79.504066 -59.912567
v  -153.917389 79.509392 -59.932449
v  -154.003586 79.517448 -59.962505
v  -154.085510 79.528076 -60.002178
v  -154.161377 79.541016 -60.050465
v  -154.230530 79.556084 -60.106705
v  -154.292358 79.573105 -60.170231
v  -154.346191 79.591904 -60.240387
v  -154.391403 79.612305 -60.316513
v  -154.427322 79.634125 -60.397942
v  -152.965820 79.809296 -60.354042
v  -153.000870 79.766968 -60.280720
v  -153.045273 79.727333 -60.212074
v  -153.098358 79.690742 -60.148697
v  -153.159500 79.657539 -60.091190
v  -153.228073 79.628075 -60.040157
v  -153.303421 79.602692 -59.996193
v  -153.384903 79.581741 -59.959900
v  -153.470779 79.565742 -59.932186
v  -153.559052 79.554993 -59.913574
v  -153.648788 79.549500 -59.904068
v  -153.739059 79.549271 -59.903664
v  -153.828903 79.554298 -59.912376
v  -153.917389 79.564590 -59.930202
v  -154.003586 79.580154 -59.957153
v  -154.085510 79.600685 -59.992722
v  -154.161377 79.625679 -60.036015
v  -154.230530 79.654793 -60.086437
v  -154.292358 79.687675 -60.143394
v  -154.346191 79.723991 -60.206295
v  -154.391403 79.763397 -60.274548
v  -154.427322 79.805550 -60.347553
v  -152.965820 79.963394 -60.259811
v  -153.000870 79.903526 -60.199944
v  -153.045273 79.847473 -60.143894
v  -153.098358 79.795731 -60.092148
v  -153.159500 79.748779 -60.045197
v  -153.228073 79.707108 -60.003525
v  -153.303421 79.671211 -59.967628
v  -153.384903 79.641579 -59.937996
v  -153.470779 79.618950 -59.915367
v  -153.559052 79.603752 -59.900173
v  -153.648788 79.595985 -59.892406
v  -153.739059 79.595665 -59.892082
v  -153.828903 79.602776 -59.899193
v  -153.917389 79.617332 -59.913750
v  -154.003586 79.639336 -59.935753
v  -154.085510 79.668373 -59.964794
v  -154.161377 79.703720 -60.000141
v  -154.230530 79.744896 -60.041313
v  -154.292358 79.791397 -60.087818
v  -154.346191 79.842758 -60.139175
v  -154.391403 79.898483 -60.194904
v  -154.427322 79.958092 -60.254513
v  -152.965820 80.087852 -60.128910
v  -153.000870 80.014526 -60.086578
v  -153.045273 79.945877 -60.046944
v  -153.098358 79.882507 -60.010353
v  -153.159500 79.824997 -59.977154
v  -153.228073 79.773964 -59.947689
v  -153.303421 79.730003 -59.922306
v  -153.384903 79.693710 -59.901352
v  -153.470779 79.665993 -59.885349
v  -153.559052 79.647385 -59.874603
v  -153.648788 79.637871 -59.869114
v  -153.739059 79.637474 -59.868885
v  -153.828903 79.646187 -59.873913
v  -153.917389 79.664009 -59.884205
v  -154.003586 79.690956 -59.899765
v  -154.085510 79.726532 -59.920300
v  -154.161377 79.769821 -59.945293
v  -154.230530 79.820244 -59.974407
v  -154.292358 79.877197 -60.007290
v  -154.346191 79.940102 -60.043606
v  -154.391403 80.008354 -60.083012
v  -154.427322 80.081360 -60.125160
v  -152.965820 80.174187 -59.970253
v  -153.000870 80.092407 -59.948341
v  -153.045273 80.015839 -59.927826
v  -153.098358 79.945152 -59.908886
v  -153.159500 79.881012 -59.891701
v  -153.228073 79.824097 -59.876450
v  -153.303421 79.775055 -59.863308
v  -153.384903 79.734573 -59.852463
v  -153.470779 79.703667 -59.844181
v  -153.559052 79.682907 -59.838615
v  -153.648788 79.672302 -59.835777
v  -153.739059 79.671852 -59.835655
v  -153.828903 79.681572 -59.838261
v  -153.917389 79.701454 -59.843586
v  -154.003586 79.731514 -59.851643
v  -154.085510 79.771187 -59.862270
v  -154.161377 79.819473 -59.875210
v  -154.230530 79.875710 -59.890278
v  -154.292358 79.939240 -59.907299
v  -154.346191 80.009392 -59.926098
v  -154.391403 80.085518 -59.946495
v  -154.427322 80.166946 -59.968315
v  -152.965820 80.216515 -59.794662
v  -153.000870 80.131851 -59.794662
v  -153.045273 80.052582 -59.794662
v  -153.098358 79.979401 -59.794662
v  -153.159500 79.913002 -59.794662
v  -153.228073 79.854073 -59.794662
v  -153.303421 79.803307 -59.794662
v  -153.384903 79.761398 -59.794662
v  -153.470779 79.729401 -59.794662
v  -153.559052 79.707909 -59.794662
v  -153.648788 79.696930 -59.794662
v  -153.739059 79.696465 -59.794662
v  -153.828903 79.706528 -59.794662
v  -153.917389 79.727112 -59.794662
v  -154.003586 79.758224 -59.794662
v  -154.085510 79.799301 -59.794662
v  -154.161377 79.849289 -59.794662
v  -154.230530 79.907509 -59.794662
v  -154.292358 79.973282 -59.794662
v  -154.346191 80.045914 -59.794662
v  -154.391403 80.124725 -59.794662
v  -154.427322 80.209023 -59.794662
v  -152.965820 80.211960 -59.614094
v  -153.000870 80.130180 -59.636005
v  -153.045273 80.053612 -59.656525
v  -153.098358 79.982925 -59.675465
v  -153.159500 79.918785 -59.692650
v  -153.228073 79.861870 -59.707901
v  -153.303421 79.812828 -59.721039
v  -153.384903 79.772346 -59.731888
v  -153.470779 79.741440 -59.740170
v  -153.559052 79.720680 -59.745731
v  -153.648788 79.710075 -59.748573
v  -153.739059 79.709625 -59.748695
v  -153.828903 79.719345 -59.746090
v  -153.917389 79.739227 -59.740761
v  -154.003586 79.769287 -59.732708
v  -154.085510 79.808960 -59.722080
v  -154.161377 79.857246 -59.709141
v  -154.230530 79.913483 -59.694073
v  -154.292358 79.977013 -59.677048
v  -154.346191 80.047165 -59.658249
v  -154.391403 80.123291 -59.637852
v  -154.427322 80.204720 -59.616035
v  -152.965820 80.160820 -59.440861
v  -153.000870 80.087502 -59.483192
v  -153.045273 80.018852 -59.522827
v  -153.098358 79.955475 -59.559418
v  -153.159500 79.897972 -59.592617
v  -153.228073 79.846939 -59.622082
v  -153.303421 79.802971 -59.647465
v  -153.384903 79.766678 -59.668419
v  -153.470779 79.738968 -59.684418
v  -153.559052 79.720352 -59.695164
v  -153.648788 79.710846 -59.700653
v  -153.739059 79.710442 -59.700886
v  -153.828903 79.719154 -59.695858
v  -153.917389 79.736984 -59.685562
v  -154.003586 79.763931 -59.670006
v  -154.085510 79.799500 -59.649471
v  -154.161377 79.842796 -59.624474
v  -154.230530 79.893211 -59.595364
v  -154.292358 79.950172 -59.562477
v  -154.346191 80.013077 -59.526161
v  -154.391403 80.081322 -59.486759
v  -154.427322 80.154335 -59.444607
v  -152.965820 80.066589 -59.286762
v  -153.000870 80.006721 -59.346630
v  -153.045273 79.950676 -59.402683
v  -153.098358 79.898926 -59.454430
v  -153.159500 79.851974 -59.501381
v  -153.228073 79.810303 -59.543049
v  -153.303421 79.774406 -59.578945
v  -153.384903 79.744774 -59.608582
v  -153.470779 79.722145 -59.631207
v  -153.559052 79.706947 -59.646404
v  -153.648788 79.699188 -59.654167
v  -153.739059 79.698860 -59.654495
v  -153.828903 79.705971 -59.647385
v  -153.917389 79.720528 -59.632828
v  -154.003586 79.742531 -59.610825
v  -154.085510 79.771576 -59.581783
v  -154.161377 79.806923 -59.546432
v  -154.230530 79.848091 -59.505264
v  -154.292358 79.894600 -59.458759
v  -154.346191 79.945953 -59.407398
v  -154.391403 80.001678 -59.351673
v  -154.427322 80.061295 -59.292065
v  -152.965820 79.935692 -59.162308
v  -153.000870 79.893356 -59.235630
v  -153.045273 79.853722 -59.304276
v  -153.098358 79.817131 -59.367653
v  -153.159500 79.783928 -59.425159
v  -153.228073 79.754471 -59.476192
v  -153.303421 79.729088 -59.520157
v  -153.384903 79.708130 -59.556450
v  -153.470779 79.692131 -59.584164
v  -153.559052 79.681381 -59.602776
v  -153.648788 79.675896 -59.612282
v  -153.739059 79.675659 -59.612686
v  -153.828903 79.680695 -59.603973
v  -153.917389 79.690987 -59.586147
v  -154.003586 79.706543 -59.559196
v  -154.085510 79.727081 -59.523628
v  -154.161377 79.752075 -59.480335
v  -154.230530 79.781189 -59.429916
v  -154.292358 79.814072 -59.372955
v  -154.346191 79.850388 -59.310055
v  -154.391403 79.889793 -59.241806
v  -154.427322 79.931938 -59.168797
v  -152.965820 79.777031 -59.075970
v  -153.000870 79.755119 -59.157749
v  -153.045273 79.734604 -59.234318
v  -153.098358 79.715668 -59.305004
v  -153.159500 79.698479 -59.369144
v  -153.228073 79.683228 -59.426064
v  -153.303421 79.670090 -59.475098
v  -153.384903 79.659241 -59.515579
v  -153.470779 79.650963 -59.546490
v  -153.559052 79.645393 -59.567249
v  -153.648788 79.642555 -59.577854
v  -153.739059 79.642433 -59.578300
v  -153.828903 79.645035 -59.568584
v  -153.917389 79.650368 -59.548702
v  -154.003586 79.658417 -59.518646
v  -154.085510 79.669052 -59.478973
v  -154.161377 79.681992 -59.430687
v  -154.230530 79.697060 -59.374447
v  -154.292358 79.714081 -59.310921
v  -154.346191 79.732880 -59.240761
v  -154.391403 79.753273 -59.164639
v  -154.427322 79.775093 -59.083210
# 528 vertices

vt  0.000000 0.000000 0.000000
vt  0.048023 0.000000 0.000000
vt  0.095636 0.000000 0.000000
vt  0.143015 0.000000 0.000000
vt  0.190319 0.000000 0.000000
vt  0.237698 0.000000 0.000000
vt  0.285310 0.000000 0.000000
vt  0.333333 0.000000 0.000000
vt  0.381357 0.000000 0.000000
vt  0.428969 0.000000 0.000000
vt  0.476348 0.000000 0.000000
vt  0.523652 0.000000 0.000000
vt  0.571031 0.000000 0.000000
vt  0.618643 0.000000 0.000000
vt  0.666667 0.000000 0.000000
vt  0.714690 0.000000 0.000000
vt  0.762302 0.000000 0.000000
vt  0.809681 0.000000 0.000000
vt  0.856985 0.000000 0.000000
vt  0.904364 0.000000 0.000000
vt  0.951977 0.000000 0.000000
vt  1.000000 0.000000 0.000000
vt  0.000000 0.041667 0.000000
vt  0.048023 0.041667 0.000000
vt  0.095636 0.041667 0.000000
vt  0.143015 0.041667 0.000000
vt  0.190319 0.041667 0.000000
vt  0.237698 0.041667 0.000000
vt  0.285310 0.041667 0.000000
vt  0.333333 0.041667 0.000000
vt  0.381357 0.041667 0.000000
vt  0.428969 0.041667 0.000000
vt  0.476348 0.041667 0.000000
vt  0.523652 0.041667 0.000000
vt  0.571031 0.041667 0.000000
vt  0.618643 0.041667 0.000000
vt  0.666667 0.041667 0.000000
vt  0.714690 0.041667 0.000000
vt  0.762302 0.041667 0.000000
vt  0.809681 0.041667 0.000000
vt  0.856985 0.041667 0.000000
vt  0.904364 0.041667 0.000000
vt  0.951977 0.041667 0.000000
vt  1.000000 0.041667 0.000000
vt  0.000000 0.083333 0.000000
vt  0.048023 0.083333 0.000000
vt  0.095636 0.083333 0.000000
vt  0.143015 0.083333 0.000000
vt  0.190319 0.083333 0.000000
vt  0.237698 0.083333 0.000000
vt  0.285310 0.083333 0.000000
vt  0.333333 0.083333 0.000000
vt  0.381357 0.083333 0.000000
vt  0.428969 0.083333 0.000000
vt  0.476348 0.083333 0.000000
vt  0.523652 0.083333 0.000000
vt  0.571031 0.083333 0.000000
vt  0.618643 0.083333 0.000000
vt  0.666667 0.083333 0.000000
vt  0.714690 0.083333 0.000000
vt  0.762302 0.083333 0.000000
vt  0.809681 0.083333 0.000000
vt  0.856985 0.083333 0.000000
vt  0.904364 0.083333 0.000000
vt  0.951977 0.083333 0.000000
vt  1.000000 0.083333 0.000000
vt  0.000000 0.125000 0.000000
vt  0.048023 0.125000 0.000000
vt  0.095636 0.125000 0.000000
vt  0.143015 0.125000 0.000000
vt  0.190319 0.125000 0.000000
vt  0.237698 0.125000 0.000000
vt  0.285310 0.125000 0.000000
vt  0.333333 0.125000 0.000000
vt  0.381357 0.125000 0.000000
vt  0.428969 0.125000 0.000000
vt  0.476348 0.125000 0.000000
vt  0.523652 0.125000 0.000000
vt  0.571031 0.125000 0.000000
vt  0.618643 0.125000 0.000000
vt  0.666667 0.125000 0.000000
vt  0.714690 0.125000 0.000000
vt  0.762302 0.125000 0.000000
vt  0.809681 0.125000 0.000000
vt  0.856985 0.125000 0.000000
vt  0.904364 0.125000 0.000000
vt  0.951977 0.125000 0.000000
vt  1.000000 0.125000 0.000000
vt  0.000000 0.166667 0.000000
vt  0.048023 0.166667 0.000000
vt  0.095636 0.166667 0.000000
vt  0.143015 0.166667 0.000000
vt  0.190319 0.166667 0.000000
vt  0.237698 0.166667 0.000000
vt  0.285310 0.166667 0.000000
vt  0.333333 0.166667 0.000000
vt  0.381357 0.166667 0.000000
vt  0.428969 0.166667 0.000000
vt  0.476348 0.166667 0.000000
vt  0.523652 0.166667 0.000000
vt  0.571031 0.166667 0.000000
vt  0.618643 0.166667 0.000000
vt  0.666667 0.166667 0.000000
vt  0.714690 0.166667 0.000000
vt  0.762302 0.166667 0.000000
vt  0.809681 0.166667 0.000000
vt  0.856985 0.166667 0.000000
vt  0.904364 0.166667 0.000000
vt  0.951977 0.166667 0.000000
vt  1.000000 0.166667 0.000000
vt  0.000000 0.208333 0.000000
vt  0.048023 0.208333 0.000000
vt  0.095636 0.208333 0.000000
vt  0.143015 0.208333 0.000000
vt  0.190319 0.208333 0.000000
vt  0.237698 0.208333 0.000000
vt  0.285310 0.208333 0.000000
vt  0.333333 0.208333 0.000000
vt  0.381357 0.208333 0.000000
vt  0.428969 0.208333 0.000000
vt  0.476348 0.208333 0.000000
vt  0.523652 0.208333 0.000000
vt  0.571031 0.208333 0.000000
vt  0.618643 0.208333 0.000000
vt  0.666667 0.208333 0.000000
vt  0.714690 0.208333 0.000000
vt  0.762302 0.208333 0.000000
vt  0.809681 0.208333 0.000000
vt  0.856985 0.208333 0.000000
vt  0.904364 0.208333 0.000000
vt  0.951977 0.208333 0.000000
vt  1.000000 0.208333 0.000000
vt  0.000000 0.250000 0.000000
vt  0.048023 0.250000 0.000000
vt  0.095636 0.250000 0.000000
vt  0.143015 0.250000 0.000000
vt  0.190319 0.250000 0.000000
vt  0.237698 0.250000 0.000000
vt  0.285310 0.250000 0.000000
vt  0.333333 0.250000 0.000000
vt  0.381357 0.250000 0.000000
vt  0.428969 0.250000 0.000000
vt  0.476348 0.250000 0.000000
vt  0.523652 0.250000 0.000000
vt  0.571031 0.250000 0.000000
vt  0.618643 0.250000 0.000000
vt  0.666667 0.250000 0.000000
vt  0.714690 0.250000 0.000000
vt  0.762302 0.250000 0.000000
vt  0.809681 0.250000 0.000000
vt  0.856985 0.250000 0.000000
vt  0.904364 0.250000 0.000000
vt  0.951977 0.250000 0.000000
vt  1.000000 0.250000 0.000000
vt  0.000000 0.291667 0.000000
vt  0.048023 0.291667 0.000000
vt  0.095636 0.291667 0.000000
vt  0.143015 0.291667 0.000000
vt  0.190319 0.291667 0.000000
vt  0.237698 0.291667 0.000000
vt  0.285310 0.291667 0.000000
vt  0.333333 0.291667 0.000000
vt  0.381357 0.291667 0.000000
vt  0.428969 0.291667 0.000000
vt  0.476348 0.291667 0.000000
vt  0.523652 0.291667 0.000000
vt  0.571031 0.291667 0.000000
vt  0.618643 0.291667 0.000000
vt  0.666667 0.291667 0.000000
vt  0.714690 0.291667 0.000000
vt  0.762302 0.291667 0.000000
vt  0.809681 0.291667 0.000000
vt  0.856985 0.291667 0.000000
vt  0.904364 0.291667 0.000000
vt  0.951977 0.291667 0.000000
vt  1.000000 0.291667 0.000000
vt  0.000000 0.333333 0.000000
vt  0.048023 0.333333 0.000000
vt  0.095636 0.333333 0.000000
vt  0.143015 0.333333 0.000000
vt  0.190319 0.333333 0.000000
vt  0.237698 0.333333 0.000000
vt  0.285310 0.333333 0.000000
vt  0.333333 0.333333 0.000000
vt  0.381357 0.333333 0.000000
vt  0.428969 0.333333 0.000000
vt  0.476348 0.333333 0.000000
vt  0.523652 0.333333 0.000000
vt  0.571031 0.333333 0.000000
vt  0.618643 0.333333 0.000000
vt  0.666667 0.333333 0.000000
vt  0.714690 0.333333 0.000000
vt  0.762302 0.333333 0.000000
vt  0.809681 0.333333 0.000000
vt  0.856985 0.333333 0.000000
vt  0.904364 0.333333 0.000000
vt  0.951977 0.333333 0.000000
vt  1.000000 0.333333 0.000000
vt  0.000000 0.375000 0.000000
vt  0.048023 0.375000 0.000000
vt  0.095636 0.375000 0.000000
vt  0.143015 0.375000 0.000000
vt  0.190319 0.375000 0.000000
vt  0.237698 0.375000 0.000000
vt  0.285310 0.375000 0.000000
vt  0.333333 0.375000 0.000000
vt  0.381357 0.375000 0.000000
vt  0.428969 0.375000 0.000000
vt  0.476348 0.375000 0.000000
vt  0.523652 0.375000 0.000000
vt  0.571031 0.375000 0.000000
vt  0.618643 0.375000 0.000000
vt  0.666667 0.375000 0.000000
vt  0.714690 0.375000 0.000000
vt  0.762302 0.375000 0.000000
vt  0.809681 0.375000 0.000000
vt  0.856985 0.375000 0.000000
vt  0.904364 0.375000 0.000000
vt  0.951977 0.375000 0.000000
vt  1.000000 0.375000 0.000000
vt  0.000000 0.416667 0.000000
vt  0.048023 0.416667 0.000000
vt  0.095636 0.416667 0.000000
vt  0.143015 0.416667 0.000000
vt  0.190319 0.416667 0.000000
vt  0.237698 0.416667 0.000000
vt  0.285310 0.416667 0.000000
vt  0.333333 0.416667 0.000000
vt  0.381357 0.416667 0.000000
vt  0.428969 0.416667 0.000000
vt  0.476348 0.416667 0.000000
vt  0.523652 0.416667 0.000000
vt  0.571031 0.416667 0.000000
vt  0.618643 0.416667 0.000000
vt  0.666667 0.416667 0.000000
vt  0.714690 0.416667 0.000000
vt  0.762302 0.416667 0.000000
vt  0.809681 0.416667 0.000000
vt  0.856985 0.416667 0.000000
vt  0.904364 0.416667 0.000000
vt  0.951977 0.416667 0.000000
vt  1.000000 0.416667 0.000000
vt  0.000000 0.458333 0.000000
vt  0.048023 0.458333 0.000000
vt  0.095636 0.458333 0.000000
vt  0.143015 0.458333 0.000000
vt  0.190319 0.458333 0.000000
vt  0.237698 0.458333 0.000000
vt  0.285310 0.458333 0.000000
vt  0.333333 0.458333 0.000000
vt  0.381357 0.458333 0.000000
vt  0.428969 0.458333 0.000000
vt  0.476348 0.458333 0.000000
vt  0.523652 0.458333 0.000000
vt  0.571031 0.458333 0.000000
vt  0.618643 0.458333 0.000000
vt  0.666667 0.458333 0.000000
vt  0.714690 0.458333 0.000000
vt  0.762302 0.458333 0.000000
vt  0.809681 0.458333 0.000000
vt  0.856985 0.458333 0.000000
vt  0.904364 0.458333 0.000000
vt  0.951977 0.458333 0.000000
vt  1.000000 0.458333 0.000000
vt  0.000000 0.500000 0.000000
vt  0.048023 0.500000 0.000000
vt  0.095636 0.500000 0.000000
vt  0.143015 0.500000 0.000000
vt  0.190319 0.500000 0.000000
vt  0.237698 0.500000 0.000000
vt  0.285310 0.500000 0.000000
vt  0.333333 0.500000 0.000000
vt  0.381357 0.500000 0.000000
vt  0.428969 0.500000 0.000000
vt  0.476348 0.500000 0.000000
vt  0.523652 0.500000 0.000000
vt  0.571031 0.500000 0.000000
vt  0.618643 0.500000 0.000000
vt  0.666667 0.500000 0.000000
vt  0.714690 0.500000 0.000000
vt  0.762302 0.500000 0.000000
vt  0.809681 0.500000 0.000000
vt  0.856985 0.500000 0.000000
vt  0.904364 0.500000 0.000000
vt  0.951977 0.500000 0.000000
vt  1.000000 0.500000 0.000000
vt  0.000000 0.541667 0.000000
vt  0.048023 0.541667 0.000000
vt  0.095636 0.541667 0.000000
vt  0.143015 0.541667 0.000000
vt  0.190319 0.541667 0.000000
vt  0.237698 0.541667 0.000000
vt  0.285310 0.541667 0.000000
vt  0.333333 0.541667 0.000000
vt  0.381357 0.541667 0.000000
vt  0.428969 0.541667 0.000000
vt  0.476348 0.541667 0.000000
vt  0.523652 0.541667 0.000000
vt  0.571031 0.541667 0.000000
vt  0.618643 0.541667 0.000000
vt  0.666667 0.541667 0.000000
vt  0.714690 0.541667 0.000000
vt  0.762302 0.541667 0.000000
vt  0.809681 0.541667 0.000000
vt  0.856985 0.541667 0.000000
vt  0.904364 0.541667 0.000000
vt  0.951977 0.541667 0.000000
vt  1.000000 0.541667 0.000000
vt  0.000000 0.583333 0.000000
vt  0.048023 0.583333 0.000000
vt  0.095636 0.583333 0.000000
vt  0.143015 0.583333 0.000000
vt  0.190319 0.583333 0.000000
vt  0.237698 0.583333 0.000000
vt  0.285310 0.583333 0.000000
vt  0.333333 0.583333 0.000000
vt  0.381357 0.583333 0.000000
vt  0.428969 0.583333 0.000000
vt  0.476348 0.583333 0.000000
vt  0.523652 0.583333 0.000000
vt  0.571031 0.583333 0.000000
vt  0.618643 0.583333 0.000000
vt  0.666667 0.583333 0.000000
vt  0.714690 0.583333 0.000000
vt  0.762302 0.583333 0.000000
vt  0.809681 0.583333 0.000000
vt  0.856985 0.583333 0.000000
vt  0.904364 0.583333 0.000000
vt  0.951977 0.583333 0.000000
vt  1.000000 0.583333 0.000000
vt  0.000000 0.625000 0.000000
vt  0.048023 0.625000 0.000000
vt  0.095636 0.625000 0.000000
vt  0.143015 0.625000 0.000000
vt  0.190319 0.625000 0.000000
vt  0.237698 0.625000 0.000000
vt  0.285310 0.625000 0.000000
vt  0.333333 0.625000 0.000000
vt  0.381357 0.625000 0.000000
vt  0.428969 0.625000 0.000000
vt  0.476348 0.625000 0.000000
vt  0.523652 0.625000 0.000000
vt  0.571031 0.625000 0.000000
vt  0.618643 0.625000 0.000000
vt  0.666667 0.625000 0.000000
vt  0.714690 0.625000 0.000000
vt  0.762302 0.625000 0.000000
vt  0.809681 0.625000 0.000000
vt  0.856985 0.625000 0.000000
vt  0.904364 0.625000 0.000000
vt  0.951977 0.625000 0.000000
vt  1.000000 0.625000 0.000000
vt  0.000000 0.666667 0.000000
vt  0.048023 0.666667 0.000000
vt  0.095636 0.666667 0.000000
vt  0.143015 0.666667 0.000000
vt  0.190319 0.666667 0.000000
vt  0.237698 0.666667 0.000000
vt  0.285310 0.666667 0.000000
vt  0.333333 0.666667 0.000000
vt  0.381357 0.666667 0.000000
vt  0.428969 0.666667 0.000000
vt  0.476348 0.666667 0.000000
vt  0.523652 0.666667 0.000000
vt  0.571031 0.666667 0.000000
vt  0.618643 0.666667 0.000000
vt  0.666667 0.666667 0.000000
vt  0.714690 0.666667 0.000000
vt  0.762302 0.666667 0.000000
vt  0.809681 0.666667 0.000000
vt  0.856985 0.666667 0.000000
vt  0.904364 0.666667 0.000000
vt  0.951977 0.666667 0.000000
vt  1.000000 0.666667 0.000000
vt  0.000000 0.708333 0.000000
vt  0.048023 0.708333 0.000000
vt  0.095636 0.708333 0.000000
vt  0.143015 0.708333 0.000000
vt  0.190319 0.708333 0.000000
vt  0.237698 0.708333 0.000000
vt  0.285310 0.708333 0.000000
vt  0.333333 0.708333 0.000000
vt  0.381357 0.708333 0.000000
vt  0.428969 0.708333 0.000000
vt  0.476348 0.708333 0.000000
vt  0.523652 0.708333 0.000000
vt  0.571031 0.708333 0.000000
vt  0.618643 0.708333 0.000000
vt  0.666667 0.708333 0.000000
vt  0.714690 0.708333 0.000000
vt  0.762302 0.708333 0.000000
vt  0.809681 0.708333 0.000000
vt  0.856985 0.708333 0.000000
vt  0.904364 0.708333 0.000000
vt  0.951977 0.708333 0.000000
vt  1.000000 0.708333 0.000000
vt  0.000000 0.750000 0.000000
vt  0.048023 0.750000 0.000000
vt  0.095636 0.750000 0.000000
vt  0.143015 0.750000 0.000000
vt  0.190319 0.750000 0.000000
vt  0.237698 0.750000 0.000000
vt  0.285310 0.750000 0.000000
vt  0.333333 0.750000 0.000000
vt  0.381357 0.750000 0.000000
vt  0.428969 0.750000 0.000000
vt  0.476348 0.750000 0.000000
vt  0.523652 0.750000 0.000000
vt  0.571031 0.750000 0.000000
vt  0.618643 0.750000 0.000000
vt  0.666667 0.750000 0.000000
vt  0.714690 0.750000 0.000000
vt  0.762302 0.750000 0.000000
vt  0.809681 0.750000 0.000000
vt  0.856985 0.750000 0.000000
vt  0.904364 0.750000 0.000000
vt  0.951977 0.750000 0.000000
vt  1.000000 0.750000 0.000000
vt  0.000000 0.791667 0.000000
vt  0.048023 0.791667 0.000000
vt  0.095636 0.791667 0.000000
vt  0.143015 0.791667 0.000000
vt  0.190319 0.791667 0.000000
vt  0.237698 0.791667 0.000000
vt  0.285310 0.791667 0.000000
vt  0.333333 0.791667 0.000000
vt  0.381357 0.791667 0.000000
vt  0.428969 0.791667 0.000000
vt  0.476348 0.791667 0.000000
vt  0.523652 0.791667 0.000000
vt  0.571031 0.791667 0.000000
vt  0.618643 0.791667 0.000000
vt  0.666667 0.791667 0.000000
vt  0.714690 0.791667 0.000000
vt  0.762302 0.791667 0.000000
vt  0.809681 0.791667 0.000000
vt  0.856985 0.791667 0.000000
vt  0.904364 0.791667 0.000000
vt  0.951977 0.791667 0.000000
vt  1.000000 0.791667 0.000000
vt  0.000000 0.833333 0.000000
vt  0.048023 0.833333 0.000000
vt  0.095636 0.833333 0.000000
vt  0.143015 0.833333 0.000000
vt  0.190319 0.833333 0.000000
vt  0.237698 0.833333 0.000000
vt  0.285310 0.833333 0.000000
vt  0.333333 0.833333 0.000000
vt  0.381357 0.833333 0.000000
vt  0.428969 0.833333 0.000000
vt  0.476348 0.833333 0.000000
vt  0.523652 0.833333 0.000000
vt  0.571031 0.833333 0.000000
vt  0.618643 0.833333 0.000000
vt  0.666667 0.833333 0.000000
vt  0.714690 0.833333 0.000000
vt  0.762302 0.833333 0.000000
vt  0.809681 0.833333 0.000000
vt  0.856985 0.833333 0.000000
vt  0.904364 0.833333 0.000000
vt  0.951977 0.833333 0.000000
vt  1.000000 0.833333 0.000000
vt  0.000000 0.875000 0.000000
vt  0.048023 0.875000 0.000000
vt  0.095636 0.875000 0.000000
vt  0.143015 0.875000 0.000000
vt  0.190319 0.875000 0.000000
vt  0.237698 0.875000 0.000000
vt  0.285310 0.875000 0.000000
vt  0.333333 0.875000 0.000000
vt  0.381357 0.875000 0.000000
vt  0.428969 0.875000 0.000000
vt  0.476348 0.875000 0.000000
vt  0.523652 0.875000 0.000000
vt  0.571031 0.875000 0.000000
vt  0.618643 0.875000 0.000000
vt  0.666667 0.875000 0.000000
vt  0.714690 0.875000 0.000000
vt  0.762302 0.875000 0.000000
vt  0.809681 0.875000 0.000000
vt  0.856985 0.875000 0.000000
vt  0.904364 0.875000 0.000000
vt  0.951977 0.875000 0.000000
vt  1.000000 0.875000 0.000000
vt  0.000000 0.916667 0.000000
vt  0.048023 0.916667 0.000000
vt  0.095636 0.916667 0.000000
vt  0.143015 0.916667 0.000000
vt  0.190319 0.916667 0.000000
vt  0.237698 0.916667 0.000000
vt  0.285310 0.916667 0.000000
vt  0.333333 0.916667 0.000000
vt  0.381357 0.916667 0.000000
vt  0.428969 0.916667 0.000000
vt  0.476348 0.916667 0.000000
vt  0.523652 0.916667 0.000000
vt  0.571031 0.916667 0.000000
vt  0.618643 0.916667 0.000000
vt  0.666667 0.916667 0.000000
vt  0.714690 0.916667 0.000000
vt  0.762302 0.916667 0.000000
vt  0.809681 0.916667 0.000000
vt  0.856985 0.916667 0.000000
vt  0.904364 0.916667 0.000000
vt  0.951977 0.916667 0.000000
vt  1.000000 0.916667 0.000000
vt  0.000000 0.958333 0.000000
vt  0.048023 0.958333 0.000000
vt  0.095636 0.958333 0.000000
vt  0.143015 0.958333 0.000000
vt  0.190319 0.958333 0.000000
vt  0.237698 0.958333 0.000000
vt  0.285310 0.958333 0.000000
vt  0.333333 0.958333 0.000000
vt  0.381357 0.958333 0.000000
vt  0.428969 0.958333 0.000000
vt  0.476348 0.958333 0.000000
vt  0.523652 0.958333 0.000000
vt  0.571031 0.958333 0.000000
vt  0.618643 0.958333 0.000000
vt  0.666667 0.958333 0.000000
vt  0.714690 0.958333 0.000000
vt  0.762302 0.958333 0.000000
vt  0.809681 0.958333 0.000000
vt  0.856985 0.958333 0.000000
vt  0.904364 0.958333 0.000000
vt  0.951977 0.958333 0.000000
vt  1.000000 0.958333 0.000000
vt  0.000000 1.000000 0.000000
vt  0.048023 1.000000 0.000000
vt  0.095636 1.000000 0.000000
vt  0.143015 1.000000 0.000000
vt  0.190319 1.000000 0.000000
vt  0.237698 1.000000 0.000000
vt  0.285310 1.000000 0.000000
vt  0.333333 1.000000 0.000000
vt  0.381357 1.000000 0.000000
vt  0.428969 1.000000 0.000000
vt  0.476348 1.000000 0.000000
vt  0.523652 1.000000 0.000000
vt  0.571031 1.000000 0.000000
vt  0.618643 1.000000 0.000000
vt  0.666667 1.000000 0.000000
vt  0.714690 1.000000 0.000000
vt  0.762302 1.000000 0.000000
vt  0.809681 1.000000 0.000000
vt  0.856985 1.000000 0.000000
vt  0.904364 1.000000 0.000000
vt  0.951977 1.000000 0.000000
vt  1.000000 1.000000 0.000000
# 550 texture vertices

vn  1.198938 -0.033803 -0.501209
vn  1.167836 -0.066472 -0.567050
vn  1.091818 -0.095697 -0.698986
vn  1.000530 -0.131510 -0.819421
vn  0.894919 -0.175245 -0.926398
vn  0.776029 -0.227959 -1.017654
vn  0.645363 -0.289601 -1.090616
vn  0.505745 -0.357468 -1.142910
vn  0.361763 -0.424374 -1.174240
vn  0.218184 -0.479375 -1.188444
vn  0.077255 -0.511367 -1.192619
vn  -0.062273 -0.513132 -1.192737
vn  -0.203291 -0.484368 -1.189061
vn  -0.347216 -0.431807 -1.175921
vn  -0.491941 -0.366335 -1.146123
vn  -0.632651 -0.299011 -1.095514
vn  -0.764609 -0.237344 -1.024132
vn  -0.884876 -0.184369 -0.934242
vn  -0.991893 -0.140336 -0.828408
vn  -1.084602 -0.104278 -0.708921
vn  -1.162062 -0.074882 -0.577764
vn  -1.195294 -0.079668 -0.504709
vn  1.198938 0.097071 -0.492879
vn  1.167836 0.082556 -0.564933
vn  1.091818 0.088475 -0.699937
vn  1.000530 0.085053 -0.825537
vn  0.894919 0.070495 -0.940189
vn  0.776029 0.043197 -1.041978
vn  0.645363 0.002539 -1.128408
vn  0.505744 -0.049481 -1.196486
vn  0.361763 -0.105999 -1.244065
vn  0.218184 -0.155449 -1.272021
vn  0.077256 -0.185270 -1.284333
vn  -0.062273 -0.186944 -1.284904
vn  -0.203291 -0.160112 -1.273908
vn  -0.347216 -0.112743 -1.247612
vn  -0.491941 -0.057215 -1.201884
vn  -0.632650 -0.005283 -1.135575
vn  -0.764609 0.035808 -1.050664
vn  -0.884876 0.063713 -0.950126
vn  -0.991893 0.078854 -0.836502
vn  -1.084602 0.082757 -0.711755
vn  -1.162062 0.077206 -0.577458
vn  -1.195294 0.053675 -0.508131
vn  1.198938 0.221330 -0.450961
vn  1.167836 0.225959 -0.524316
vn  1.091818 0.266617 -0.653188
vn  1.000530 0.295820 -0.775394
vn  0.894919 0.311432 -0.889907
vn  0.776029 0.311409 -0.995293
vn  0.645363 0.294507 -1.089301
vn  0.505744 0.261880 -1.168523
vn  0.361763 0.219601 -1.229108
vn  0.218184 0.179071 -1.268911
vn  0.077256 0.153452 -1.288522
vn  -0.062273 0.151984 -1.289507
vn  -0.203290 0.175056 -1.271941
vn  -0.347216 0.214005 -1.234280
vn  -0.491941 0.255806 -1.175739
vn  -0.632651 0.288806 -1.098248
vn  -0.764609 0.306520 -1.005596
vn  -0.884876 0.307453 -0.901261
vn  -0.991893 0.292670 -0.787590
vn  -1.084602 0.264153 -0.666083
vn  -1.162062 0.224032 -0.537799
vn  -1.195294 0.183359 -0.476925
vn  1.198938 0.330506 -0.378310
vn  1.167836 0.353962 -0.447968
vn  1.091817 0.426590 -0.561926
vn  1.000529 0.486427 -0.672410
vn  0.894919 0.531146 -0.778980
vn  0.776029 0.558399 -0.880781
vn  0.645363 0.566403 -0.975961
vn  0.505744 0.555391 -1.060928
vn  0.361763 0.530236 -1.130390
vn  0.218184 0.501389 -1.179326
vn  0.077255 0.481718 -1.204900
vn  -0.062273 0.480554 -1.206232
vn  -0.203290 0.498293 -1.183293
vn  -0.347216 0.526168 -1.136835
vn  -0.491941 0.551393 -1.069469
vn  -0.632650 0.563213 -0.986078
vn  -0.764610 0.556343 -0.891997
vn  -0.884876 0.530241 -0.790976
vn  -0.991893 0.486541 -0.685005
vn  -1.084602 0.427547 -0.575019
vn  -1.162062 0.355591 -0.461490
vn  -1.195294 0.300549 -0.413217
vn  1.198938 0.417158 -0.279878
vn  1.167836 0.457844 -0.341091
vn  1.091817 0.557491 -0.432369
vn  1.000529 0.643885 -0.523602
vn  0.894919 0.714662 -0.614966
vn  0.776029 0.767335 -0.706245
vn  0.645363 0.799701 -0.796110
vn  0.505744 0.811056 -0.881031
vn  0.361763 0.804734 -0.954639
vn  0.218184 0.789536 -1.009373
vn  0.077255 0.777155 -1.039166
vn  -0.062273 0.776376 -1.040753
vn  -0.203290 0.787573 -1.014005
vn  -0.347216 0.802473 -0.961916
vn  -0.491941 0.809403 -0.890317
vn  -0.632650 0.799237 -0.806708
vn  -0.764609 0.768252 -0.717612
vn  -0.884876 0.716893 -0.626789
vn  -0.991893 0.647254 -0.535738
vn  -1.084602 0.561804 -0.444768
vn  -1.162062 0.462916 -0.353731
vn  -1.195294 0.397256 -0.321349
vn  1.198938 0.475382 -0.162373
vn  1.167836 0.530524 -0.210970
vn  1.091818 0.650401 -0.273347
vn  1.000529 0.757463 -0.339111
vn  0.894919 0.849475 -0.409043
vn  0.776029 0.923978 -0.483579
vn  0.645363 0.978500 -0.562005
vn  0.505744 1.011447 -0.641095
vn  0.361763 1.024392 -0.713830
vn  0.218184 1.023878 -0.770633
vn  0.077255 1.019630 -0.802616
vn  -0.062273 1.019288 -0.804350
vn  -0.203291 1.023181 -0.775615
vn  -0.347216 1.024092 -0.721444
vn  -0.491941 1.012255 -0.650492
vn  -0.632651 0.980795 -0.572363
vn  -0.764610 0.927806 -0.494322
vn  -0.884876 0.854690 -0.419886
vn  -0.991893 0.763859 -0.349962
vn  -1.084602 0.657776 -0.284207
vn  -1.162062 0.538695 -0.221867
vn  -1.195294 0.466891 -0.207582
vn  1.198938 0.501209 -0.033803
vn  1.167836 0.567050 -0.066472
vn  1.091817 0.698986 -0.095697
vn  1.000529 0.819421 -0.131510
vn  0.894919 0.926398 -0.175245
vn  0.776029 1.017654 -0.227958
vn  0.645362 1.090616 -0.289601
vn  0.505744 1.142910 -0.357468
vn  0.361763 1.174240 -0.424374
vn  0.218184 1.188444 -0.479375
vn  0.077255 1.192619 -0.511367
vn  -0.062273 1.192738 -0.513131
vn  -0.203291 1.189061 -0.484368
vn  -0.347216 1.175920 -0.431807
vn  -0.491941 1.146122 -0.366336
vn  -0.632651 1.095513 -0.299012
vn  -0.764610 1.024131 -0.237344
vn  -0.884876 0.934241 -0.184369
vn  -0.991893 0.828408 -0.140336
vn  -1.084602 0.708921 -0.104279
vn  -1.162062 0.577763 -0.074882
vn  -1.195294 0.504708 -0.079668
vn  1.198938 0.492880 0.097071
vn  1.167836 0.564933 0.082556
vn  1.091817 0.699937 0.088475
vn  1.000529 0.825538 0.085053
vn  0.894919 0.940189 0.070496
vn  0.776029 1.041978 0.043197
vn  0.645362 1.128409 0.002539
vn  0.505744 1.196486 -0.049481
vn  0.361763 1.244065 -0.105999
vn  0.218184 1.272021 -0.155449
vn  0.077255 1.284333 -0.185270
vn  -0.062273 1.284904 -0.186944
vn  -0.203291 1.273908 -0.160111
vn  -0.347216 1.247612 -0.112743
vn  -0.491941 1.201884 -0.057215
vn  -0.632651 1.135575 -0.005283
vn  -0.764610 1.050664 0.035808
vn  -0.884876 0.950126 0.063713
vn  -0.991893 0.836502 0.078854
vn  -1.084602 0.711754 0.082757
vn  -1.162062 0.577457 0.077205
vn  -1.195294 0.508131 0.053674
vn  1.198938 0.450961 0.221330
vn  1.167836 0.524316 0.225958
vn  1.091817 0.653188 0.266617
vn  1.000529 0.775395 0.295820
vn  0.894919 0.889907 0.311432
vn  0.776029 0.995293 0.311409
vn  0.645363 1.089302 0.294506
vn  0.505744 1.168524 0.261880
vn  0.361762 1.229109 0.219602
vn  0.218184 1.268911 0.179072
vn  0.077255 1.288522 0.153452
vn  -0.062273 1.289507 0.151984
vn  -0.203291 1.271941 0.175056
vn  -0.347217 1.234280 0.214005
vn  -0.491941 1.175739 0.255805
vn  -0.632651 1.098248 0.288805
vn  -0.764610 1.005596 0.306520
vn  -0.884876 0.901261 0.307453
vn  -0.991893 0.787590 0.292670
vn  -1.084603 0.666082 0.264153
vn  -1.162062 0.537798 0.224032
vn  -1.195294 0.476925 0.183359
vn  1.198938 0.378311 0.330506
vn  1.167836 0.447968 0.353962
vn  1.091817 0.561926 0.426590
vn  1.000529 0.672410 0.486427
vn  0.894919 0.778980 0.531146
vn  0.776029 0.880781 0.558399
vn  0.645362 0.975961 0.566404
vn  0.505744 1.060928 0.555392
vn  0.361762 1.130391 0.530236
vn  0.218183 1.179326 0.501388
vn  0.077255 1.204900 0.481719
vn  -0.062273 1.206231 0.480555
vn  -0.203291 1.183293 0.498293
vn  -0.347216 1.136835 0.526168
vn  -0.491942 1.069469 0.551393
vn  -0.632651 0.986078 0.563213
vn  -0.764610 0.891997 0.556343
vn  -0.884877 0.790976 0.530240
vn  -0.991893 0.685005 0.486540
vn  -1.084602 0.575018 0.427547
vn  -1.162062 0.461489 0.355590
vn  -1.195294 0.413217 0.300549
vn  1.198938 0.279879 0.417159
vn  1.167835 0.341092 0.457844
vn  1.091817 0.432369 0.557491
vn  1.000529 0.523602 0.643884
vn  0.894919 0.614966 0.714662
vn  0.776029 0.706245 0.767335
vn  0.645362 0.796110 0.799701
vn  0.505744 0.881032 0.811055
vn  0.361762 0.954639 0.804734
vn  0.218183 1.009373 0.789536
vn  0.077255 1.039167 0.777154
vn  -0.062273 1.040754 0.776375
vn  -0.203291 1.014006 0.787573
vn  -0.347217 0.961916 0.802473
vn  -0.491941 0.890317 0.809403
vn  -0.632651 0.806708 0.799237
vn  -0.764610 0.717612 0.768252
vn  -0.884876 0.626789 0.716892
vn  -0.991893 0.535738 0.647254
vn  -1.084602 0.444768 0.561805
vn  -1.162062 0.353731 0.462916
vn  -1.195294 0.321348 0.397256
vn  1.198938 0.162374 0.475382
vn  1.167835 0.210971 0.530525
vn  1.091817 0.273347 0.650401
vn  1.000529 0.339111 0.757463
vn  0.894919 0.409044 0.849475
vn  0.776029 0.483580 0.923978
vn  0.645362 0.562006 0.978500
vn  0.505744 0.641095 1.011447
vn  0.361762 0.713830 1.024392
vn  0.218183 0.770633 1.023878
vn  0.077255 0.802616 1.019630
vn  -0.062273 0.804351 1.019287
vn  -0.203291 0.775615 1.023181
vn  -0.347217 0.721444 1.024092
vn  -0.491942 0.650491 1.012255
vn  -0.632651 0.572362 0.980795
vn  -0.764610 0.494321 0.927806
vn  -0.884876 0.419886 0.854690
vn  -0.991893 0.349961 0.763859
vn  -1.084602 0.284208 0.657776
vn  -1.162062 0.221867 0.538695
vn  -1.195294 0.207582 0.466891
vn  1.198938 0.033803 0.501209
vn  1.167836 0.066472 0.567051
vn  1.091817 0.095697 0.698987
vn  1.000529 0.131510 0.819421
vn  0.894919 0.175245 0.926399
vn  0.776029 0.227959 1.017654
vn  0.645362 0.289601 1.090616
vn  0.505744 0.357468 1.142911
vn  0.361762 0.424374 1.174240
vn  0.218184 0.479375 1.188444
vn  0.077255 0.511367 1.192619
vn  -0.062273 0.513132 1.192738
vn  -0.203291 0.484367 1.189061
vn  -0.347217 0.431806 1.175920
vn  -0.491942 0.366335 1.146123
vn  -0.632651 0.299010 1.095514
vn  -0.764610 0.237343 1.024131
vn  -0.884876 0.184368 0.934241
vn  -0.991893 0.140335 0.828408
vn  -1.084603 0.104278 0.708920
vn  -1.162062 0.074882 0.577763
vn  -1.195294 0.079668 0.504708
vn  1.198938 -0.097071 0.492880
vn  1.167836 -0.082556 0.564933
vn  1.091817 -0.088475 0.699937
vn  1.000529 -0.085053 0.825537
vn  0.894918 -0.070496 0.940189
vn  0.776028 -0.043197 1.041978
vn  0.645362 -0.002539 1.128409
vn  0.505744 0.049480 1.196486
vn  0.361762 0.105998 1.244065
vn  0.218183 0.155448 1.272021
vn  0.077255 0.185269 1.284333
vn  -0.062274 0.186943 1.284904
vn  -0.203291 0.160111 1.273908
vn  -0.347216 0.112742 1.247612
vn  -0.491942 0.057214 1.201884
vn  -0.632651 0.005282 1.135575
vn  -0.764610 -0.035809 1.050663
vn  -0.884877 -0.063714 0.950126
vn  -0.991893 -0.078854 0.836502
vn  -1.084602 -0.082758 0.711754
vn  -1.162062 -0.077206 0.577457
vn  -1.195294 -0.053675 0.508130
vn  1.198938 -0.221330 0.450962
vn  1.167835 -0.225959 0.524317
vn  1.091817 -0.266617 0.653189
vn  1.000529 -0.295819 0.775395
vn  0.894919 -0.311432 0.889907
vn  0.776028 -0.311410 0.995293
vn  0.645362 -0.294507 1.089302
vn  0.505744 -0.261879 1.168523
vn  0.361763 -0.219602 1.229108
vn  0.218183 -0.179073 1.268911
vn  0.077255 -0.153453 1.288522
vn  -0.062274 -0.151985 1.289507
vn  -0.203291 -0.175057 1.271941
vn  -0.347217 -0.214006 1.234280
vn  -0.491942 -0.255806 1.175739
vn  -0.632651 -0.288806 1.098248
vn  -0.764610 -0.306520 1.005595
vn  -0.884877 -0.307453 0.901261
vn  -0.991893 -0.292670 0.787590
vn  -1.084602 -0.264153 0.666082
vn  -1.162062 -0.224032 0.537798
vn  -1.195294 -0.183360 0.476924
vn  1.198938 -0.330506 0.378311
vn  1.167835 -0.353963 0.447969
vn  1.091817 -0.426590 0.561926
vn  1.000529 -0.486427 0.672410
vn  0.894919 -0.531145 0.778980
vn  0.776029 -0.558399 0.880781
vn  0.645362 -0.566403 0.975961
vn  0.505744 -0.555392 1.060928
vn  0.361763 -0.530234 1.130391
vn  0.218183 -0.501388 1.179326
vn  0.077255 -0.481718 1.204900
vn  -0.062273 -0.480553 1.206232
vn  -0.203291 -0.498293 1.183293
vn  -0.347216 -0.526168 1.136835
vn  -0.491942 -0.551393 1.069469
vn  -0.632651 -0.563212 0.986078
vn  -0.764610 -0.556343 0.891997
vn  -0.884876 -0.530240 0.790976
vn  -0.991893 -0.486541 0.685005
vn  -1.084602 -0.427547 0.575019
vn  -1.162062 -0.355591 0.461489
vn  -1.195294 -0.300549 0.413216
vn  1.198938 -0.417158 0.279879
vn  1.167835 -0.457844 0.341093
vn  1.091817 -0.557491 0.432370
vn  1.000530 -0.643884 0.523602
vn  0.894919 -0.714662 0.614967
vn  0.776028 -0.767334 0.706245
vn  0.645363 -0.799700 0.796111
vn  0.505744 -0.811055 0.881032
vn  0.361763 -0.804733 0.954640
vn  0.218184 -0.789534 1.009374
vn  0.077255 -0.777154 1.039167
vn  -0.062274 -0.776374 1.040754
vn  -0.203291 -0.787572 1.014006
vn  -0.347216 -0.802472 0.961917
vn  -0.491941 -0.809402 0.890318
vn  -0.632651 -0.799237 0.806708
vn  -0.764610 -0.768252 0.717612
vn  -0.884876 -0.716892 0.626789
vn  -0.991893 -0.647254 0.535738
vn  -1.084602 -0.561805 0.444768
vn  -1.162062 -0.462917 0.353732
vn  -1.195294 -0.397256 0.321349
vn  1.198938 -0.475382 0.162374
vn  1.167836 -0.530524 0.210971
vn  1.091817 -0.650401 0.273348
vn  1.000530 -0.757462 0.339111
vn  0.894919 -0.849475 0.409044
vn  0.776029 -0.923978 0.483580
vn  0.645363 -0.978500 0.562006
vn  0.505744 -1.011447 0.641095
vn  0.361762 -1.024392 0.713830
vn  0.218184 -1.023878 0.770633
vn  0.077255 -1.019629 0.802616
vn  -0.062274 -1.019288 0.804350
vn  -0.203291 -1.023181 0.775615
vn  -0.347216 -1.024092 0.721444
vn  -0.491941 -1.012255 0.650491
vn  -0.632651 -0.980795 0.572363
vn  -0.764610 -0.927806 0.494321
vn  -0.884876 -0.854690 0.419886
vn  -0.991893 -0.763859 0.349961
vn  -1.084602 -0.657776 0.284207
vn  -1.162061 -0.538696 0.221866
vn  -1.195294 -0.466891 0.207581
vn  1.198938 -0.501209 0.033803
vn  1.167836 -0.567050 0.066473
vn  1.091817 -0.698986 0.095697
vn  1.000530 -0.819421 0.131510
vn  0.894919 -0.926399 0.175245
vn  0.776029 -1.017654 0.227959
vn  0.645363 -1.090616 0.289601
vn  0.505744 -1.142910 0.357468
vn  0.361762 -1.174240 0.424374
vn  0.218184 -1.188445 0.479375
vn  0.077255 -1.192619 0.511367
vn  -0.062273 -1.192738 0.513132
vn  -0.203291 -1.189061 0.484368
vn  -0.347216 -1.175921 0.431806
vn  -0.491942 -1.146123 0.366334
vn  -0.632650 -1.095514 0.299011
vn  -0.764610 -1.024132 0.237343
vn  -0.884876 -0.934242 0.184368
vn  -0.991893 -0.828408 0.140335
vn  -1.084602 -0.708921 0.104278
vn  -1.162061 -0.577764 0.074882
vn  -1.195294 -0.504708 0.079668
vn  1.198938 -0.492880 -0.097071
vn  1.167836 -0.564933 -0.082556
vn  1.091818 -0.699937 -0.088475
vn  1.000530 -0.825537 -0.085053
vn  0.894919 -0.940189 -0.070496
vn  0.776029 -1.041978 -0.043198
vn  0.645363 -1.128408 -0.002540
vn  0.505744 -1.196486 0.049480
vn  0.361763 -1.244065 0.105998
vn  0.218183 -1.272021 0.155448
vn  0.077255 -1.284333 0.185270
vn  -0.062273 -1.284904 0.186943
vn  -0.203291 -1.273908 0.160111
vn  -0.347216 -1.247612 0.112742
vn  -0.491941 -1.201884 0.057214
vn  -0.632651 -1.135575 0.005282
vn  -0.764609 -1.050664 -0.035809
vn  -0.884876 -0.950126 -0.063714
vn  -0.991893 -0.836502 -0.078854
vn  -1.084602 -0.711755 -0.082758
vn  -1.162061 -0.577458 -0.077206
vn  -1.195294 -0.508130 -0.053675
vn  1.198938 -0.450961 -0.221330
vn  1.167835 -0.524316 -0.225959
vn  1.091818 -0.653188 -0.266617
vn  1.000530 -0.775394 -0.295819
vn  0.894919 -0.889907 -0.311433
vn  0.776029 -0.995293 -0.311410
vn  0.645363 -1.089301 -0.294507
vn  0.505744 -1.168523 -0.261880
vn  0.361763 -1.229108 -0.219602
vn  0.218184 -1.268911 -0.179072
vn  0.077255 -1.288522 -0.153454
vn  -0.062273 -1.289507 -0.151985
vn  -0.203290 -1.271941 -0.175057
vn  -0.347216 -1.234280 -0.214006
vn  -0.491941 -1.175739 -0.255806
vn  -0.632651 -1.098248 -0.288806
vn  -0.764610 -1.005595 -0.306521
vn  -0.884876 -0.901261 -0.307454
vn  -0.991893 -0.787590 -0.292670
vn  -1.084602 -0.666083 -0.264154
vn  -1.162061 -0.537799 -0.224033
vn  -1.195294 -0.476924 -0.183360
vn  1.198938 -0.378311 -0.330506
vn  1.167836 -0.447968 -0.353962
vn  1.091817 -0.561926 -0.426590
vn  1.000530 -0.672410 -0.486426
vn  0.894919 -0.778980 -0.531145
vn  0.776029 -0.880781 -0.558398
vn  0.645363 -0.975961 -0.566403
vn  0.505744 -1.060928 -0.555392
vn  0.361763 -1.130391 -0.530235
vn  0.218184 -1.179326 -0.501388
vn  0.077255 -1.204900 -0.481718
vn  -0.062273 -1.206231 -0.480555
vn  -0.203290 -1.183293 -0.498294
vn  -0.347216 -1.136835 -0.526169
vn  -0.491942 -1.069469 -0.551394
vn  -0.632650 -0.986078 -0.563213
vn  -0.764609 -0.891997 -0.556344
vn  -0.884876 -0.790977 -0.530241
vn  -0.991893 -0.685005 -0.486541
vn  -1.084602 -0.575019 -0.427548
vn  -1.162061 -0.461490 -0.355591
vn  -1.195294 -0.413217 -0.300549
vn  1.198938 -0.279879 -0.417158
vn  1.167836 -0.341092 -0.457844
vn  1.091817 -0.432369 -0.557492
vn  1.000530 -0.523601 -0.643884
vn  0.894919 -0.614966 -0.714662
vn  0.776029 -0.706245 -0.767334
vn  0.645363 -0.796110 -0.799700
vn  0.505744 -0.881032 -0.811056
vn  0.361763 -0.954639 -0.804734
vn  0.218184 -1.009373 -0.789536
vn  0.077256 -1.039166 -0.777155
vn  -0.062273 -1.040753 -0.776376
vn  -0.203290 -1.014005 -0.787573
vn  -0.347216 -0.961916 -0.802474
vn  -0.491941 -0.890317 -0.809404
vn  -0.632650 -0.806708 -0.799238
vn  -0.764609 -0.717611 -0.768252
vn  -0.884876 -0.626788 -0.716893
vn  -0.991893 -0.535738 -0.647255
vn  -1.084602 -0.444768 -0.561805
vn  -1.162061 -0.353732 -0.462917
vn  -1.195294 -0.321349 -0.397256
vn  1.198938 -0.162374 -0.475382
vn  1.167836 -0.210971 -0.530524
vn  1.091817 -0.273347 -0.650401
vn  1.000530 -0.339111 -0.757463
vn  0.894919 -0.409043 -0.849475
vn  0.776029 -0.483579 -0.923978
vn  0.645363 -0.562005 -0.978500
vn  0.505744 -0.641095 -1.011447
vn  0.361763 -0.713830 -1.024392
vn  0.218184 -0.770633 -1.023878
vn  0.077256 -0.802615 -1.019630
vn  -0.062273 -0.804350 -1.019288
vn  -0.203291 -0.775615 -1.023181
vn  -0.347216 -0.721443 -1.024093
vn  -0.491941 -0.650491 -1.012255
vn  -0.632650 -0.572362 -0.980795
vn  -0.764609 -0.494321 -0.927806
vn  -0.884876 -0.419886 -0.854690
vn  -0.991893 -0.349961 -0.763859
vn  -1.084602 -0.284207 -0.657776
vn  -1.162062 -0.221866 -0.538696
vn  -1.195294 -0.207582 -0.466892
# 528 vertex normals

g Arc01
usemtl drevo_skrin
s 1
f 3003/3492/3003 3026/3515/3026 3004/3493/3004
f 3003/3492/3003 3025/3514/3025 3026/3515/3026
s 3
f 3004/3493/3004 3027/3516/3027 3005/3494/3005
f 3004/3493/3004 3026/3515/3026 3027/3516/3027
s 2
f 3005/3494/3005 3028/3517/3028 3006/3495/3006
f 3005/3494/3005 3027/3516/3027 3028/3517/3028
f 3006/3495/3006 3029/3518/3029 3007/3496/3007
f 3006/3495/3006 3028/3517/3028 3029/3518/3029
f 3007/3496/3007 3030/3519/3030 3008/3497/3008
f 3007/3496/3007 3029/3518/3029 3030/3519/3030
f 3008/3497/3008 3031/3520/3031 3009/3498/3009
f 3008/3497/3008 3030/3519/3030 3031/3520/3031
f 3009/3498/3009 3032/3521/3032 3010/3499/3010
f 3009/3498/3009 3031/3520/3031 3032/3521/3032
f 3010/3499/3010 3033/3522/3033 3011/3500/3011
f 3010/3499/3010 3032/3521/3032 3033/3522/3033
f 3011/3500/3011 3034/3523/3034 3012/3501/3012
f 3011/3500/3011 3033/3522/3033 3034/3523/3034
f 3012/3501/3012 3035/3524/3035 3013/3502/3013
f 3012/3501/3012 3034/3523/3034 3035/3524/3035
f 3013/3502/3013 3036/3525/3036 3014/3503/3014
f 3013/3502/3013 3035/3524/3035 3036/3525/3036
f 3014/3503/3014 3037/3526/3037 3015/3504/3015
f 3014/3503/3014 3036/3525/3036 3037/3526/3037
f 3015/3504/3015 3038/3527/3038 3016/3505/3016
f 3015/3504/3015 3037/3526/3037 3038/3527/3038
f 3016/3505/3016 3039/3528/3039 3017/3506/3017
f 3016/3505/3016 3038/3527/3038 3039/3528/3039
f 3017/3506/3017 3040/3529/3040 3018/3507/3018
f 3017/3506/3017 3039/3528/3039 3040/3529/3040
f 3018/3507/3018 3041/3530/3041 3019/3508/3019
f 3018/3507/3018 3040/3529/3040 3041/3530/3041
f 3019/3508/3019 3042/3531/3042 3020/3509/3020
f 3019/3508/3019 3041/3530/3041 3042/3531/3042
f 3020/3509/3020 3043/3532/3043 3021/3510/3021
f 3020/3509/3020 3042/3531/3042 3043/3532/3043
f 3021/3510/3021 3044/3533/3044 3022/3511/3022
f 3021/3510/3021 3043/3532/3043 3044/3533/3044
f 3022/3511/3022 3045/3534/3045 3023/3512/3023
f 3022/3511/3022 3044/3533/3044 3045/3534/3045
f 3023/3512/3023 3046/3535/3046 3024/3513/3024
f 3023/3512/3023 3045/3534/3045 3046/3535/3046
s 1
f 3025/3514/3025 3048/3537/3048 3026/3515/3026
f 3025/3514/3025 3047/3536/3047 3048/3537/3048
s 3
f 3026/3515/3026 3049/3538/3049 3027/3516/3027
f 3026/3515/3026 3048/3537/3048 3049/3538/3049
s 2
f 3027/3516/3027 3050/3539/3050 3028/3517/3028
f 3027/3516/3027 3049/3538/3049 3050/3539/3050
f 3028/3517/3028 3051/3540/3051 3029/3518/3029
f 3028/3517/3028 3050/3539/3050 3051/3540/3051
f 3029/3518/3029 3052/3541/3052 3030/3519/3030
f 3029/3518/3029 3051/3540/3051 3052/3541/3052
f 3030/3519/3030 3053/3542/3053 3031/3520/3031
f 3030/3519/3030 3052/3541/3052 3053/3542/3053
f 3031/3520/3031 3054/3543/3054 3032/3521/3032
f 3031/3520/3031 3053/3542/3053 3054/3543/3054
f 3032/3521/3032 3055/3544/3055 3033/3522/3033
f 3032/3521/3032 3054/3543/3054 3055/3544/3055
f 3033/3522/3033 3056/3545/3056 3034/3523/3034
f 3033/3522/3033 3055/3544/3055 3056/3545/3056
f 3034/3523/3034 3057/3546/3057 3035/3524/3035
f 3034/3523/3034 3056/3545/3056 3057/3546/3057
f 3035/3524/3035 3058/3547/3058 3036/3525/3036
f 3035/3524/3035 3057/3546/3057 3058/3547/3058
f 3036/3525/3036 3059/3548/3059 3037/3526/3037
f 3036/3525/3036 3058/3547/3058 3059/3548/3059
f 3037/3526/3037 3060/3549/3060 3038/3527/3038
f 3037/3526/3037 3059/3548/3059 3060/3549/3060
f 3038/3527/3038 3061/3550/3061 3039/3528/3039
f 3038/3527/3038 3060/3549/3060 3061/3550/3061
f 3039/3528/3039 3062/3551/3062 3040/3529/3040
f 3039/3528/3039 3061/3550/3061 3062/3551/3062
f 3040/3529/3040 3063/3552/3063 3041/3530/3041
f 3040/3529/3040 3062/3551/3062 3063/3552/3063
f 3041/3530/3041 3064/3553/3064 3042/3531/3042
f 3041/3530/3041 3063/3552/3063 3064/3553/3064
f 3042/3531/3042 3065/3554/3065 3043/3532/3043
f 3042/3531/3042 3064/3553/3064 3065/3554/3065
f 3043/3532/3043 3066/3555/3066 3044/3533/3044
f 3043/3532/3043 3065/3554/3065 3066/3555/3066
f 3044/3533/3044 3067/3556/3067 3045/3534/3045
f 3044/3533/3044 3066/3555/3066 3067/3556/3067
f 3045/3534/3045 3068/3557/3068 3046/3535/3046
f 3045/3534/3045 3067/3556/3067 3068/3557/3068
s 1
f 3047/3536/3047 3070/3559/3070 3048/3537/3048
f 3047/3536/3047 3069/3558/3069 3070/3559/3070
s 3
f 3048/3537/3048 3071/3560/3071 3049/3538/3049
f 3048/3537/3048 3070/3559/3070 3071/3560/3071
s 2
f 3049/3538/3049 3072/3561/3072 3050/3539/3050
f 3049/3538/3049 3071/3560/3071 3072/3561/3072
f 3050/3539/3050 3073/3562/3073 3051/3540/3051
f 3050/3539/3050 3072/3561/3072 3073/3562/3073
f 3051/3540/3051 3074/3563/3074 3052/3541/3052
f 3051/3540/3051 3073/3562/3073 3074/3563/3074
f 3052/3541/3052 3075/3564/3075 3053/3542/3053
f 3052/3541/3052 3074/3563/3074 3075/3564/3075
f 3053/3542/3053 3076/3565/3076 3054/3543/3054
f 3053/3542/3053 3075/3564/3075 3076/3565/3076
f 3054/3543/3054 3077/3566/3077 3055/3544/3055
f 3054/3543/3054 3076/3565/3076 3077/3566/3077
f 3055/3544/3055 3078/3567/3078 3056/3545/3056
f 3055/3544/3055 3077/3566/3077 3078/3567/3078
f 3056/3545/3056 3079/3568/3079 3057/3546/3057
f 3056/3545/3056 3078/3567/3078 3079/3568/3079
f 3057/3546/3057 3080/3569/3080 3058/3547/3058
f 3057/3546/3057 3079/3568/3079 3080/3569/3080
f 3058/3547/3058 3081/3570/3081 3059/3548/3059
f 3058/3547/3058 3080/3569/3080 3081/3570/3081
f 3059/3548/3059 3082/3571/3082 3060/3549/3060
f 3059/3548/3059 3081/3570/3081 3082/3571/3082
f 3060/3549/3060 3083/3572/3083 3061/3550/3061
f 3060/3549/3060 3082/3571/3082 3083/3572/3083
f 3061/3550/3061 3084/3573/3084 3062/3551/3062
f 3061/3550/3061 3083/3572/3083 3084/3573/3084
f 3062/3551/3062 3085/3574/3085 3063/3552/3063
f 3062/3551/3062 3084/3573/3084 3085/3574/3085
f 3063/3552/3063 3086/3575/3086 3064/3553/3064
f 3063/3552/3063 3085/3574/3085 3086/3575/3086
f 3064/3553/3064 3087/3576/3087 3065/3554/3065
f 3064/3553/3064 3086/3575/3086 3087/3576/3087
f 3065/3554/3065 3088/3577/3088 3066/3555/3066
f 3065/3554/3065 3087/3576/3087 3088/3577/3088
f 3066/3555/3066 3089/3578/3089 3067/3556/3067
f 3066/3555/3066 3088/3577/3088 3089/3578/3089
f 3067/3556/3067 3090/3579/3090 3068/3557/3068
f 3067/3556/3067 3089/3578/3089 3090/3579/3090
s 1
f 3069/3558/3069 3092/3581/3092 3070/3559/3070
f 3069/3558/3069 3091/3580/3091 3092/3581/3092
s 3
f 3070/3559/3070 3093/3582/3093 3071/3560/3071
f 3070/3559/3070 3092/3581/3092 3093/3582/3093
s 2
f 3071/3560/3071 3094/3583/3094 3072/3561/3072
f 3071/3560/3071 3093/3582/3093 3094/3583/3094
f 3072/3561/3072 3095/3584/3095 3073/3562/3073
f 3072/3561/3072 3094/3583/3094 3095/3584/3095
f 3073/3562/3073 3096/3585/3096 3074/3563/3074
f 3073/3562/3073 3095/3584/3095 3096/3585/3096
f 3074/3563/3074 3097/3586/3097 3075/3564/3075
f 3074/3563/3074 3096/3585/3096 3097/3586/3097
f 3075/3564/3075 3098/3587/3098 3076/3565/3076
f 3075/3564/3075 3097/3586/3097 3098/3587/3098
f 3076/3565/3076 3099/3588/3099 3077/3566/3077
f 3076/3565/3076 3098/3587/3098 3099/3588/3099
f 3077/3566/3077 3100/3589/3100 3078/3567/3078
f 3077/3566/3077 3099/3588/3099 3100/3589/3100
f 3078/3567/3078 3101/3590/3101 3079/3568/3079
f 3078/3567/3078 3100/3589/3100 3101/3590/3101
f 3079/3568/3079 3102/3591/3102 3080/3569/3080
f 3079/3568/3079 3101/3590/3101 3102/3591/3102
f 3080/3569/3080 3103/3592/3103 3081/3570/3081
f 3080/3569/3080 3102/3591/3102 3103/3592/3103
f 3081/3570/3081 3104/3593/3104 3082/3571/3082
f 3081/3570/3081 3103/3592/3103 3104/3593/3104
f 3082/3571/3082 3105/3594/3105 3083/3572/3083
f 3082/3571/3082 3104/3593/3104 3105/3594/3105
f 3083/3572/3083 3106/3595/3106 3084/3573/3084
f 3083/3572/3083 3105/3594/3105 3106/3595/3106
f 3084/3573/3084 3107/3596/3107 3085/3574/3085
f 3084/3573/3084 3106/3595/3106 3107/3596/3107
f 3085/3574/3085 3108/3597/3108 3086/3575/3086
f 3085/3574/3085 3107/3596/3107 3108/3597/3108
f 3086/3575/3086 3109/3598/3109 3087/3576/3087
f 3086/3575/3086 3108/3597/3108 3109/3598/3109
f 3087/3576/3087 3110/3599/3110 3088/3577/3088
f 3087/3576/3087 3109/3598/3109 3110/3599/3110
f 3088/3577/3088 3111/3600/3111 3089/3578/3089
f 3088/3577/3088 3110/3599/3110 3111/3600/3111
f 3089/3578/3089 3112/3601/3112 3090/3579/3090
f 3089/3578/3089 3111/3600/3111 3112/3601/3112
s 1
f 3091/3580/3091 3114/3603/3114 3092/3581/3092
f 3091/3580/3091 3113/3602/3113 3114/3603/3114
s 3
f 3092/3581/3092 3115/3604/3115 3093/3582/3093
f 3092/3581/3092 3114/3603/3114 3115/3604/3115
s 2
f 3093/3582/3093 3116/3605/3116 3094/3583/3094
f 3093/3582/3093 3115/3604/3115 3116/3605/3116
f 3094/3583/3094 3117/3606/3117 3095/3584/3095
f 3094/3583/3094 3116/3605/3116 3117/3606/3117
f 3095/3584/3095 3118/3607/3118 3096/3585/3096
f 3095/3584/3095 3117/3606/3117 3118/3607/3118
f 3096/3585/3096 3119/3608/3119 3097/3586/3097
f 3096/3585/3096 3118/3607/3118 3119/3608/3119
f 3097/3586/3097 3120/3609/3120 3098/3587/3098
f 3097/3586/3097 3119/3608/3119 3120/3609/3120
f 3098/3587/3098 3121/3610/3121 3099/3588/3099
f 3098/3587/3098 3120/3609/3120 3121/3610/3121
f 3099/3588/3099 3122/3611/3122 3100/3589/3100
f 3099/3588/3099 3121/3610/3121 3122/3611/3122
f 3100/3589/3100 3123/3612/3123 3101/3590/3101
f 3100/3589/3100 3122/3611/3122 3123/3612/3123
f 3101/3590/3101 3124/3613/3124 3102/3591/3102
f 3101/3590/3101 3123/3612/3123 3124/3613/3124
f 3102/3591/3102 3125/3614/3125 3103/3592/3103
f 3102/3591/3102 3124/3613/3124 3125/3614/3125
f 3103/3592/3103 3126/3615/3126 3104/3593/3104
f 3103/3592/3103 3125/3614/3125 3126/3615/3126
f 3104/3593/3104 3127/3616/3127 3105/3594/3105
f 3104/3593/3104 3126/3615/3126 3127/3616/3127
f 3105/3594/3105 3128/3617/3128 3106/3595/3106
f 3105/3594/3105 3127/3616/3127 3128/3617/3128
f 3106/3595/3106 3129/3618/3129 3107/3596/3107
f 3106/3595/3106 3128/3617/3128 3129/3618/3129
f 3107/3596/3107 3130/3619/3130 3108/3597/3108
f 3107/3596/3107 3129/3618/3129 3130/3619/3130
f 3108/3597/3108 3131/3620/3131 3109/3598/3109
f 3108/3597/3108 3130/3619/3130 3131/3620/3131
f 3109/3598/3109 3132/3621/3132 3110/3599/3110
f 3109/3598/3109 3131/3620/3131 3132/3621/3132
f 3110/3599/3110 3133/3622/3133 3111/3600/3111
f 3110/3599/3110 3132/3621/3132 3133/3622/3133
f 3111/3600/3111 3134/3623/3134 3112/3601/3112
f 3111/3600/3111 3133/3622/3133 3134/3623/3134
s 1
f 3113/3602/3113 3136/3625/3136 3114/3603/3114
f 3113/3602/3113 3135/3624/3135 3136/3625/3136
s 3
f 3114/3603/3114 3137/3626/3137 3115/3604/3115
f 3114/3603/3114 3136/3625/3136 3137/3626/3137
s 2
f 3115/3604/3115 3138/3627/3138 3116/3605/3116
f 3115/3604/3115 3137/3626/3137 3138/3627/3138
f 3116/3605/3116 3139/3628/3139 3117/3606/3117
f 3116/3605/3116 3138/3627/3138 3139/3628/3139
f 3117/3606/3117 3140/3629/3140 3118/3607/3118
f 3117/3606/3117 3139/3628/3139 3140/3629/3140
f 3118/3607/3118 3141/3630/3141 3119/3608/3119
f 3118/3607/3118 3140/3629/3140 3141/3630/3141
f 3119/3608/3119 3142/3631/3142 3120/3609/3120
f 3119/3608/3119 3141/3630/3141 3142/3631/3142
f 3120/3609/3120 3143/3632/3143 3121/3610/3121
f 3120/3609/3120 3142/3631/3142 3143/3632/3143
f 3121/3610/3121 3144/3633/3144 3122/3611/3122
f 3121/3610/3121 3143/3632/3143 3144/3633/3144
f 3122/3611/3122 3145/3634/3145 3123/3612/3123
f 3122/3611/3122 3144/3633/3144 3145/3634/3145
f 3123/3612/3123 3146/3635/3146 3124/3613/3124
f 3123/3612/3123 3145/3634/3145 3146/3635/3146
f 3124/3613/3124 3147/3636/3147 3125/3614/3125
f 3124/3613/3124 3146/3635/3146 3147/3636/3147
f 3125/3614/3125 3148/3637/3148 3126/3615/3126
f 3125/3614/3125 3147/3636/3147 3148/3637/3148
f 3126/3615/3126 3149/3638/3149 3127/3616/3127
f 3126/3615/3126 3148/3637/3148 3149/3638/3149
f 3127/3616/3127 3150/3639/3150 3128/3617/3128
f 3127/3616/3127 3149/3638/3149 3150/3639/3150
f 3128/3617/3128 3151/3640/3151 3129/3618/3129
f 3128/3617/3128 3150/3639/3150 3151/3640/3151
f 3129/3618/3129 3152/3641/3152 3130/3619/3130
f 3129/3618/3129 3151/3640/3151 3152/3641/3152
f 3130/3619/3130 3153/3642/3153 3131/3620/3131
f 3130/3619/3130 3152/3641/3152 3153/3642/3153
f 3131/3620/3131 3154/3643/3154 3132/3621/3132
f 3131/3620/3131 3153/3642/3153 3154/3643/3154
f 3132/3621/3132 3155/3644/3155 3133/3622/3133
f 3132/3621/3132 3154/3643/3154 3155/3644/3155
f 3133/3622/3133 3156/3645/3156 3134/3623/3134
f 3133/3622/3133 3155/3644/3155 3156/3645/3156
s 1
f 3135/3624/3135 3158/3647/3158 3136/3625/3136
f 3135/3624/3135 3157/3646/3157 3158/3647/3158
s 3
f 3136/3625/3136 3159/3648/3159 3137/3626/3137
f 3136/3625/3136 3158/3647/3158 3159/3648/3159
s 2
f 3137/3626/3137 3160/3649/3160 3138/3627/3138
f 3137/3626/3137 3159/3648/3159 3160/3649/3160
f 3138/3627/3138 3161/3650/3161 3139/3628/3139
f 3138/3627/3138 3160/3649/3160 3161/3650/3161
f 3139/3628/3139 3162/3651/3162 3140/3629/3140
f 3139/3628/3139 3161/3650/3161 3162/3651/3162
f 3140/3629/3140 3163/3652/3163 3141/3630/3141
f 3140/3629/3140 3162/3651/3162 3163/3652/3163
f 3141/3630/3141 3164/3653/3164 3142/3631/3142
f 3141/3630/3141 3163/3652/3163 3164/3653/3164
f 3142/3631/3142 3165/3654/3165 3143/3632/3143
f 3142/3631/3142 3164/3653/3164 3165/3654/3165
f 3143/3632/3143 3166/3655/3166 3144/3633/3144
f 3143/3632/3143 3165/3654/3165 3166/3655/3166
f 3144/3633/3144 3167/3656/3167 3145/3634/3145
f 3144/3633/3144 3166/3655/3166 3167/3656/3167
f 3145/3634/3145 3168/3657/3168 3146/3635/3146
f 3145/3634/3145 3167/3656/3167 3168/3657/3168
f 3146/3635/3146 3169/3658/3169 3147/3636/3147
f 3146/3635/3146 3168/3657/3168 3169/3658/3169
f 3147/3636/3147 3170/3659/3170 3148/3637/3148
f 3147/3636/3147 3169/3658/3169 3170/3659/3170
f 3148/3637/3148 3171/3660/3171 3149/3638/3149
f 3148/3637/3148 3170/3659/3170 3171/3660/3171
f 3149/3638/3149 3172/3661/3172 3150/3639/3150
f 3149/3638/3149 3171/3660/3171 3172/3661/3172
f 3150/3639/3150 3173/3662/3173 3151/3640/3151
f 3150/3639/3150 3172/3661/3172 3173/3662/3173
f 3151/3640/3151 3174/3663/3174 3152/3641/3152
f 3151/3640/3151 3173/3662/3173 3174/3663/3174
f 3152/3641/3152 3175/3664/3175 3153/3642/3153
f 3152/3641/3152 3174/3663/3174 3175/3664/3175
f 3153/3642/3153 3176/3665/3176 3154/3643/3154
f 3153/3642/3153 3175/3664/3175 3176/3665/3176
f 3154/3643/3154 3177/3666/3177 3155/3644/3155
f 3154/3643/3154 3176/3665/3176 3177/3666/3177
f 3155/3644/3155 3178/3667/3178 3156/3645/3156
f 3155/3644/3155 3177/3666/3177 3178/3667/3178
s 1
f 3157/3646/3157 3180/3669/3180 3158/3647/3158
f 3157/3646/3157 3179/3668/3179 3180/3669/3180
s 3
f 3158/3647/3158 3181/3670/3181 3159/3648/3159
f 3158/3647/3158 3180/3669/3180 3181/3670/3181
s 2
f 3159/3648/3159 3182/3671/3182 3160/3649/3160
f 3159/3648/3159 3181/3670/3181 3182/3671/3182
f 3160/3649/3160 3183/3672/3183 3161/3650/3161
f 3160/3649/3160 3182/3671/3182 3183/3672/3183
f 3161/3650/3161 3184/3673/3184 3162/3651/3162
f 3161/3650/3161 3183/3672/3183 3184/3673/3184
f 3162/3651/3162 3185/3674/3185 3163/3652/3163
f 3162/3651/3162 3184/3673/3184 3185/3674/3185
f 3163/3652/3163 3186/3675/3186 3164/3653/3164
f 3163/3652/3163 3185/3674/3185 3186/3675/3186
f 3164/3653/3164 3187/3676/3187 3165/3654/3165
f 3164/3653/3164 3186/3675/3186 3187/3676/3187
f 3165/3654/3165 3188/3677/3188 3166/3655/3166
f 3165/3654/3165 3187/3676/3187 3188/3677/3188
f 3166/3655/3166 3189/3678/3189 3167/3656/3167
f 3166/3655/3166 3188/3677/3188 3189/3678/3189
f 3167/3656/3167 3190/3679/3190 3168/3657/3168
f 3167/3656/3167 3189/3678/3189 3190/3679/3190
f 3168/3657/3168 3191/3680/3191 3169/3658/3169
f 3168/3657/3168 3190/3679/3190 3191/3680/3191
f 3169/3658/3169 3192/3681/3192 3170/3659/3170
f 3169/3658/3169 3191/3680/3191 3192/3681/3192
f 3170/3659/3170 3193/3682/3193 3171/3660/3171
f 3170/3659/3170 3192/3681/3192 3193/3682/3193
f 3171/3660/3171 3194/3683/3194 3172/3661/3172
f 3171/3660/3171 3193/3682/3193 3194/3683/3194
f 3172/3661/3172 3195/3684/3195 3173/3662/3173
f 3172/3661/3172 3194/3683/3194 3195/3684/3195
f 3173/3662/3173 3196/3685/3196 3174/3663/3174
f 3173/3662/3173 3195/3684/3195 3196/3685/3196
f 3174/3663/3174 3197/3686/3197 3175/3664/3175
f 3174/3663/3174 3196/3685/3196 3197/3686/3197
f 3175/3664/3175 3198/3687/3198 3176/3665/3176
f 3175/3664/3175 3197/3686/3197 3198/3687/3198
f 3176/3665/3176 3199/3688/3199 3177/3666/3177
f 3176/3665/3176 3198/3687/3198 3199/3688/3199
f 3177/3666/3177 3200/3689/3200 3178/3667/3178
f 3177/3666/3177 3199/3688/3199 3200/3689/3200
s 1
f 3179/3668/3179 3202/3691/3202 3180/3669/3180
f 3179/3668/3179 3201/3690/3201 3202/3691/3202
s 3
f 3180/3669/3180 3203/3692/3203 3181/3670/3181
f 3180/3669/3180 3202/3691/3202 3203/3692/3203
s 2
f 3181/3670/3181 3204/3693/3204 3182/3671/3182
f 3181/3670/3181 3203/3692/3203 3204/3693/3204
f 3182/3671/3182 3205/3694/3205 3183/3672/3183
f 3182/3671/3182 3204/3693/3204 3205/3694/3205
f 3183/3672/3183 3206/3695/3206 3184/3673/3184
f 3183/3672/3183 3205/3694/3205 3206/3695/3206
f 3184/3673/3184 3207/3696/3207 3185/3674/3185
f 3184/3673/3184 3206/3695/3206 3207/3696/3207
f 3185/3674/3185 3208/3697/3208 3186/3675/3186
f 3185/3674/3185 3207/3696/3207 3208/3697/3208
f 3186/3675/3186 3209/3698/3209 3187/3676/3187
f 3186/3675/3186 3208/3697/3208 3209/3698/3209
f 3187/3676/3187 3210/3699/3210 3188/3677/3188
f 3187/3676/3187 3209/3698/3209 3210/3699/3210
f 3188/3677/3188 3211/3700/3211 3189/3678/3189
f 3188/3677/3188 3210/3699/3210 3211/3700/3211
f 3189/3678/3189 3212/3701/3212 3190/3679/3190
f 3189/3678/3189 3211/3700/3211 3212/3701/3212
f 3190/3679/3190 3213/3702/3213 3191/3680/3191
f 3190/3679/3190 3212/3701/3212 3213/3702/3213
f 3191/3680/3191 3214/3703/3214 3192/3681/3192
f 3191/3680/3191 3213/3702/3213 3214/3703/3214
f 3192/3681/3192 3215/3704/3215 3193/3682/3193
f 3192/3681/3192 3214/3703/3214 3215/3704/3215
f 3193/3682/3193 3216/3705/3216 3194/3683/3194
f 3193/3682/3193 3215/3704/3215 3216/3705/3216
f 3194/3683/3194 3217/3706/3217 3195/3684/3195
f 3194/3683/3194 3216/3705/3216 3217/3706/3217
f 3195/3684/3195 3218/3707/3218 3196/3685/3196
f 3195/3684/3195 3217/3706/3217 3218/3707/3218
f 3196/3685/3196 3219/3708/3219 3197/3686/3197
f 3196/3685/3196 3218/3707/3218 3219/3708/3219
f 3197/3686/3197 3220/3709/3220 3198/3687/3198
f 3197/3686/3197 3219/3708/3219 3220/3709/3220
f 3198/3687/3198 3221/3710/3221 3199/3688/3199
f 3198/3687/3198 3220/3709/3220 3221/3710/3221
f 3199/3688/3199 3222/3711/3222 3200/3689/3200
f 3199/3688/3199 3221/3710/3221 3222/3711/3222
s 1
f 3201/3690/3201 3224/3713/3224 3202/3691/3202
f 3201/3690/3201 3223/3712/3223 3224/3713/3224
s 3
f 3202/3691/3202 3225/3714/3225 3203/3692/3203
f 3202/3691/3202 3224/3713/3224 3225/3714/3225
s 2
f 3203/3692/3203 3226/3715/3226 3204/3693/3204
f 3203/3692/3203 3225/3714/3225 3226/3715/3226
f 3204/3693/3204 3227/3716/3227 3205/3694/3205
f 3204/3693/3204 3226/3715/3226 3227/3716/3227
f 3205/3694/3205 3228/3717/3228 3206/3695/3206
f 3205/3694/3205 3227/3716/3227 3228/3717/3228
f 3206/3695/3206 3229/3718/3229 3207/3696/3207
f 3206/3695/3206 3228/3717/3228 3229/3718/3229
f 3207/3696/3207 3230/3719/3230 3208/3697/3208
f 3207/3696/3207 3229/3718/3229 3230/3719/3230
f 3208/3697/3208 3231/3720/3231 3209/3698/3209
f 3208/3697/3208 3230/3719/3230 3231/3720/3231
f 3209/3698/3209 3232/3721/3232 3210/3699/3210
f 3209/3698/3209 3231/3720/3231 3232/3721/3232
f 3210/3699/3210 3233/3722/3233 3211/3700/3211
f 3210/3699/3210 3232/3721/3232 3233/3722/3233
f 3211/3700/3211 3234/3723/3234 3212/3701/3212
f 3211/3700/3211 3233/3722/3233 3234/3723/3234
f 3212/3701/3212 3235/3724/3235 3213/3702/3213
f 3212/3701/3212 3234/3723/3234 3235/3724/3235
f 3213/3702/3213 3236/3725/3236 3214/3703/3214
f 3213/3702/3213 3235/3724/3235 3236/3725/3236
f 3214/3703/3214 3237/3726/3237 3215/3704/3215
f 3214/3703/3214 3236/3725/3236 3237/3726/3237
f 3215/3704/3215 3238/3727/3238 3216/3705/3216
f 3215/3704/3215 3237/3726/3237 3238/3727/3238
f 3216/3705/3216 3239/3728/3239 3217/3706/3217
f 3216/3705/3216 3238/3727/3238 3239/3728/3239
f 3217/3706/3217 3240/3729/3240 3218/3707/3218
f 3217/3706/3217 3239/3728/3239 3240/3729/3240
f 3218/3707/3218 3241/3730/3241 3219/3708/3219
f 3218/3707/3218 3240/3729/3240 3241/3730/3241
f 3219/3708/3219 3242/3731/3242 3220/3709/3220
f 3219/3708/3219 3241/3730/3241 3242/3731/3242
f 3220/3709/3220 3243/3732/3243 3221/3710/3221
f 3220/3709/3220 3242/3731/3242 3243/3732/3243
f 3221/3710/3221 3244/3733/3244 3222/3711/3222
f 3221/3710/3221 3243/3732/3243 3244/3733/3244
s 1
f 3223/3712/3223 3246/3735/3246 3224/3713/3224
f 3223/3712/3223 3245/3734/3245 3246/3735/3246
s 3
f 3224/3713/3224 3247/3736/3247 3225/3714/3225
f 3224/3713/3224 3246/3735/3246 3247/3736/3247
s 2
f 3225/3714/3225 3248/3737/3248 3226/3715/3226
f 3225/3714/3225 3247/3736/3247 3248/3737/3248
f 3226/3715/3226 3249/3738/3249 3227/3716/3227
f 3226/3715/3226 3248/3737/3248 3249/3738/3249
f 3227/3716/3227 3250/3739/3250 3228/3717/3228
f 3227/3716/3227 3249/3738/3249 3250/3739/3250
f 3228/3717/3228 3251/3740/3251 3229/3718/3229
f 3228/3717/3228 3250/3739/3250 3251/3740/3251
f 3229/3718/3229 3252/3741/3252 3230/3719/3230
f 3229/3718/3229 3251/3740/3251 3252/3741/3252
f 3230/3719/3230 3253/3742/3253 3231/3720/3231
f 3230/3719/3230 3252/3741/3252 3253/3742/3253
f 3231/3720/3231 3254/3743/3254 3232/3721/3232
f 3231/3720/3231 3253/3742/3253 3254/3743/3254
f 3232/3721/3232 3255/3744/3255 3233/3722/3233
f 3232/3721/3232 3254/3743/3254 3255/3744/3255
f 3233/3722/3233 3256/3745/3256 3234/3723/3234
f 3233/3722/3233 3255/3744/3255 3256/3745/3256
f 3234/3723/3234 3257/3746/3257 3235/3724/3235
f 3234/3723/3234 3256/3745/3256 3257/3746/3257
f 3235/3724/3235 3258/3747/3258 3236/3725/3236
f 3235/3724/3235 3257/3746/3257 3258/3747/3258
f 3236/3725/3236 3259/3748/3259 3237/3726/3237
f 3236/3725/3236 3258/3747/3258 3259/3748/3259
f 3237/3726/3237 3260/3749/3260 3238/3727/3238
f 3237/3726/3237 3259/3748/3259 3260/3749/3260
f 3238/3727/3238 3261/3750/3261 3239/3728/3239
f 3238/3727/3238 3260/3749/3260 3261/3750/3261
f 3239/3728/3239 3262/3751/3262 3240/3729/3240
f 3239/3728/3239 3261/3750/3261 3262/3751/3262
f 3240/3729/3240 3263/3752/3263 3241/3730/3241
f 3240/3729/3240 3262/3751/3262 3263/3752/3263
f 3241/3730/3241 3264/3753/3264 3242/3731/3242
f 3241/3730/3241 3263/3752/3263 3264/3753/3264
f 3242/3731/3242 3265/3754/3265 3243/3732/3243
f 3242/3731/3242 3264/3753/3264 3265/3754/3265
f 3243/3732/3243 3266/3755/3266 3244/3733/3244
f 3243/3732/3243 3265/3754/3265 3266/3755/3266
s 1
f 3245/3734/3245 3268/3757/3268 3246/3735/3246
f 3245/3734/3245 3267/3756/3267 3268/3757/3268
s 3
f 3246/3735/3246 3269/3758/3269 3247/3736/3247
f 3246/3735/3246 3268/3757/3268 3269/3758/3269
s 2
f 3247/3736/3247 3270/3759/3270 3248/3737/3248
f 3247/3736/3247 3269/3758/3269 3270/3759/3270
f 3248/3737/3248 3271/3760/3271 3249/3738/3249
f 3248/3737/3248 3270/3759/3270 3271/3760/3271
f 3249/3738/3249 3272/3761/3272 3250/3739/3250
f 3249/3738/3249 3271/3760/3271 3272/3761/3272
f 3250/3739/3250 3273/3762/3273 3251/3740/3251
f 3250/3739/3250 3272/3761/3272 3273/3762/3273
f 3251/3740/3251 3274/3763/3274 3252/3741/3252
f 3251/3740/3251 3273/3762/3273 3274/3763/3274
f 3252/3741/3252 3275/3764/3275 3253/3742/3253
f 3252/3741/3252 3274/3763/3274 3275/3764/3275
f 3253/3742/3253 3276/3765/3276 3254/3743/3254
f 3253/3742/3253 3275/3764/3275 3276/3765/3276
f 3254/3743/3254 3277/3766/3277 3255/3744/3255
f 3254/3743/3254 3276/3765/3276 3277/3766/3277
f 3255/3744/3255 3278/3767/3278 3256/3745/3256
f 3255/3744/3255 3277/3766/3277 3278/3767/3278
f 3256/3745/3256 3279/3768/3279 3257/3746/3257
f 3256/3745/3256 3278/3767/3278 3279/3768/3279
f 3257/3746/3257 3280/3769/3280 3258/3747/3258
f 3257/3746/3257 3279/3768/3279 3280/3769/3280
f 3258/3747/3258 3281/3770/3281 3259/3748/3259
f 3258/3747/3258 3280/3769/3280 3281/3770/3281
f 3259/3748/3259 3282/3771/3282 3260/3749/3260
f 3259/3748/3259 3281/3770/3281 3282/3771/3282
f 3260/3749/3260 3283/3772/3283 3261/3750/3261
f 3260/3749/3260 3282/3771/3282 3283/3772/3283
f 3261/3750/3261 3284/3773/3284 3262/3751/3262
f 3261/3750/3261 3283/3772/3283 3284/3773/3284
f 3262/3751/3262 3285/3774/3285 3263/3752/3263
f 3262/3751/3262 3284/3773/3284 3285/3774/3285
f 3263/3752/3263 3286/3775/3286 3264/3753/3264
f 3263/3752/3263 3285/3774/3285 3286/3775/3286
f 3264/3753/3264 3287/3776/3287 3265/3754/3265
f 3264/3753/3264 3286/3775/3286 3287/3776/3287
f 3265/3754/3265 3288/3777/3288 3266/3755/3266
f 3265/3754/3265 3287/3776/3287 3288/3777/3288
s 1
f 3267/3756/3267 3290/3779/3290 3268/3757/3268
f 3267/3756/3267 3289/3778/3289 3290/3779/3290
s 3
f 3268/3757/3268 3291/3780/3291 3269/3758/3269
f 3268/3757/3268 3290/3779/3290 3291/3780/3291
s 2
f 3269/3758/3269 3292/3781/3292 3270/3759/3270
f 3269/3758/3269 3291/3780/3291 3292/3781/3292
f 3270/3759/3270 3293/3782/3293 3271/3760/3271
f 3270/3759/3270 3292/3781/3292 3293/3782/3293
f 3271/3760/3271 3294/3783/3294 3272/3761/3272
f 3271/3760/3271 3293/3782/3293 3294/3783/3294
f 3272/3761/3272 3295/3784/3295 3273/3762/3273
f 3272/3761/3272 3294/3783/3294 3295/3784/3295
f 3273/3762/3273 3296/3785/3296 3274/3763/3274
f 3273/3762/3273 3295/3784/3295 3296/3785/3296
f 3274/3763/3274 3297/3786/3297 3275/3764/3275
f 3274/3763/3274 3296/3785/3296 3297/3786/3297
f 3275/3764/3275 3298/3787/3298 3276/3765/3276
f 3275/3764/3275 3297/3786/3297 3298/3787/3298
f 3276/3765/3276 3299/3788/3299 3277/3766/3277
f 3276/3765/3276 3298/3787/3298 3299/3788/3299
f 3277/3766/3277 3300/3789/3300 3278/3767/3278
f 3277/3766/3277 3299/3788/3299 3300/3789/3300
f 3278/3767/3278 3301/3790/3301 3279/3768/3279
f 3278/3767/3278 3300/3789/3300 3301/3790/3301
f 3279/3768/3279 3302/3791/3302 3280/3769/3280
f 3279/3768/3279 3301/3790/3301 3302/3791/3302
f 3280/3769/3280 3303/3792/3303 3281/3770/3281
f 3280/3769/3280 3302/3791/3302 3303/3792/3303
f 3281/3770/3281 3304/3793/3304 3282/3771/3282
f 3281/3770/3281 3303/3792/3303 3304/3793/3304
f 3282/3771/3282 3305/3794/3305 3283/3772/3283
f 3282/3771/3282 3304/3793/3304 3305/3794/3305
f 3283/3772/3283 3306/3795/3306 3284/3773/3284
f 3283/3772/3283 3305/3794/3305 3306/3795/3306
f 3284/3773/3284 3307/3796/3307 3285/3774/3285
f 3284/3773/3284 3306/3795/3306 3307/3796/3307
f 3285/3774/3285 3308/3797/3308 3286/3775/3286
f 3285/3774/3285 3307/3796/3307 3308/3797/3308
f 3286/3775/3286 3309/3798/3309 3287/3776/3287
f 3286/3775/3286 3308/3797/3308 3309/3798/3309
f 3287/3776/3287 3310/3799/3310 3288/3777/3288
f 3287/3776/3287 3309/3798/3309 3310/3799/3310
s 1
f 3289/3778/3289 3312/3801/3312 3290/3779/3290
f 3289/3778/3289 3311/3800/3311 3312/3801/3312
s 3
f 3290/3779/3290 3313/3802/3313 3291/3780/3291
f 3290/3779/3290 3312/3801/3312 3313/3802/3313
s 2
f 3291/3780/3291 3314/3803/3314 3292/3781/3292
f 3291/3780/3291 3313/3802/3313 3314/3803/3314
f 3292/3781/3292 3315/3804/3315 3293/3782/3293
f 3292/3781/3292 3314/3803/3314 3315/3804/3315
f 3293/3782/3293 3316/3805/3316 3294/3783/3294
f 3293/3782/3293 3315/3804/3315 3316/3805/3316
f 3294/3783/3294 3317/3806/3317 3295/3784/3295
f 3294/3783/3294 3316/3805/3316 3317/3806/3317
f 3295/3784/3295 3318/3807/3318 3296/3785/3296
f 3295/3784/3295 3317/3806/3317 3318/3807/3318
f 3296/3785/3296 3319/3808/3319 3297/3786/3297
f 3296/3785/3296 3318/3807/3318 3319/3808/3319
f 3297/3786/3297 3320/3809/3320 3298/3787/3298
f 3297/3786/3297 3319/3808/3319 3320/3809/3320
f 3298/3787/3298 3321/3810/3321 3299/3788/3299
f 3298/3787/3298 3320/3809/3320 3321/3810/3321
f 3299/3788/3299 3322/3811/3322 3300/3789/3300
f 3299/3788/3299 3321/3810/3321 3322/3811/3322
f 3300/3789/3300 3323/3812/3323 3301/3790/3301
f 3300/3789/3300 3322/3811/3322 3323/3812/3323
f 3301/3790/3301 3324/3813/3324 3302/3791/3302
f 3301/3790/3301 3323/3812/3323 3324/3813/3324
f 3302/3791/3302 3325/3814/3325 3303/3792/3303
f 3302/3791/3302 3324/3813/3324 3325/3814/3325
f 3303/3792/3303 3326/3815/3326 3304/3793/3304
f 3303/3792/3303 3325/3814/3325 3326/3815/3326
f 3304/3793/3304 3327/3816/3327 3305/3794/3305
f 3304/3793/3304 3326/3815/3326 3327/3816/3327
f 3305/3794/3305 3328/3817/3328 3306/3795/3306
f 3305/3794/3305 3327/3816/3327 3328/3817/3328
f 3306/3795/3306 3329/3818/3329 3307/3796/3307
f 3306/3795/3306 3328/3817/3328 3329/3818/3329
f 3307/3796/3307 3330/3819/3330 3308/3797/3308
f 3307/3796/3307 3329/3818/3329 3330/3819/3330
f 3308/3797/3308 3331/3820/3331 3309/3798/3309
f 3308/3797/3308 3330/3819/3330 3331/3820/3331
f 3309/3798/3309 3332/3821/3332 3310/3799/3310
f 3309/3798/3309 3331/3820/3331 3332/3821/3332
s 1
f 3311/3800/3311 3334/3823/3334 3312/3801/3312
f 3311/3800/3311 3333/3822/3333 3334/3823/3334
s 3
f 3312/3801/3312 3335/3824/3335 3313/3802/3313
f 3312/3801/3312 3334/3823/3334 3335/3824/3335
s 2
f 3313/3802/3313 3336/3825/3336 3314/3803/3314
f 3313/3802/3313 3335/3824/3335 3336/3825/3336
f 3314/3803/3314 3337/3826/3337 3315/3804/3315
f 3314/3803/3314 3336/3825/3336 3337/3826/3337
f 3315/3804/3315 3338/3827/3338 3316/3805/3316
f 3315/3804/3315 3337/3826/3337 3338/3827/3338
f 3316/3805/3316 3339/3828/3339 3317/3806/3317
f 3316/3805/3316 3338/3827/3338 3339/3828/3339
f 3317/3806/3317 3340/3829/3340 3318/3807/3318
f 3317/3806/3317 3339/3828/3339 3340/3829/3340
f 3318/3807/3318 3341/3830/3341 3319/3808/3319
f 3318/3807/3318 3340/3829/3340 3341/3830/3341
f 3319/3808/3319 3342/3831/3342 3320/3809/3320
f 3319/3808/3319 3341/3830/3341 3342/3831/3342
f 3320/3809/3320 3343/3832/3343 3321/3810/3321
f 3320/3809/3320 3342/3831/3342 3343/3832/3343
f 3321/3810/3321 3344/3833/3344 3322/3811/3322
f 3321/3810/3321 3343/3832/3343 3344/3833/3344
f 3322/3811/3322 3345/3834/3345 3323/3812/3323
f 3322/3811/3322 3344/3833/3344 3345/3834/3345
f 3323/3812/3323 3346/3835/3346 3324/3813/3324
f 3323/3812/3323 3345/3834/3345 3346/3835/3346
f 3324/3813/3324 3347/3836/3347 3325/3814/3325
f 3324/3813/3324 3346/3835/3346 3347/3836/3347
f 3325/3814/3325 3348/3837/3348 3326/3815/3326
f 3325/3814/3325 3347/3836/3347 3348/3837/3348
f 3326/3815/3326 3349/3838/3349 3327/3816/3327
f 3326/3815/3326 3348/3837/3348 3349/3838/3349
f 3327/3816/3327 3350/3839/3350 3328/3817/3328
f 3327/3816/3327 3349/3838/3349 3350/3839/3350
f 3328/3817/3328 3351/3840/3351 3329/3818/3329
f 3328/3817/3328 3350/3839/3350 3351/3840/3351
f 3329/3818/3329 3352/3841/3352 3330/3819/3330
f 3329/3818/3329 3351/3840/3351 3352/3841/3352
f 3330/3819/3330 3353/3842/3353 3331/3820/3331
f 3330/3819/3330 3352/3841/3352 3353/3842/3353
f 3331/3820/3331 3354/3843/3354 3332/3821/3332
f 3331/3820/3331 3353/3842/3353 3354/3843/3354
s 1
f 3333/3822/3333 3356/3845/3356 3334/3823/3334
f 3333/3822/3333 3355/3844/3355 3356/3845/3356
s 3
f 3334/3823/3334 3357/3846/3357 3335/3824/3335
f 3334/3823/3334 3356/3845/3356 3357/3846/3357
s 2
f 3335/3824/3335 3358/3847/3358 3336/3825/3336
f 3335/3824/3335 3357/3846/3357 3358/3847/3358
f 3336/3825/3336 3359/3848/3359 3337/3826/3337
f 3336/3825/3336 3358/3847/3358 3359/3848/3359
f 3337/3826/3337 3360/3849/3360 3338/3827/3338
f 3337/3826/3337 3359/3848/3359 3360/3849/3360
f 3338/3827/3338 3361/3850/3361 3339/3828/3339
f 3338/3827/3338 3360/3849/3360 3361/3850/3361
f 3339/3828/3339 3362/3851/3362 3340/3829/3340
f 3339/3828/3339 3361/3850/3361 3362/3851/3362
f 3340/3829/3340 3363/3852/3363 3341/3830/3341
f 3340/3829/3340 3362/3851/3362 3363/3852/3363
f 3341/3830/3341 3364/3853/3364 3342/3831/3342
f 3341/3830/3341 3363/3852/3363 3364/3853/3364
f 3342/3831/3342 3365/3854/3365 3343/3832/3343
f 3342/3831/3342 3364/3853/3364 3365/3854/3365
f 3343/3832/3343 3366/3855/3366 3344/3833/3344
f 3343/3832/3343 3365/3854/3365 3366/3855/3366
f 3344/3833/3344 3367/3856/3367 3345/3834/3345
f 3344/3833/3344 3366/3855/3366 3367/3856/3367
f 3345/3834/3345 3368/3857/3368 3346/3835/3346
f 3345/3834/3345 3367/3856/3367 3368/3857/3368
f 3346/3835/3346 3369/3858/3369 3347/3836/3347
f 3346/3835/3346 3368/3857/3368 3369/3858/3369
f 3347/3836/3347 3370/3859/3370 3348/3837/3348
f 3347/3836/3347 3369/3858/3369 3370/3859/3370
f 3348/3837/3348 3371/3860/3371 3349/3838/3349
f 3348/3837/3348 3370/3859/3370 3371/3860/3371
f 3349/3838/3349 3372/3861/3372 3350/3839/3350
f 3349/3838/3349 3371/3860/3371 3372/3861/3372
f 3350/3839/3350 3373/3862/3373 3351/3840/3351
f 3350/3839/3350 3372/3861/3372 3373/3862/3373
f 3351/3840/3351 3374/3863/3374 3352/3841/3352
f 3351/3840/3351 3373/3862/3373 3374/3863/3374
f 3352/3841/3352 3375/3864/3375 3353/3842/3353
f 3352/3841/3352 3374/3863/3374 3375/3864/3375
f 3353/3842/3353 3376/3865/3376 3354/3843/3354
f 3353/3842/3353 3375/3864/3375 3376/3865/3376
s 1
f 3355/3844/3355 3378/3867/3378 3356/3845/3356
f 3355/3844/3355 3377/3866/3377 3378/3867/3378
s 3
f 3356/3845/3356 3379/3868/3379 3357/3846/3357
f 3356/3845/3356 3378/3867/3378 3379/3868/3379
s 2
f 3357/3846/3357 3380/3869/3380 3358/3847/3358
f 3357/3846/3357 3379/3868/3379 3380/3869/3380
f 3358/3847/3358 3381/3870/3381 3359/3848/3359
f 3358/3847/3358 3380/3869/3380 3381/3870/3381
f 3359/3848/3359 3382/3871/3382 3360/3849/3360
f 3359/3848/3359 3381/3870/3381 3382/3871/3382
f 3360/3849/3360 3383/3872/3383 3361/3850/3361
f 3360/3849/3360 3382/3871/3382 3383/3872/3383
f 3361/3850/3361 3384/3873/3384 3362/3851/3362
f 3361/3850/3361 3383/3872/3383 3384/3873/3384
f 3362/3851/3362 3385/3874/3385 3363/3852/3363
f 3362/3851/3362 3384/3873/3384 3385/3874/3385
f 3363/3852/3363 3386/3875/3386 3364/3853/3364
f 3363/3852/3363 3385/3874/3385 3386/3875/3386
f 3364/3853/3364 3387/3876/3387 3365/3854/3365
f 3364/3853/3364 3386/3875/3386 3387/3876/3387
f 3365/3854/3365 3388/3877/3388 3366/3855/3366
f 3365/3854/3365 3387/3876/3387 3388/3877/3388
f 3366/3855/3366 3389/3878/3389 3367/3856/3367
f 3366/3855/3366 3388/3877/3388 3389/3878/3389
f 3367/3856/3367 3390/3879/3390 3368/3857/3368
f 3367/3856/3367 3389/3878/3389 3390/3879/3390
f 3368/3857/3368 3391/3880/3391 3369/3858/3369
f 3368/3857/3368 3390/3879/3390 3391/3880/3391
f 3369/3858/3369 3392/3881/3392 3370/3859/3370
f 3369/3858/3369 3391/3880/3391 3392/3881/3392
f 3370/3859/3370 3393/3882/3393 3371/3860/3371
f 3370/3859/3370 3392/3881/3392 3393/3882/3393
f 3371/3860/3371 3394/3883/3394 3372/3861/3372
f 3371/3860/3371 3393/3882/3393 3394/3883/3394
f 3372/3861/3372 3395/3884/3395 3373/3862/3373
f 3372/3861/3372 3394/3883/3394 3395/3884/3395
f 3373/3862/3373 3396/3885/3396 3374/3863/3374
f 3373/3862/3373 3395/3884/3395 3396/3885/3396
f 3374/3863/3374 3397/3886/3397 3375/3864/3375
f 3374/3863/3374 3396/3885/3396 3397/3886/3397
f 3375/3864/3375 3398/3887/3398 3376/3865/3376
f 3375/3864/3375 3397/3886/3397 3398/3887/3398
s 1
f 3377/3866/3377 3400/3889/3400 3378/3867/3378
f 3377/3866/3377 3399/3888/3399 3400/3889/3400
s 3
f 3378/3867/3378 3401/3890/3401 3379/3868/3379
f 3378/3867/3378 3400/3889/3400 3401/3890/3401
s 2
f 3379/3868/3379 3402/3891/3402 3380/3869/3380
f 3379/3868/3379 3401/3890/3401 3402/3891/3402
f 3380/3869/3380 3403/3892/3403 3381/3870/3381
f 3380/3869/3380 3402/3891/3402 3403/3892/3403
f 3381/3870/3381 3404/3893/3404 3382/3871/3382
f 3381/3870/3381 3403/3892/3403 3404/3893/3404
f 3382/3871/3382 3405/3894/3405 3383/3872/3383
f 3382/3871/3382 3404/3893/3404 3405/3894/3405
f 3383/3872/3383 3406/3895/3406 3384/3873/3384
f 3383/3872/3383 3405/3894/3405 3406/3895/3406
f 3384/3873/3384 3407/3896/3407 3385/3874/3385
f 3384/3873/3384 3406/3895/3406 3407/3896/3407
f 3385/3874/3385 3408/3897/3408 3386/3875/3386
f 3385/3874/3385 3407/3896/3407 3408/3897/3408
f 3386/3875/3386 3409/3898/3409 3387/3876/3387
f 3386/3875/3386 3408/3897/3408 3409/3898/3409
f 3387/3876/3387 3410/3899/3410 3388/3877/3388
f 3387/3876/3387 3409/3898/3409 3410/3899/3410
f 3388/3877/3388 3411/3900/3411 3389/3878/3389
f 3388/3877/3388 3410/3899/3410 3411/3900/3411
f 3389/3878/3389 3412/3901/3412 3390/3879/3390
f 3389/3878/3389 3411/3900/3411 3412/3901/3412
f 3390/3879/3390 3413/3902/3413 3391/3880/3391
f 3390/3879/3390 3412/3901/3412 3413/3902/3413
f 3391/3880/3391 3414/3903/3414 3392/3881/3392
f 3391/3880/3391 3413/3902/3413 3414/3903/3414
f 3392/3881/3392 3415/3904/3415 3393/3882/3393
f 3392/3881/3392 3414/3903/3414 3415/3904/3415
f 3393/3882/3393 3416/3905/3416 3394/3883/3394
f 3393/3882/3393 3415/3904/3415 3416/3905/3416
f 3394/3883/3394 3417/3906/3417 3395/3884/3395
f 3394/3883/3394 3416/3905/3416 3417/3906/3417
f 3395/3884/3395 3418/3907/3418 3396/3885/3396
f 3395/3884/3395 3417/3906/3417 3418/3907/3418
f 3396/3885/3396 3419/3908/3419 3397/3886/3397
f 3396/3885/3396 3418/3907/3418 3419/3908/3419
f 3397/3886/3397 3420/3909/3420 3398/3887/3398
f 3397/3886/3397 3419/3908/3419 3420/3909/3420
s 1
f 3399/3888/3399 3422/3911/3422 3400/3889/3400
f 3399/3888/3399 3421/3910/3421 3422/3911/3422
s 3
f 3400/3889/3400 3423/3912/3423 3401/3890/3401
f 3400/3889/3400 3422/3911/3422 3423/3912/3423
s 2
f 3401/3890/3401 3424/3913/3424 3402/3891/3402
f 3401/3890/3401 3423/3912/3423 3424/3913/3424
f 3402/3891/3402 3425/3914/3425 3403/3892/3403
f 3402/3891/3402 3424/3913/3424 3425/3914/3425
f 3403/3892/3403 3426/3915/3426 3404/3893/3404
f 3403/3892/3403 3425/3914/3425 3426/3915/3426
f 3404/3893/3404 3427/3916/3427 3405/3894/3405
f 3404/3893/3404 3426/3915/3426 3427/3916/3427
f 3405/3894/3405 3428/3917/3428 3406/3895/3406
f 3405/3894/3405 3427/3916/3427 3428/3917/3428
f 3406/3895/3406 3429/3918/3429 3407/3896/3407
f 3406/3895/3406 3428/3917/3428 3429/3918/3429
f 3407/3896/3407 3430/3919/3430 3408/3897/3408
f 3407/3896/3407 3429/3918/3429 3430/3919/3430
f 3408/3897/3408 3431/3920/3431 3409/3898/3409
f 3408/3897/3408 3430/3919/3430 3431/3920/3431
f 3409/3898/3409 3432/3921/3432 3410/3899/3410
f 3409/3898/3409 3431/3920/3431 3432/3921/3432
f 3410/3899/3410 3433/3922/3433 3411/3900/3411
f 3410/3899/3410 3432/3921/3432 3433/3922/3433
f 3411/3900/3411 3434/3923/3434 3412/3901/3412
f 3411/3900/3411 3433/3922/3433 3434/3923/3434
f 3412/3901/3412 3435/3924/3435 3413/3902/3413
f 3412/3901/3412 3434/3923/3434 3435/3924/3435
f 3413/3902/3413 3436/3925/3436 3414/3903/3414
f 3413/3902/3413 3435/3924/3435 3436/3925/3436
f 3414/3903/3414 3437/3926/3437 3415/3904/3415
f 3414/3903/3414 3436/3925/3436 3437/3926/3437
f 3415/3904/3415 3438/3927/3438 3416/3905/3416
f 3415/3904/3415 3437/3926/3437 3438/3927/3438
f 3416/3905/3416 3439/3928/3439 3417/3906/3417
f 3416/3905/3416 3438/3927/3438 3439/3928/3439
f 3417/3906/3417 3440/3929/3440 3418/3907/3418
f 3417/3906/3417 3439/3928/3439 3440/3929/3440
f 3418/3907/3418 3441/3930/3441 3419/3908/3419
f 3418/3907/3418 3440/3929/3440 3441/3930/3441
f 3419/3908/3419 3442/3931/3442 3420/3909/3420
f 3419/3908/3419 3441/3930/3441 3442/3931/3442
s 1
f 3421/3910/3421 3444/3933/3444 3422/3911/3422
f 3421/3910/3421 3443/3932/3443 3444/3933/3444
s 3
f 3422/3911/3422 3445/3934/3445 3423/3912/3423
f 3422/3911/3422 3444/3933/3444 3445/3934/3445
s 2
f 3423/3912/3423 3446/3935/3446 3424/3913/3424
f 3423/3912/3423 3445/3934/3445 3446/3935/3446
f 3424/3913/3424 3447/3936/3447 3425/3914/3425
f 3424/3913/3424 3446/3935/3446 3447/3936/3447
f 3425/3914/3425 3448/3937/3448 3426/3915/3426
f 3425/3914/3425 3447/3936/3447 3448/3937/3448
f 3426/3915/3426 3449/3938/3449 3427/3916/3427
f 3426/3915/3426 3448/3937/3448 3449/3938/3449
f 3427/3916/3427 3450/3939/3450 3428/3917/3428
f 3427/3916/3427 3449/3938/3449 3450/3939/3450
f 3428/3917/3428 3451/3940/3451 3429/3918/3429
f 3428/3917/3428 3450/3939/3450 3451/3940/3451
f 3429/3918/3429 3452/3941/3452 3430/3919/3430
f 3429/3918/3429 3451/3940/3451 3452/3941/3452
f 3430/3919/3430 3453/3942/3453 3431/3920/3431
f 3430/3919/3430 3452/3941/3452 3453/3942/3453
f 3431/3920/3431 3454/3943/3454 3432/3921/3432
f 3431/3920/3431 3453/3942/3453 3454/3943/3454
f 3432/3921/3432 3455/3944/3455 3433/3922/3433
f 3432/3921/3432 3454/3943/3454 3455/3944/3455
f 3433/3922/3433 3456/3945/3456 3434/3923/3434
f 3433/3922/3433 3455/3944/3455 3456/3945/3456
f 3434/3923/3434 3457/3946/3457 3435/3924/3435
f 3434/3923/3434 3456/3945/3456 3457/3946/3457
f 3435/3924/3435 3458/3947/3458 3436/3925/3436
f 3435/3924/3435 3457/3946/3457 3458/3947/3458
f 3436/3925/3436 3459/3948/3459 3437/3926/3437
f 3436/3925/3436 3458/3947/3458 3459/3948/3459
f 3437/3926/3437 3460/3949/3460 3438/3927/3438
f 3437/3926/3437 3459/3948/3459 3460/3949/3460
f 3438/3927/3438 3461/3950/3461 3439/3928/3439
f 3438/3927/3438 3460/3949/3460 3461/3950/3461
f 3439/3928/3439 3462/3951/3462 3440/3929/3440
f 3439/3928/3439 3461/3950/3461 3462/3951/3462
f 3440/3929/3440 3463/3952/3463 3441/3930/3441
f 3440/3929/3440 3462/3951/3462 3463/3952/3463
f 3441/3930/3441 3464/3953/3464 3442/3931/3442
f 3441/3930/3441 3463/3952/3463 3464/3953/3464
s 1
f 3443/3932/3443 3466/3955/3466 3444/3933/3444
f 3443/3932/3443 3465/3954/3465 3466/3955/3466
s 3
f 3444/3933/3444 3467/3956/3467 3445/3934/3445
f 3444/3933/3444 3466/3955/3466 3467/3956/3467
s 2
f 3445/3934/3445 3468/3957/3468 3446/3935/3446
f 3445/3934/3445 3467/3956/3467 3468/3957/3468
f 3446/3935/3446 3469/3958/3469 3447/3936/3447
f 3446/3935/3446 3468/3957/3468 3469/3958/3469
f 3447/3936/3447 3470/3959/3470 3448/3937/3448
f 3447/3936/3447 3469/3958/3469 3470/3959/3470
f 3448/3937/3448 3471/3960/3471 3449/3938/3449
f 3448/3937/3448 3470/3959/3470 3471/3960/3471
f 3449/3938/3449 3472/3961/3472 3450/3939/3450
f 3449/3938/3449 3471/3960/3471 3472/3961/3472
f 3450/3939/3450 3473/3962/3473 3451/3940/3451
f 3450/3939/3450 3472/3961/3472 3473/3962/3473
f 3451/3940/3451 3474/3963/3474 3452/3941/3452
f 3451/3940/3451 3473/3962/3473 3474/3963/3474
f 3452/3941/3452 3475/3964/3475 3453/3942/3453
f 3452/3941/3452 3474/3963/3474 3475/3964/3475
f 3453/3942/3453 3476/3965/3476 3454/3943/3454
f 3453/3942/3453 3475/3964/3475 3476/3965/3476
f 3454/3943/3454 3477/3966/3477 3455/3944/3455
f 3454/3943/3454 3476/3965/3476 3477/3966/3477
f 3455/3944/3455 3478/3967/3478 3456/3945/3456
f 3455/3944/3455 3477/3966/3477 3478/3967/3478
f 3456/3945/3456 3479/3968/3479 3457/3946/3457
f 3456/3945/3456 3478/3967/3478 3479/3968/3479
f 3457/3946/3457 3480/3969/3480 3458/3947/3458
f 3457/3946/3457 3479/3968/3479 3480/3969/3480
f 3458/3947/3458 3481/3970/3481 3459/3948/3459
f 3458/3947/3458 3480/3969/3480 3481/3970/3481
f 3459/3948/3459 3482/3971/3482 3460/3949/3460
f 3459/3948/3459 3481/3970/3481 3482/3971/3482
f 3460/3949/3460 3483/3972/3483 3461/3950/3461
f 3460/3949/3460 3482/3971/3482 3483/3972/3483
f 3461/3950/3461 3484/3973/3484 3462/3951/3462
f 3461/3950/3461 3483/3972/3483 3484/3973/3484
f 3462/3951/3462 3485/3974/3485 3463/3952/3463
f 3462/3951/3462 3484/3973/3484 3485/3974/3485
f 3463/3952/3463 3486/3975/3486 3464/3953/3464
f 3463/3952/3463 3485/3974/3485 3486/3975/3486
s 1
f 3465/3954/3465 3488/3977/3488 3466/3955/3466
f 3465/3954/3465 3487/3976/3487 3488/3977/3488
s 3
f 3466/3955/3466 3489/3978/3489 3467/3956/3467
f 3466/3955/3466 3488/3977/3488 3489/3978/3489
s 2
f 3467/3956/3467 3490/3979/3490 3468/3957/3468
f 3467/3956/3467 3489/3978/3489 3490/3979/3490
f 3468/3957/3468 3491/3980/3491 3469/3958/3469
f 3468/3957/3468 3490/3979/3490 3491/3980/3491
f 3469/3958/3469 3492/3981/3492 3470/3959/3470
f 3469/3958/3469 3491/3980/3491 3492/3981/3492
f 3470/3959/3470 3493/3982/3493 3471/3960/3471
f 3470/3959/3470 3492/3981/3492 3493/3982/3493
f 3471/3960/3471 3494/3983/3494 3472/3961/3472
f 3471/3960/3471 3493/3982/3493 3494/3983/3494
f 3472/3961/3472 3495/3984/3495 3473/3962/3473
f 3472/3961/3472 3494/3983/3494 3495/3984/3495
f 3473/3962/3473 3496/3985/3496 3474/3963/3474
f 3473/3962/3473 3495/3984/3495 3496/3985/3496
f 3474/3963/3474 3497/3986/3497 3475/3964/3475
f 3474/3963/3474 3496/3985/3496 3497/3986/3497
f 3475/3964/3475 3498/3987/3498 3476/3965/3476
f 3475/3964/3475 3497/3986/3497 3498/3987/3498
f 3476/3965/3476 3499/3988/3499 3477/3966/3477
f 3476/3965/3476 3498/3987/3498 3499/3988/3499
f 3477/3966/3477 3500/3989/3500 3478/3967/3478
f 3477/3966/3477 3499/3988/3499 3500/3989/3500
f 3478/3967/3478 3501/3990/3501 3479/3968/3479
f 3478/3967/3478 3500/3989/3500 3501/3990/3501
f 3479/3968/3479 3502/3991/3502 3480/3969/3480
f 3479/3968/3479 3501/3990/3501 3502/3991/3502
f 3480/3969/3480 3503/3992/3503 3481/3970/3481
f 3480/3969/3480 3502/3991/3502 3503/3992/3503
f 3481/3970/3481 3504/3993/3504 3482/3971/3482
f 3481/3970/3481 3503/3992/3503 3504/3993/3504
f 3482/3971/3482 3505/3994/3505 3483/3972/3483
f 3482/3971/3482 3504/3993/3504 3505/3994/3505
f 3483/3972/3483 3506/3995/3506 3484/3973/3484
f 3483/3972/3483 3505/3994/3505 3506/3995/3506
f 3484/3973/3484 3507/3996/3507 3485/3974/3485
f 3484/3973/3484 3506/3995/3506 3507/3996/3507
f 3485/3974/3485 3508/3997/3508 3486/3975/3486
f 3485/3974/3485 3507/3996/3507 3508/3997/3508
s 1
f 3487/3976/3487 3510/3999/3510 3488/3977/3488
f 3487/3976/3487 3509/3998/3509 3510/3999/3510
s 3
f 3488/3977/3488 3511/4000/3511 3489/3978/3489
f 3488/3977/3488 3510/3999/3510 3511/4000/3511
s 2
f 3489/3978/3489 3512/4001/3512 3490/3979/3490
f 3489/3978/3489 3511/4000/3511 3512/4001/3512
f 3490/3979/3490 3513/4002/3513 3491/3980/3491
f 3490/3979/3490 3512/4001/3512 3513/4002/3513
f 3491/3980/3491 3514/4003/3514 3492/3981/3492
f 3491/3980/3491 3513/4002/3513 3514/4003/3514
f 3492/3981/3492 3515/4004/3515 3493/3982/3493
f 3492/3981/3492 3514/4003/3514 3515/4004/3515
f 3493/3982/3493 3516/4005/3516 3494/3983/3494
f 3493/3982/3493 3515/4004/3515 3516/4005/3516
f 3494/3983/3494 3517/4006/3517 3495/3984/3495
f 3494/3983/3494 3516/4005/3516 3517/4006/3517
f 3495/3984/3495 3518/4007/3518 3496/3985/3496
f 3495/3984/3495 3517/4006/3517 3518/4007/3518
f 3496/3985/3496 3519/4008/3519 3497/3986/3497
f 3496/3985/3496 3518/4007/3518 3519/4008/3519
f 3497/3986/3497 3520/4009/3520 3498/3987/3498
f 3497/3986/3497 3519/4008/3519 3520/4009/3520
f 3498/3987/3498 3521/4010/3521 3499/3988/3499
f 3498/3987/3498 3520/4009/3520 3521/4010/3521
f 3499/3988/3499 3522/4011/3522 3500/3989/3500
f 3499/3988/3499 3521/4010/3521 3522/4011/3522
f 3500/3989/3500 3523/4012/3523 3501/3990/3501
f 3500/3989/3500 3522/4011/3522 3523/4012/3523
f 3501/3990/3501 3524/4013/3524 3502/3991/3502
f 3501/3990/3501 3523/4012/3523 3524/4013/3524
f 3502/3991/3502 3525/4014/3525 3503/3992/3503
f 3502/3991/3502 3524/4013/3524 3525/4014/3525
f 3503/3992/3503 3526/4015/3526 3504/3993/3504
f 3503/3992/3503 3525/4014/3525 3526/4015/3526
f 3504/3993/3504 3527/4016/3527 3505/3994/3505
f 3504/3993/3504 3526/4015/3526 3527/4016/3527
f 3505/3994/3505 3528/4017/3528 3506/3995/3506
f 3505/3994/3505 3527/4016/3527 3528/4017/3528
f 3506/3995/3506 3529/4018/3529 3507/3996/3507
f 3506/3995/3506 3528/4017/3528 3529/4018/3529
f 3507/3996/3507 3530/4019/3530 3508/3997/3508
f 3507/3996/3507 3529/4018/3529 3530/4019/3530
s 1
f 3509/3998/3509 3004/4021/3004 3510/3999/3510
f 3509/3998/3509 3003/4020/3003 3004/4021/3004
s 3
f 3510/3999/3510 3005/4022/3005 3511/4000/3511
f 3510/3999/3510 3004/4021/3004 3005/4022/3005
s 2
f 3511/4000/3511 3006/4023/3006 3512/4001/3512
f 3511/4000/3511 3005/4022/3005 3006/4023/3006
f 3512/4001/3512 3007/4024/3007 3513/4002/3513
f 3512/4001/3512 3006/4023/3006 3007/4024/3007
f 3513/4002/3513 3008/4025/3008 3514/4003/3514
f 3513/4002/3513 3007/4024/3007 3008/4025/3008
f 3514/4003/3514 3009/4026/3009 3515/4004/3515
f 3514/4003/3514 3008/4025/3008 3009/4026/3009
f 3515/4004/3515 3010/4027/3010 3516/4005/3516
f 3515/4004/3515 3009/4026/3009 3010/4027/3010
f 3516/4005/3516 3011/4028/3011 3517/4006/3517
f 3516/4005/3516 3010/4027/3010 3011/4028/3011
f 3517/4006/3517 3012/4029/3012 3518/4007/3518
f 3517/4006/3517 3011/4028/3011 3012/4029/3012
f 3518/4007/3518 3013/4030/3013 3519/4008/3519
f 3518/4007/3518 3012/4029/3012 3013/4030/3013
f 3519/4008/3519 3014/4031/3014 3520/4009/3520
f 3519/4008/3519 3013/4030/3013 3014/4031/3014
f 3520/4009/3520 3015/4032/3015 3521/4010/3521
f 3520/4009/3520 3014/4031/3014 3015/4032/3015
f 3521/4010/3521 3016/4033/3016 3522/4011/3522
f 3521/4010/3521 3015/4032/3015 3016/4033/3016
f 3522/4011/3522 3017/4034/3017 3523/4012/3523
f 3522/4011/3522 3016/4033/3016 3017/4034/3017
f 3523/4012/3523 3018/4035/3018 3524/4013/3524
f 3523/4012/3523 3017/4034/3017 3018/4035/3018
f 3524/4013/3524 3019/4036/3019 3525/4014/3525
f 3524/4013/3524 3018/4035/3018 3019/4036/3019
f 3525/4014/3525 3020/4037/3020 3526/4015/3526
f 3525/4014/3525 3019/4036/3019 3020/4037/3020
f 3526/4015/3526 3021/4038/3021 3527/4016/3527
f 3526/4015/3526 3020/4037/3020 3021/4038/3021
f 3527/4016/3527 3022/4039/3022 3528/4017/3528
f 3527/4016/3527 3021/4038/3021 3022/4039/3022
f 3528/4017/3528 3023/4040/3023 3529/4018/3529
f 3528/4017/3528 3022/4039/3022 3023/4040/3023
f 3529/4018/3529 3024/4041/3024 3530/4019/3530
f 3529/4018/3529 3023/4040/3023 3024/4041/3024
# 1008 faces

g
# object Sphere01 to come ...
#
v  -152.632324 79.538742 -59.032669
v  -152.632324 79.705879 -59.051186
v  -152.632324 79.863998 -59.105736
v  -152.632324 80.004585 -59.193378
v  -152.632324 80.120064 -59.309395
v  -152.632324 80.204201 -59.447521
v  -152.632324 80.252457 -59.600319
v  -152.632324 80.262245 -59.759544
v  -152.632324 80.233025 -59.916618
v  -152.632324 80.166374 -60.063072
v  -152.632324 80.065887 -60.191006
v  -152.632324 79.936989 -60.293530
v  -152.632324 79.786613 -60.365112
v  -152.632324 79.622879 -60.401894
v  -152.632324 79.454605 -60.401894
v  -152.632324 79.290871 -60.365112
v  -152.632324 79.140503 -60.293530
v  -152.632324 79.011597 -60.191006
v  -152.632324 78.911110 -60.063068
v  -152.632324 78.844467 -59.916618
v  -152.632324 78.815247 -59.759544
v  -152.632324 78.825027 -59.600319
v  -152.632324 78.873291 -59.447521
v  -152.632324 78.957428 -59.309395
v  -152.632324 79.072899 -59.193382
v  -152.632324 79.213486 -59.105736
v  -152.632324 79.371613 -59.051186
v  -152.799057 79.538742 -59.032669
v  -152.799057 79.705879 -59.051186
v  -152.799057 79.863998 -59.105736
v  -152.799057 80.004585 -59.193378
v  -152.799057 80.120064 -59.309395
v  -152.799057 80.204201 -59.447521
v  -152.799057 80.252457 -59.600319
v  -152.799057 80.262245 -59.759544
v  -152.799057 80.233025 -59.916618
v  -152.799057 80.166374 -60.063072
v  -152.799057 80.065887 -60.191006
v  -152.799057 79.936989 -60.293530
v  -152.799057 79.786613 -60.365112
v  -152.799057 79.622879 -60.401894
v  -152.799057 79.454605 -60.401894
v  -152.799057 79.290871 -60.365112
v  -152.799057 79.140503 -60.293530
v  -152.799057 79.011597 -60.191006
v  -152.799057 78.911110 -60.063068
v  -152.799057 78.844467 -59.916618
v  -152.799057 78.815247 -59.759544
v  -152.799057 78.825027 -59.600319
v  -152.799057 78.873291 -59.447521
v  -152.799057 78.957428 -59.309395
v  -152.799057 79.072899 -59.193382
v  -152.799057 79.213486 -59.105736
v  -152.799057 79.371613 -59.051186
v  -152.965805 79.538742 -59.032669
v  -152.965805 79.705879 -59.051186
v  -152.965805 79.863998 -59.105736
v  -152.965805 80.004585 -59.193378
v  -152.965805 80.120064 -59.309395
v  -152.965805 80.204201 -59.447521
v  -152.965805 80.252457 -59.600319
v  -152.965805 80.262245 -59.759544
v  -152.965805 80.233025 -59.916618
v  -152.965805 80.166374 -60.063072
v  -152.965805 80.065887 -60.191006
v  -152.965805 79.936989 -60.293530
v  -152.965805 79.786613 -60.365112
v  -152.965805 79.622879 -60.401894
v  -152.965805 79.454605 -60.401894
v  -152.965805 79.290871 -60.365112
v  -152.965805 79.140503 -60.293530
v  -152.965805 79.011597 -60.191006
v  -152.965805 78.911110 -60.063072
v  -152.965805 78.844467 -59.916618
v  -152.965805 78.815247 -59.759544
v  -152.965805 78.825027 -59.600319
v  -152.965805 78.873291 -59.447521
v  -152.965805 78.957428 -59.309395
v  -152.965805 79.072899 -59.193382
v  -152.965805 79.213486 -59.105736
v  -152.965805 79.371613 -59.051186
v  -152.632324 80.179794 -59.723370
v  -152.632324 80.117622 -59.994511
v  -152.632324 80.027771 -60.141918
v  -152.632324 80.166695 -59.856445
v  -152.632324 80.166695 -59.601341
v  -152.632324 80.117622 -59.463276
v  -152.632324 79.884140 -60.266315
v  -152.632324 80.027771 -59.315868
v  -152.632324 79.884140 -59.191471
v  -152.632324 79.713440 -60.347549
v  -152.632324 79.713440 -59.110241
v  -152.632324 79.528107 -60.371136
v  -152.632324 79.358398 -60.347549
v  -152.632324 79.528107 -59.086647
v  -152.632324 79.358398 -59.110241
v  -152.632324 79.187698 -60.266319
v  -152.632324 79.187698 -59.191471
v  -152.632324 79.044067 -60.141914
v  -152.632324 79.044067 -59.315868
v  -152.632324 78.954216 -59.994511
v  -152.632324 78.905144 -59.856445
v  -152.632324 78.892044 -59.734417
v  -152.632324 78.905144 -59.601341
v  -152.632324 78.954216 -59.463276
v  -152.634506 80.179352 -59.728893
v  -152.690079 80.041458 -60.018429
v  -152.733124 80.041458 -59.876499
v  -152.747665 80.041458 -59.728893
v  -152.733124 80.041458 -59.581287
v  -152.690079 80.041458 -59.439358
v  -152.690079 79.884140 -60.195950
v  -152.767761 79.884140 -60.050610
v  -152.815598 79.884140 -59.892902
v  -152.831757 79.884140 -59.728893
v  -152.815598 79.884140 -59.564884
v  -152.767761 79.884140 -59.407177
v  -152.690079 79.884140 -59.261837
v  -152.733124 79.713440 -60.224720
v  -152.815598 79.713440 -60.070423
v  -152.866394 79.713440 -59.903004
v  -152.883530 79.713440 -59.728893
v  -152.866394 79.713440 -59.554783
v  -152.815598 79.713440 -59.387363
v  -152.733124 79.713440 -59.233067
v  -152.634506 79.535919 -60.372322
v  -152.747665 79.535919 -60.234432
v  -152.831757 79.535919 -60.077114
v  -152.883530 79.535919 -59.906414
v  -152.901016 79.535919 -59.728893
v  -152.883530 79.535919 -59.551373
v  -152.831757 79.535919 -59.380672
v  -152.747665 79.535919 -59.223354
v  -152.634506 79.535919 -59.085464
v  -152.733124 79.358398 -60.224720
v  -152.815598 79.358398 -60.070423
v  -152.866394 79.358398 -59.903004
v  -152.883530 79.358398 -59.728893
v  -152.866394 79.358398 -59.554783
v  -152.815598 79.358398 -59.387363
v  -152.733124 79.358398 -59.233067
v  -152.690079 79.187698 -60.195950
v  -152.767761 79.187698 -60.050610
v  -152.815598 79.187698 -59.892902
v  -152.831757 79.187698 -59.728893
v  -152.815598 79.187698 -59.564884
v  -152.767761 79.187698 -59.407177
v  -152.690079 79.187698 -59.261837
v  -152.690079 79.030380 -60.018429
v  -152.733124 79.030380 -59.876499
v  -152.747665 79.030380 -59.728893
v  -152.733124 79.030380 -59.581287
v  -152.690079 79.030380 -59.439358
v  -152.634506 78.892487 -59.728893
# 154 vertices

vt  0.750000 0.000000 1.000000
vt  0.787037 0.000000 1.000000
vt  0.824074 0.000000 1.000000
vt  0.861111 0.000000 1.000000
vt  0.898148 0.000000 1.000000
vt  0.935185 0.000000 1.000000
vt  0.972222 0.000000 1.000000
vt  0.009259 0.000000 1.000000
vt  0.046296 0.000000 1.000000
vt  0.083333 0.000000 1.000000
vt  0.120370 0.000000 1.000000
vt  0.157407 0.000000 1.000000
vt  0.194444 0.000000 1.000000
vt  0.231482 0.000000 1.000000
vt  0.268519 0.000000 1.000000
vt  0.305556 0.000000 1.000000
vt  0.342593 0.000000 1.000000
vt  0.379630 0.000000 1.000000
vt  0.416667 0.000000 1.000000
vt  0.453704 0.000000 1.000000
vt  0.490741 0.000000 1.000000
vt  0.527778 0.000000 1.000000
vt  0.564815 0.000000 1.000000
vt  0.601852 0.000000 1.000000
vt  0.638889 0.000000 1.000000
vt  0.675926 0.000000 1.000000
vt  0.712963 0.000000 1.000000
vt  0.750000 0.500000 1.000000
vt  0.787037 0.500000 1.000000
vt  0.824074 0.500000 1.000000
vt  0.861111 0.500000 1.000000
vt  0.898148 0.500000 1.000000
vt  0.935185 0.500000 1.000000
vt  0.972222 0.500000 1.000000
vt  0.009259 0.500000 1.000000
vt  0.046296 0.500000 1.000000
vt  0.083333 0.500000 1.000000
vt  0.120370 0.500000 1.000000
vt  0.157407 0.500000 1.000000
vt  0.194444 0.500000 1.000000
vt  0.231482 0.500000 1.000000
vt  0.268519 0.500000 1.000000
vt  0.305556 0.500000 1.000000
vt  0.342593 0.500000 1.000000
vt  0.379630 0.500000 1.000000
vt  0.416667 0.500000 1.000000
vt  0.453704 0.500000 1.000000
vt  0.490741 0.500000 1.000000
vt  0.527778 0.500000 1.000000
vt  0.564815 0.500000 1.000000
vt  0.601852 0.500000 1.000000
vt  0.638889 0.500000 1.000000
vt  0.675926 0.500000 1.000000
vt  0.712963 0.500000 1.000000
vt  0.750000 1.000000 1.000000
vt  0.787037 1.000000 1.000000
vt  0.824074 1.000000 1.000000
vt  0.861111 1.000000 1.000000
vt  0.898148 1.000000 1.000000
vt  0.935185 1.000000 1.000000
vt  0.972222 1.000000 1.000000
vt  0.009259 1.000000 1.000000
vt  0.046296 1.000000 1.000000
vt  0.083333 1.000000 1.000000
vt  0.120370 1.000000 1.000000
vt  0.157407 1.000000 1.000000
vt  0.194444 1.000000 1.000000
vt  0.231482 1.000000 1.000000
vt  0.268519 1.000000 1.000000
vt  0.305556 1.000000 1.000000
vt  0.342593 1.000000 1.000000
vt  0.379630 1.000000 1.000000
vt  0.416667 1.000000 1.000000
vt  0.453704 1.000000 1.000000
vt  0.490741 1.000000 1.000000
vt  0.527778 1.000000 1.000000
vt  0.564815 1.000000 1.000000
vt  0.601852 1.000000 1.000000
vt  0.638889 1.000000 1.000000
vt  0.675926 1.000000 1.000000
vt  0.712963 1.000000 1.000000
vt  1.009259 0.000000 1.000000
vt  1.009259 0.500000 1.000000
vt  1.009259 1.000000 1.000000
vt  0.615309 0.986522 -0.250000
vt  0.724400 0.946816 -0.250000
vt  0.821394 0.883022 -0.250000
vt  0.901062 0.798579 -0.250000
vt  0.959108 0.698040 -0.250000
vt  0.992404 0.586824 -0.250000
vt  0.999154 0.470927 -0.250000
vt  0.978995 0.356598 -0.250000
vt  0.933013 0.250000 -0.250000
vt  0.863687 0.156879 -0.250000
vt  0.774755 0.082256 -0.250000
vt  0.671010 0.030154 -0.250000
vt  0.558047 0.003381 -0.250000
vt  0.441954 0.003381 -0.250000
vt  0.328990 0.030154 -0.250000
vt  0.225246 0.082256 -0.250000
vt  0.136313 0.156879 -0.250000
vt  0.066987 0.250000 -0.250000
vt  0.021005 0.356598 -0.250000
vt  0.000846 0.470928 -0.250000
vt  0.007596 0.586824 -0.250000
vt  0.040892 0.698040 -0.250000
vt  0.098938 0.798579 -0.250000
vt  0.178606 0.883022 -0.250000
vt  0.275600 0.946816 -0.250000
vt  0.384692 0.986522 -0.250000
vt  0.500000 1.000000 -0.250000
vt  0.500000 1.000000 0.250000
vt  0.384692 0.986522 0.250000
vt  0.275600 0.946816 0.250000
vt  0.178606 0.883022 0.250000
vt  0.098938 0.798579 0.250000
vt  0.040892 0.698040 0.250000
vt  0.007596 0.586824 0.250000
vt  0.000846 0.470928 0.250000
vt  0.021005 0.356598 0.250000
vt  0.066987 0.250000 0.250000
vt  0.136313 0.156879 0.250000
vt  0.225246 0.082256 0.250000
vt  0.328990 0.030154 0.250000
vt  0.441954 0.003381 0.250000
vt  0.558047 0.003381 0.250000
vt  0.671010 0.030154 0.250000
vt  0.774755 0.082256 0.250000
vt  0.863687 0.156879 0.250000
vt  0.933013 0.250000 0.250000
vt  0.978995 0.356598 0.250000
vt  0.999154 0.470927 0.250000
vt  0.992404 0.586824 0.250000
vt  0.959108 0.698040 0.250000
vt  0.901062 0.798579 0.250000
vt  0.821394 0.883022 0.250000
vt  0.724400 0.946816 0.250000
vt  0.615309 0.986522 0.250000
vt  0.058036 0.509322 -0.250000
vt  0.100622 0.299904 -0.250000
vt  0.153168 0.203855 -0.250000
vt  0.066767 0.400395 -0.250000
vt  0.066767 0.586080 -0.250000
vt  0.100622 0.686572 -0.250000
vt  0.261705 0.102062 -0.250000
vt  0.172060 0.805110 -0.250000
vt  0.261705 0.884412 -0.250000
vt  0.379473 0.042937 -0.250000
vt  0.379473 0.943538 -0.250000
vt  0.480387 0.026488 -0.250000
vt  0.624424 0.042937 -0.250000
vt  0.521390 0.959988 -0.250000
vt  0.624424 0.943538 -0.250000
vt  0.742193 0.102062 -0.250000
vt  0.742193 0.884412 -0.250000
vt  0.831838 0.181366 -0.250000
vt  0.850729 0.782620 -0.250000
vt  0.903275 0.299904 -0.250000
vt  0.937130 0.400395 -0.250000
vt  0.945862 0.477153 -0.250000
vt  0.937130 0.586080 -0.250000
vt  0.903275 0.686572 -0.250000
vt  0.250000 0.750000 0.000000
vt  0.187500 0.687500 0.000000
vt  0.218750 0.687500 0.000000
vt  0.250000 0.687500 0.000000
vt  0.281250 0.687500 0.000000
vt  0.312500 0.687500 0.000000
vt  0.156250 0.625000 0.000000
vt  0.187500 0.625000 0.000000
vt  0.218750 0.625000 0.000000
vt  0.250000 0.625000 0.000000
vt  0.281250 0.625000 0.000000
vt  0.312500 0.625000 0.000000
vt  0.343750 0.625000 0.000000
vt  0.156250 0.562500 0.000000
vt  0.187500 0.562500 0.000000
vt  0.218750 0.562500 0.000000
vt  0.250000 0.562500 0.000000
vt  0.281250 0.562500 0.000000
vt  0.312500 0.562500 0.000000
vt  0.343750 0.562500 0.000000
vt  0.125000 0.500000 0.000000
vt  0.156250 0.500000 0.000000
vt  0.187500 0.500000 0.000000
vt  0.218750 0.500000 0.000000
vt  0.250000 0.500000 0.000000
vt  0.281250 0.500000 0.000000
vt  0.312500 0.500000 0.000000
vt  0.343750 0.500000 0.000000
vt  0.375000 0.500000 0.000000
vt  0.156250 0.437500 0.000000
vt  0.187500 0.437500 0.000000
vt  0.218750 0.437500 0.000000
vt  0.250000 0.437500 0.000000
vt  0.281250 0.437500 0.000000
vt  0.312500 0.437500 0.000000
vt  0.343750 0.437500 0.000000
vt  0.156250 0.375000 0.000000
vt  0.187500 0.375000 0.000000
vt  0.218750 0.375000 0.000000
vt  0.250000 0.375000 0.000000
vt  0.281250 0.375000 0.000000
vt  0.312500 0.375000 0.000000
vt  0.343750 0.375000 0.000000
vt  0.187500 0.312500 0.000000
vt  0.218750 0.312500 0.000000
vt  0.250000 0.312500 0.000000
vt  0.281250 0.312500 0.000000
vt  0.312500 0.312500 0.000000
vt  0.250000 0.250000 0.000000
vt  0.244499 0.750000 0.000000
vt  0.187500 0.722022 0.000000
vt  0.281250 0.744264 0.000000
vt  0.312500 0.722022 0.000000
vt  0.338311 0.687500 0.000000
vt  0.138989 0.625000 0.000000
vt  0.156250 0.676622 0.000000
vt  0.127868 0.562500 0.000000
vt  0.361011 0.625000 0.000000
vt  0.372132 0.562500 0.000000
vt  0.375000 0.511000 0.000000
vt  0.125000 0.488997 0.000000
vt  0.372132 0.437500 0.000000
vt  0.138989 0.375000 0.000000
vt  0.127868 0.437500 0.000000
vt  0.343750 0.323378 0.000000
vt  0.361011 0.375000 0.000000
vt  0.187500 0.277978 0.000000
vt  0.161689 0.312500 0.000000
vt  0.218750 0.255736 0.000000
vt  0.281250 0.255736 0.000000
vt  0.255501 0.250000 0.000000
vt  0.312500 0.277978 0.000000
vt  0.218750 0.744264 0.000000
# 235 texture vertices

vn  -0.000001 0.143139 3.876060
vn  -0.000001 0.991028 3.749723
vn  -0.000002 1.799345 3.435090
vn  -0.000001 2.530348 2.937205
vn  -0.000001 3.141701 2.269501
vn  -0.000001 3.589318 1.459262
vn  -0.000000 3.834520 0.550969
vn  0.000000 3.853477 -0.395759
vn  0.000001 3.644332 -1.314633
vn  0.000001 3.227760 -2.144326
vn  0.000001 2.640629 -2.837694
vn  0.000002 1.926623 -3.364824
vn  0.000001 1.128572 -3.710355
vn  0.000001 0.284921 -3.868165
vn  0.000001 -0.569844 -3.836556
vn  0.000002 -1.402381 -3.615762
vn  0.000002 -2.177062 -3.208477
vn  0.000001 -2.853761 -2.623257
vn  0.000001 -3.388630 -1.879830
vn  0.000000 -3.739166 -1.013931
vn  0.000000 -3.872955 -0.078291
vn  -0.000000 -3.776607 0.862757
vn  -0.000001 -3.459943 1.743973
vn  -0.000001 -2.952839 2.510311
vn  -0.000001 -2.296729 3.123279
vn  -0.000001 -1.535591 3.560822
vn  -0.000001 -0.710229 3.812891
vn  -0.000001 -0.000001 1.299925
vn  -0.000001 0.285296 1.268232
vn  -0.000000 0.559366 1.173420
vn  -0.000000 0.809874 1.016813
vn  -0.000000 1.022868 0.802213
vn  -0.000000 1.183470 0.537777
vn  -0.000000 1.278065 0.237394
vn  0.000000 1.297485 -0.079606
vn  0.000000 1.239734 -0.390980
vn  0.000000 1.110633 -0.675499
vn  0.000000 0.921987 -0.916376
vn  0.000000 0.688400 -1.102683
vn  0.000001 0.424468 -1.228671
vn  0.000001 0.143335 -1.291999
vn  0.000001 -0.143335 -1.291999
vn  0.000000 -0.424469 -1.228670
vn  0.000000 -0.688401 -1.102683
vn  0.000000 -0.921987 -0.916376
vn  0.000000 -1.110633 -0.675498
vn  0.000000 -1.239734 -0.390980
vn  0.000000 -1.297485 -0.079606
vn  -0.000000 -1.278065 0.237393
vn  -0.000000 -1.183470 0.537777
vn  -0.000000 -1.022869 0.802212
vn  -0.000000 -0.809875 1.016812
vn  -0.000001 -0.559367 1.173419
vn  -0.000001 -0.285297 1.268231
vn  -0.000003 -0.143144 3.876060
vn  -0.000003 0.710224 3.812892
vn  -0.000001 1.535588 3.560823
vn  -0.000001 2.296726 3.123282
vn  -0.000001 2.952837 2.510314
vn  -0.000001 3.459942 1.743975
vn  -0.000000 3.776607 0.862759
vn  0.000000 3.872955 -0.078289
vn  0.000000 3.739166 -1.013930
vn  0.000001 3.388629 -1.879831
vn  0.000001 2.853760 -2.623258
vn  0.000001 2.177060 -3.208477
vn  0.000001 1.402380 -3.615763
vn  0.000002 0.569843 -3.836556
vn  0.000003 -0.284923 -3.868165
vn  0.000002 -1.128573 -3.710355
vn  0.000001 -1.926625 -3.364823
vn  0.000001 -2.640630 -2.837693
vn  0.000001 -3.227761 -2.144325
vn  0.000000 -3.644332 -1.314633
vn  0.000000 -3.853477 -0.395760
vn  -0.000000 -3.834520 0.550967
vn  -0.000001 -3.589318 1.459259
vn  -0.000001 -3.141703 2.269499
vn  -0.000001 -2.530352 2.937201
vn  -0.000001 -1.799348 3.435089
vn  -0.000002 -0.991031 3.749723
vn  5.199700 0.000005 0.000002
vn  2.599850 -0.000001 0.000001
vn  5.199700 -0.000001 0.000003
vn  2.599850 0.000001 0.000001
vn  3.899775 0.000002 0.000001
vn  3.899775 -0.000001 0.000002
vn  5.199700 -0.000005 0.000012
vn  3.899775 0.000002 0.000003
vn  3.899775 -0.000000 0.000001
vn  3.899775 -0.000003 0.000010
vn  3.899775 -0.000001 -0.000002
vn  3.899775 0.000001 -0.000001
vn  3.899775 0.000000 0.000001
vn  5.199700 0.000000 0.000003
vn  3.899775 0.000000 0.000004
vn  5.199700 0.000003 0.000006
vn  3.899775 0.000001 0.000001
vn  2.599850 -0.000027 -0.000013
vn  5.199700 -0.000000 0.000002
vn  0.000000 -0.000029 -0.000017
vn  3.899775 0.000001 0.000002
vn  2.599850 -0.000003 0.000000
vn  2.599850 -0.000001 0.000001
vn  2.599850 -0.000003 0.000003
vn  0.572331 -1.163443 0.092959
vn  1.017914 -0.700709 0.403316
vn  1.052478 -0.738832 0.190318
vn  1.092818 -0.703627 0.021488
vn  1.069209 -0.700711 -0.235800
vn  0.995824 -0.722201 -0.420196
vn  1.019025 -0.476947 0.651087
vn  1.110150 -0.497499 0.458112
vn  1.178192 -0.497499 0.232730
vn  1.200957 -0.497499 -0.001595
vn  1.177570 -0.497499 -0.235860
vn  1.108929 -0.497499 -0.461061
vn  1.001583 -0.524216 -0.641743
vn  1.060527 -0.253625 0.707645
vn  1.178204 -0.253625 0.487149
vn  1.250603 -0.253625 0.247932
vn  1.274943 -0.253625 -0.000813
vn  1.250286 -0.253625 -0.249526
vn  1.177582 -0.253625 -0.488650
vn  1.046742 -0.271510 -0.721400
vn  0.496030 0.068246 1.199626
vn  1.068959 0.056041 0.737557
vn  1.200974 -0.000000 0.497460
vn  1.274947 -0.000000 0.253603
vn  1.299925 -0.000000 -0.000000
vn  1.274947 -0.000000 -0.253603
vn  1.200974 0.000000 -0.497460
vn  1.080848 0.000000 -0.722200
vn  0.517729 -0.016476 -1.192263
vn  1.046057 0.269749 0.723053
vn  1.177582 0.253625 0.488650
vn  1.250286 0.253625 0.249526
vn  1.274943 0.253625 0.000813
vn  1.250603 0.253625 -0.247932
vn  1.178204 0.253625 -0.487149
vn  1.060527 0.253625 -0.707645
vn  1.001581 0.524218 0.641744
vn  1.108929 0.497498 0.461060
vn  1.177570 0.497498 0.235860
vn  1.200957 0.497498 0.001596
vn  1.178192 0.497498 -0.232731
vn  1.110150 0.497498 -0.458113
vn  1.019024 0.476947 -0.651088
vn  1.000393 0.700602 0.445169
vn  1.046738 0.737322 0.224724
vn  1.111819 0.671577 -0.051452
vn  1.052478 0.738833 -0.190318
vn  1.017913 0.700709 -0.403317
vn  0.805052 1.020633 0.001814
# 154 vertex normals

g Sphere01
usemtl drevo_skrin
s 8
f 3531/4042/3531 3532/4043/3532 3559/4070/3559
f 3559/4070/3559 3558/4069/3558 3531/4042/3531
f 3532/4043/3532 3533/4044/3533 3560/4071/3560
f 3560/4071/3560 3559/4070/3559 3532/4043/3532
f 3533/4044/3533 3534/4045/3534 3561/4072/3561
f 3561/4072/3561 3560/4071/3560 3533/4044/3533
f 3534/4045/3534 3535/4046/3535 3562/4073/3562
f 3562/4073/3562 3561/4072/3561 3534/4045/3534
f 3535/4046/3535 3536/4047/3536 3563/4074/3563
f 3563/4074/3563 3562/4073/3562 3535/4046/3535
f 3536/4047/3536 3537/4048/3537 3564/4075/3564
f 3564/4075/3564 3563/4074/3563 3536/4047/3536
f 3537/4048/3537 3538/4123/3538 3565/4124/3565
f 3565/4124/3565 3564/4075/3564 3537/4048/3537
f 3538/4049/3538 3539/4050/3539 3566/4077/3566
f 3566/4077/3566 3565/4076/3565 3538/4049/3538
f 3539/4050/3539 3540/4051/3540 3567/4078/3567
f 3567/4078/3567 3566/4077/3566 3539/4050/3539
f 3540/4051/3540 3541/4052/3541 3568/4079/3568
f 3568/4079/3568 3567/4078/3567 3540/4051/3540
f 3541/4052/3541 3542/4053/3542 3569/4080/3569
f 3569/4080/3569 3568/4079/3568 3541/4052/3541
f 3542/4053/3542 3543/4054/3543 3570/4081/3570
f 3570/4081/3570 3569/4080/3569 3542/4053/3542
f 3543/4054/3543 3544/4055/3544 3571/4082/3571
f 3571/4082/3571 3570/4081/3570 3543/4054/3543
f 3544/4055/3544 3545/4056/3545 3572/4083/3572
f 3572/4083/3572 3571/4082/3571 3544/4055/3544
f 3545/4056/3545 3546/4057/3546 3573/4084/3573
f 3573/4084/3573 3572/4083/3572 3545/4056/3545
f 3546/4057/3546 3547/4058/3547 3574/4085/3574
f 3574/4085/3574 3573/4084/3573 3546/4057/3546
f 3547/4058/3547 3548/4059/3548 3575/4086/3575
f 3575/4086/3575 3574/4085/3574 3547/4058/3547
f 3548/4059/3548 3549/4060/3549 3576/4087/3576
f 3576/4087/3576 3575/4086/3575 3548/4059/3548
f 3549/4060/3549 3550/4061/3550 3577/4088/3577
f 3577/4088/3577 3576/4087/3576 3549/4060/3549
f 3550/4061/3550 3551/4062/3551 3578/4089/3578
f 3578/4089/3578 3577/4088/3577 3550/4061/3550
f 3551/4062/3551 3552/4063/3552 3579/4090/3579
f 3579/4090/3579 3578/4089/3578 3551/4062/3551
f 3552/4063/3552 3553/4064/3553 3580/4091/3580
f 3580/4091/3580 3579/4090/3579 3552/4063/3552
f 3553/4064/3553 3554/4065/3554 3581/4092/3581
f 3581/4092/3581 3580/4091/3580 3553/4064/3553
f 3554/4065/3554 3555/4066/3555 3582/4093/3582
f 3582/4093/3582 3581/4092/3581 3554/4065/3554
f 3555/4066/3555 3556/4067/3556 3583/4094/3583
f 3583/4094/3583 3582/4093/3582 3555/4066/3555
f 3556/4067/3556 3557/4068/3557 3584/4095/3584
f 3584/4095/3584 3583/4094/3583 3556/4067/3556
f 3557/4068/3557 3531/4042/3531 3558/4069/3558
f 3558/4069/3558 3584/4095/3584 3557/4068/3557
f 3558/4069/3558 3559/4070/3559 3586/4097/3586
f 3586/4097/3586 3585/4096/3585 3558/4069/3558
f 3559/4070/3559 3560/4071/3560 3587/4098/3587
f 3587/4098/3587 3586/4097/3586 3559/4070/3559
f 3560/4071/3560 3561/4072/3561 3588/4099/3588
f 3588/4099/3588 3587/4098/3587 3560/4071/3560
f 3561/4072/3561 3562/4073/3562 3589/4100/3589
f 3589/4100/3589 3588/4099/3588 3561/4072/3561
f 3562/4073/3562 3563/4074/3563 3590/4101/3590
f 3590/4101/3590 3589/4100/3589 3562/4073/3562
f 3563/4074/3563 3564/4075/3564 3591/4102/3591
f 3591/4102/3591 3590/4101/3590 3563/4074/3563
f 3564/4075/3564 3565/4124/3565 3592/4125/3592
f 3592/4125/3592 3591/4102/3591 3564/4075/3564
f 3565/4076/3565 3566/4077/3566 3593/4104/3593
f 3593/4104/3593 3592/4103/3592 3565/4076/3565
f 3566/4077/3566 3567/4078/3567 3594/4105/3594
f 3594/4105/3594 3593/4104/3593 3566/4077/3566
f 3567/4078/3567 3568/4079/3568 3595/4106/3595
f 3595/4106/3595 3594/4105/3594 3567/4078/3567
f 3568/4079/3568 3569/4080/3569 3596/4107/3596
f 3596/4107/3596 3595/4106/3595 3568/4079/3568
f 3569/4080/3569 3570/4081/3570 3597/4108/3597
f 3597/4108/3597 3596/4107/3596 3569/4080/3569
f 3570/4081/3570 3571/4082/3571 3598/4109/3598
f 3598/4109/3598 3597/4108/3597 3570/4081/3570
f 3571/4082/3571 3572/4083/3572 3599/4110/3599
f 3599/4110/3599 3598/4109/3598 3571/4082/3571
f 3572/4083/3572 3573/4084/3573 3600/4111/3600
f 3600/4111/3600 3599/4110/3599 3572/4083/3572
f 3573/4084/3573 3574/4085/3574 3601/4112/3601
f 3601/4112/3601 3600/4111/3600 3573/4084/3573
f 3574/4085/3574 3575/4086/3575 3602/4113/3602
f 3602/4113/3602 3601/4112/3601 3574/4085/3574
f 3575/4086/3575 3576/4087/3576 3603/4114/3603
f 3603/4114/3603 3602/4113/3602 3575/4086/3575
f 3576/4087/3576 3577/4088/3577 3604/4115/3604
f 3604/4115/3604 3603/4114/3603 3576/4087/3576
f 3577/4088/3577 3578/4089/3578 3605/4116/3605
f 3605/4116/3605 3604/4115/3604 3577/4088/3577
f 3578/4089/3578 3579/4090/3579 3606/4117/3606
f 3606/4117/3606 3605/4116/3605 3578/4089/3578
f 3579/4090/3579 3580/4091/3580 3607/4118/3607
f 3607/4118/3607 3606/4117/3606 3579/4090/3579
f 3580/4091/3580 3581/4092/3581 3608/4119/3608
f 3608/4119/3608 3607/4118/3607 3580/4091/3580
f 3581/4092/3581 3582/4093/3582 3609/4120/3609
f 3609/4120/3609 3608/4119/3608 3581/4092/3581
f 3582/4093/3582 3583/4094/3583 3610/4121/3610
f 3610/4121/3610 3609/4120/3609 3582/4093/3582
f 3583/4094/3583 3584/4095/3584 3611/4122/3611
f 3611/4122/3611 3610/4121/3610 3583/4094/3583
f 3584/4095/3584 3558/4069/3558 3585/4096/3585
f 3585/4096/3585 3611/4122/3611 3584/4095/3584
s 1
f 3586/4154/3586 3587/4155/3587 3588/4156/3588
f 3588/4156/3588 3589/4157/3589 3590/4158/3590
f 3586/4154/3586 3588/4156/3588 3590/4158/3590
f 3590/4158/3590 3591/4159/3591 3592/4160/3592
f 3592/4160/3592 3593/4161/3593 3594/4162/3594
f 3590/4158/3590 3592/4160/3592 3594/4162/3594
f 3594/4162/3594 3595/4163/3595 3596/4164/3596
f 3596/4164/3596 3597/4165/3597 3598/4166/3598
f 3594/4162/3594 3596/4164/3596 3598/4166/3598
f 3590/4158/3590 3594/4162/3594 3598/4166/3598
f 3598/4166/3598 3599/4167/3599 3600/4168/3600
f 3600/4168/3600 3601/4169/3601 3602/4170/3602
f 3598/4166/3598 3600/4168/3600 3602/4170/3602
f 3602/4170/3602 3603/4171/3603 3604/4172/3604
f 3604/4172/3604 3605/4173/3605 3606/4174/3606
f 3602/4170/3602 3604/4172/3604 3606/4174/3606
f 3598/4166/3598 3602/4170/3602 3606/4174/3606
f 3590/4158/3590 3598/4166/3598 3606/4174/3606
f 3606/4174/3606 3607/4175/3607 3608/4176/3608
f 3608/4176/3608 3609/4177/3609 3610/4178/3610
f 3606/4174/3606 3608/4176/3608 3610/4178/3610
f 3590/4158/3590 3606/4174/3606 3610/4178/3610
f 3586/4154/3586 3590/4158/3590 3610/4178/3610
f 3586/4154/3586 3610/4178/3610 3611/4179/3611
f 3585/4153/3585 3586/4154/3586 3611/4179/3611
f 3634/4202/3634 3635/4203/3635 3552/4131/3552
f 3540/4143/3540 3539/4144/3539 3538/4145/3538
f 3538/4145/3538 3537/4146/3537 3536/4147/3536
f 3552/4131/3552 3635/4203/3635 3630/4198/3630
f 3553/4130/3553 3552/4131/3552 3630/4198/3630
f 3554/4129/3554 3553/4130/3553 3630/4198/3630
f 3554/4129/3554 3630/4198/3630 3628/4196/3628
f 3555/4128/3555 3554/4129/3554 3628/4196/3628
f 3555/4128/3555 3628/4196/3628 3626/4194/3626
f 3556/4127/3556 3555/4128/3555 3626/4194/3626
f 3556/4127/3556 3626/4194/3626 3625/4193/3625
f 3557/4126/3557 3556/4127/3556 3625/4193/3625
f 3531/4152/3531 3557/4126/3557 3625/4193/3625
f 3531/4152/3531 3625/4193/3625 3622/4190/3622
f 3532/4151/3532 3531/4152/3531 3622/4190/3622
f 3532/4151/3532 3622/4190/3622 3620/4188/3620
f 3533/4150/3533 3532/4151/3532 3620/4188/3620
f 3533/4150/3533 3620/4188/3620 3619/4187/3619
f 3534/4149/3534 3533/4150/3533 3619/4187/3619
f 3534/4149/3534 3619/4187/3619 3617/4185/3617
f 3535/4148/3535 3534/4149/3534 3617/4185/3617
f 3535/4148/3535 3617/4185/3617 3616/4184/3616
f 3536/4147/3536 3535/4148/3535 3616/4184/3616
f 3536/4147/3536 3616/4184/3616 3612/4180/3612
f 3538/4145/3538 3536/4147/3536 3612/4180/3612
f 3540/4143/3540 3538/4145/3538 3612/4180/3612
f 3540/4143/3540 3612/4180/3612 3615/4183/3615
f 3540/4143/3540 3615/4183/3615 3613/4181/3613
f 3540/4143/3540 3613/4181/3613 3614/4182/3614
f 3541/4142/3541 3540/4143/3540 3614/4182/3614
f 3542/4141/3542 3541/4142/3541 3614/4182/3614
f 3542/4141/3542 3614/4182/3614 3618/4186/3618
f 3543/4140/3543 3542/4141/3542 3618/4186/3618
f 3544/4139/3544 3543/4140/3543 3618/4186/3618
f 3544/4139/3544 3618/4186/3618 3621/4189/3621
f 3545/4138/3545 3544/4139/3544 3621/4189/3621
f 3545/4138/3545 3621/4189/3621 3623/4191/3623
f 3546/4137/3546 3545/4138/3545 3623/4191/3623
f 3546/4137/3546 3623/4191/3623 3624/4192/3624
f 3547/4136/3547 3546/4137/3546 3624/4192/3624
f 3547/4136/3547 3624/4192/3624 3627/4195/3627
f 3548/4135/3548 3547/4136/3547 3627/4195/3627
f 3549/4134/3549 3548/4135/3548 3627/4195/3627
f 3549/4134/3549 3627/4195/3627 3629/4197/3629
f 3550/4133/3550 3549/4134/3549 3629/4197/3629
f 3551/4132/3551 3550/4133/3550 3629/4197/3629
f 3551/4132/3551 3629/4197/3629 3631/4199/3631
f 3551/4132/3551 3631/4199/3631 3632/4200/3632
f 3552/4131/3552 3551/4132/3551 3632/4200/3632
f 3552/4131/3552 3632/4200/3632 3633/4201/3633
f 3634/4202/3634 3552/4131/3552 3633/4201/3633
s 2
f 3638/4206/3638 3615/4276/3615 3612/4253/3612
f 3639/4207/3639 3638/4206/3638 3612/4253/3612
f 3639/4207/3639 3612/4253/3612 3636/4204/3636
f 3642/4210/3642 3618/4258/3618 3614/4259/3614
f 3614/4259/3614 3637/4205/3637 3643/4211/3643
f 3642/4210/3642 3614/4259/3614 3643/4211/3643
f 3644/4212/3644 3643/4211/3643 3637/4205/3637
f 3637/4205/3637 3638/4206/3638 3644/4212/3644
f 3645/4213/3645 3644/4212/3644 3638/4206/3638
f 3638/4206/3638 3639/4207/3639 3645/4213/3645
f 3646/4214/3646 3645/4213/3645 3639/4207/3639
f 3639/4207/3639 3640/4208/3640 3646/4214/3646
f 3647/4215/3647 3646/4214/3646 3640/4208/3640
f 3640/4208/3640 3641/4209/3641 3647/4215/3647
f 3650/4218/3650 3649/4217/3649 3642/4210/3642
f 3642/4210/3642 3643/4211/3643 3650/4218/3650
f 3651/4219/3651 3650/4218/3650 3643/4211/3643
f 3643/4211/3643 3644/4212/3644 3651/4219/3651
f 3652/4220/3652 3651/4219/3651 3644/4212/3644
f 3644/4212/3644 3645/4213/3645 3652/4220/3652
f 3653/4221/3653 3652/4220/3652 3645/4213/3645
f 3645/4213/3645 3646/4214/3646 3653/4221/3653
f 3654/4222/3654 3653/4221/3653 3646/4214/3646
f 3646/4214/3646 3647/4215/3647 3654/4222/3654
f 3655/4223/3655 3654/4222/3654 3647/4215/3647
f 3647/4215/3647 3648/4216/3648 3655/4223/3655
f 3656/4224/3656 3623/4264/3623 3621/4260/3621
f 3621/4260/3621 3649/4217/3649 3657/4225/3657
f 3656/4224/3656 3621/4260/3621 3657/4225/3657
f 3658/4226/3658 3657/4225/3657 3649/4217/3649
f 3649/4217/3649 3650/4218/3650 3658/4226/3658
f 3659/4227/3659 3658/4226/3658 3650/4218/3650
f 3650/4218/3650 3651/4219/3651 3659/4227/3659
f 3660/4228/3660 3659/4227/3659 3651/4219/3651
f 3651/4219/3651 3652/4220/3652 3660/4228/3660
f 3661/4229/3661 3660/4228/3660 3652/4220/3652
f 3652/4220/3652 3653/4221/3653 3661/4229/3661
f 3662/4230/3662 3661/4229/3661 3653/4221/3653
f 3653/4221/3653 3654/4222/3654 3662/4230/3662
f 3663/4231/3663 3662/4230/3662 3654/4222/3654
f 3654/4222/3654 3655/4223/3655 3663/4231/3663
f 3665/4233/3665 3624/4267/3624 3623/4264/3623
f 3657/4225/3657 3665/4233/3665 3623/4264/3623
f 3656/4224/3656 3657/4225/3657 3623/4264/3623
f 3666/4234/3666 3665/4233/3665 3657/4225/3657
f 3657/4225/3657 3658/4226/3658 3666/4234/3666
f 3667/4235/3667 3666/4234/3666 3658/4226/3658
f 3658/4226/3658 3659/4227/3659 3667/4235/3667
f 3668/4236/3668 3667/4235/3667 3659/4227/3659
f 3659/4227/3659 3660/4228/3660 3668/4236/3668
f 3669/4237/3669 3668/4236/3668 3660/4228/3660
f 3660/4228/3660 3661/4229/3661 3669/4237/3669
f 3670/4238/3670 3669/4237/3669 3661/4229/3661
f 3661/4229/3661 3662/4230/3662 3670/4238/3670
f 3671/4239/3671 3670/4238/3670 3662/4230/3662
f 3662/4230/3662 3663/4231/3663 3671/4239/3671
f 3673/4241/3673 3672/4240/3672 3665/4233/3665
f 3665/4233/3665 3666/4234/3666 3673/4241/3673
f 3674/4242/3674 3673/4241/3673 3666/4234/3666
f 3666/4234/3666 3667/4235/3667 3674/4242/3674
f 3675/4243/3675 3674/4242/3674 3667/4235/3667
f 3667/4235/3667 3668/4236/3668 3675/4243/3675
f 3676/4244/3676 3675/4243/3675 3668/4236/3668
f 3668/4236/3668 3669/4237/3669 3676/4244/3676
f 3677/4245/3677 3676/4244/3676 3669/4237/3669
f 3669/4237/3669 3670/4238/3670 3677/4245/3677
f 3678/4246/3678 3677/4245/3677 3670/4238/3670
f 3670/4238/3670 3671/4239/3671 3678/4246/3678
f 3672/4240/3672 3673/4241/3673 3679/4247/3679
f 3679/4247/3679 3631/4270/3631 3629/4271/3629
f 3672/4240/3672 3679/4247/3679 3629/4271/3629
f 3680/4248/3680 3679/4247/3679 3673/4241/3673
f 3673/4241/3673 3674/4242/3674 3680/4248/3680
f 3681/4249/3681 3680/4248/3680 3674/4242/3674
f 3674/4242/3674 3675/4243/3675 3681/4249/3681
f 3682/4250/3682 3681/4249/3681 3675/4243/3675
f 3675/4243/3675 3676/4244/3676 3682/4250/3682
f 3683/4251/3683 3682/4250/3682 3676/4244/3676
f 3676/4244/3676 3677/4245/3677 3683/4251/3683
f 3680/4248/3680 3681/4249/3681 3684/4252/3684
f 3684/4252/3684 3633/4274/3633 3632/4272/3632
f 3680/4248/3680 3684/4252/3684 3632/4272/3632
f 3613/4254/3613 3615/4276/3615 3638/4206/3638
f 3638/4206/3638 3637/4205/3637 3613/4254/3613
f 3614/4259/3614 3613/4254/3613 3637/4205/3637
f 3616/4255/3616 3617/4256/3617 3641/4209/3641
f 3641/4209/3641 3640/4208/3640 3616/4255/3616
f 3616/4255/3616 3640/4208/3640 3639/4207/3639
f 3616/4255/3616 3639/4207/3639 3636/4204/3636
f 3612/4253/3612 3616/4255/3616 3636/4204/3636
f 3648/4216/3648 3647/4215/3647 3641/4209/3641
f 3641/4209/3641 3619/4257/3619 3648/4216/3648
f 3617/4256/3617 3619/4257/3619 3641/4209/3641
f 3649/4217/3649 3621/4260/3621 3618/4258/3618
f 3618/4258/3618 3642/4210/3642 3649/4217/3649
f 3620/4261/3620 3622/4262/3622 3655/4223/3655
f 3655/4223/3655 3648/4216/3648 3620/4261/3620
f 3622/4262/3622 3625/4263/3625 3664/4232/3664
f 3664/4232/3664 3663/4231/3663 3655/4223/3655
f 3622/4262/3622 3664/4232/3664 3655/4223/3655
f 3671/4239/3671 3626/4265/3626 3628/4269/3628
f 3628/4269/3628 3678/4246/3678 3671/4239/3671
f 3626/4265/3626 3671/4239/3671 3663/4231/3663
f 3626/4265/3626 3663/4231/3663 3664/4232/3664
f 3625/4263/3625 3626/4265/3626 3664/4232/3664
f 3627/4266/3627 3624/4267/3624 3665/4233/3665
f 3665/4233/3665 3672/4240/3672 3627/4266/3627
f 3629/4271/3629 3627/4266/3627 3672/4240/3672
f 3630/4268/3630 3683/4251/3683 3677/4245/3677
f 3677/4245/3677 3678/4246/3678 3630/4268/3630
f 3628/4269/3628 3630/4268/3630 3678/4246/3678
f 3680/4248/3680 3632/4272/3632 3631/4270/3631
f 3631/4270/3631 3679/4247/3679 3680/4248/3680
f 3633/4274/3633 3684/4252/3684 3681/4249/3681
f 3633/4274/3633 3681/4249/3681 3682/4250/3682
f 3634/4273/3634 3633/4274/3633 3682/4250/3682
f 3635/4275/3635 3634/4273/3634 3682/4250/3682
f 3682/4250/3682 3683/4251/3683 3635/4275/3635
f 3619/4257/3619 3620/4261/3620 3648/4216/3648
f 3630/4268/3630 3635/4275/3635 3683/4251/3683
# 304 faces

g
# object Box09 to come ...
#
v  -156.751236 73.024910 -46.133202
v  -156.751236 73.024910 -45.133202
v  -206.751236 73.024910 -46.133202
v  -206.751236 73.024910 -45.133202
v  -156.751236 84.524910 -46.133202
v  -156.751236 84.524910 -45.133202
v  -206.751236 84.524910 -46.133202
v  -206.751236 84.524910 -45.133202
# 8 vertices

vt  0.000000 0.000000 0.000000
vt  1.000000 0.000000 0.000000
vt  0.000000 1.000000 0.000000
vt  1.000000 1.000000 0.000000
vt  0.000000 0.000000 0.000000
vt  1.000000 0.000000 0.000000
vt  0.000000 1.000000 0.000000
vt  1.000000 1.000000 0.000000
vt  0.000000 0.000000 0.000000
vt  1.000000 0.000000 0.000000
vt  0.000000 1.000000 0.000000
vt  1.000000 1.000000 0.000000
# 12 texture vertices

vn  0.000000 -2.000000 0.000000
vn  0.000000 -1.000000 0.000000
vn  0.000000 -1.000000 0.000000
vn  0.000000 -2.000000 0.000000
vn  -0.000000 2.000000 -0.000000
vn  -0.000000 1.000000 -0.000000
vn  -0.000000 1.000000 -0.000000
vn  -0.000000 2.000000 -0.000000
# 8 vertex normals

g Box09
usemtl drevo_skrin
s 2
f 3688/4287/3688 3687/4288/3687 3685/4286/3685
f 3685/4286/3685 3686/4285/3686 3688/4287/3688
s 4
f 3692/4288/3692 3690/4286/3690 3689/4285/3689
f 3689/4285/3689 3691/4287/3691 3692/4288/3692
s 8
f 3690/4284/3690 3686/4282/3686 3685/4281/3685
f 3685/4281/3685 3689/4283/3689 3690/4284/3690
s 16
f 3692/4280/3692 3688/4278/3688 3686/4277/3686
f 3686/4277/3686 3690/4279/3690 3692/4280/3692
s 32
f 3691/4284/3691 3687/4282/3687 3688/4281/3688
f 3688/4281/3688 3692/4283/3692 3691/4284/3691
s 64
f 3689/4280/3689 3685/4278/3685 3687/4277/3687
f 3687/4277/3687 3691/4279/3691 3689/4280/3689
# 12 faces

g
# object Box07 to come ...
#
v  -154.756607 72.538742 -42.471207
v  -154.756607 72.538742 -76.971207
v  -156.756607 72.538742 -42.471207
v  -156.756607 72.538742 -76.971207
v  -154.756607 86.538742 -42.471207
v  -154.756607 86.538742 -76.971207
v  -156.756607 86.538742 -42.471207
v  -156.756607 86.538742 -76.971207
# 8 vertices

vt  0.000000 0.000000 0.000000
vt  1.000000 0.000000 0.000000
vt  0.000000 1.000000 0.000000
vt  1.000000 1.000000 0.000000
vt  0.000000 0.000000 0.000000
vt  1.000000 0.000000 0.000000
vt  0.000000 1.000000 0.000000
vt  1.000000 1.000000 0.000000
vt  0.000000 0.000000 0.000000
vt  1.000000 0.000000 0.000000
vt  0.000000 1.000000 0.000000
vt  1.000000 1.000000 0.000000
# 12 texture vertices

vn  0.000000 -2.000000 -0.000000
vn  0.000000 -1.000000 -0.000000
vn  0.000000 -1.000000 -0.000000
vn  0.000000 -2.000000 -0.000000
vn  0.000000 2.000000 -0.000000
vn  0.000000 1.000000 -0.000000
vn  0.000000 1.000000 -0.000000
vn  0.000000 2.000000 -0.000000
# 8 vertex normals

g Box07
usemtl drevo_skrin
s 2
f 3693/4298/3693 3695/4300/3695 3696/4299/3696
f 3696/4299/3696 3694/4297/3694 3693/4298/3693
s 4
f 3697/4297/3697 3698/4298/3698 3700/4300/3700
f 3700/4300/3700 3699/4299/3699 3697/4297/3697
s 8
f 3693/4293/3693 3694/4294/3694 3698/4296/3698
f 3698/4296/3698 3697/4295/3697 3693/4293/3693
s 16
f 3694/4289/3694 3696/4290/3696 3700/4292/3700
f 3700/4292/3700 3698/4291/3698 3694/4289/3694
s 32
f 3696/4293/3696 3695/4294/3695 3699/4296/3699
f 3699/4296/3699 3700/4295/3700 3696/4293/3696
s 64
f 3695/4289/3695 3693/4290/3693 3697/4292/3697
f 3697/4292/3697 3699/4291/3699 3695/4289/3695
# 12 faces

g
# object Box10 to come ...
#
v  -205.755310 73.028831 -45.721210
v  -205.755310 73.028831 -73.721207
v  -206.755310 73.028831 -45.721210
v  -206.755310 73.028831 -73.721207
v  -205.755310 84.528831 -45.721210
v  -205.755310 84.528831 -73.721207
v  -206.755310 84.528831 -45.721210
v  -206.755310 84.528831 -73.721207
# 8 vertices

vt  0.000000 0.000000 0.000000
vt  1.000000 0.000000 0.000000
vt  0.000000 1.000000 0.000000
vt  1.000000 1.000000 0.000000
vt  0.000000 0.000000 0.000000
vt  1.000000 0.000000 0.000000
vt  0.000000 1.000000 0.000000
vt  1.000000 1.000000 0.000000
vt  0.000000 0.000000 0.000000
vt  1.000000 0.000000 0.000000
vt  0.000000 1.000000 0.000000
vt  1.000000 1.000000 0.000000
# 12 texture vertices

vn  0.000000 -2.000000 -0.000000
vn  0.000000 -1.000000 -0.000000
vn  0.000000 -1.000000 -0.000000
vn  0.000000 -2.000000 -0.000000
vn  0.000000 2.000000 -0.000000
vn  0.000000 1.000000 -0.000000
vn  0.000000 1.000000 -0.000000
vn  0.000000 2.000000 -0.000000
# 8 vertex normals

g Box10
usemtl drevo_skrin
s 2
f 3701/4310/3701 3703/4312/3703 3704/4311/3704
f 3704/4311/3704 3702/4309/3702 3701/4310/3701
s 4
f 3705/4309/3705 3706/4310/3706 3708/4312/3708
f 3708/4312/3708 3707/4311/3707 3705/4309/3705
s 8
f 3701/4305/3701 3702/4306/3702 3706/4308/3706
f 3706/4308/3706 3705/4307/3705 3701/4305/3701
s 16
f 3702/4301/3702 3704/4302/3704 3708/4304/3708
f 3708/4304/3708 3706/4303/3706 3702/4301/3702
s 32
f 3704/4305/3704 3703/4306/3703 3707/4308/3707
f 3707/4308/3707 3708/4307/3708 3704/4305/3704
s 64
f 3703/4301/3703 3701/4302/3701 3705/4304/3705
f 3705/4304/3705 3707/4303/3707 3703/4301/3703
# 12 faces

g
# object Box11 to come ...
#
v  -156.533707 73.028656 -45.835655
v  -156.533691 73.028656 -73.835655
v  -205.833710 73.028656 -45.835655
v  -205.833694 73.028656 -73.835655
v  -156.533707 73.228653 -45.835655
v  -156.533691 73.228653 -73.835655
v  -205.833710 73.228653 -45.835655
v  -205.833694 73.228653 -73.835655
# 8 vertices

vt  0.000000 0.000000 0.000000
vt  1.000000 0.000000 0.000000
vt  0.000000 1.000000 0.000000
vt  1.000000 1.000000 0.000000
vt  0.000000 0.000000 0.000000
vt  1.000000 0.000000 0.000000
vt  0.000000 1.000000 0.000000
vt  1.000000 1.000000 0.000000
vt  0.000000 0.000000 0.000000
vt  1.000000 0.000000 0.000000
vt  0.000000 1.000000 0.000000
vt  1.000000 1.000000 0.000000
# 12 texture vertices

vn  0.000000 -2.000000 -0.000000
vn  0.000000 -1.000000 -0.000000
vn  0.000000 -1.000000 -0.000000
vn  0.000000 -2.000000 -0.000000
vn  0.000000 2.000000 -0.000000
vn  0.000000 1.000000 -0.000000
vn  0.000000 1.000000 -0.000000
vn  0.000000 2.000000 -0.000000
# 8 vertex normals

g Box11
usemtl drevo_skrin
s 2
f 3709/4322/3709 3711/4324/3711 3712/4323/3712
f 3712/4323/3712 3710/4321/3710 3709/4322/3709
s 4
f 3713/4321/3713 3714/4322/3714 3716/4324/3716
f 3716/4324/3716 3715/4323/3715 3713/4321/3713
s 8
f 3709/4317/3709 3710/4318/3710 3714/4320/3714
f 3714/4320/3714 3713/4319/3713 3709/4317/3709
s 16
f 3710/4313/3710 3712/4314/3712 3716/4316/3716
f 3716/4316/3716 3714/4315/3714 3710/4313/3710
s 32
f 3712/4317/3712 3711/4318/3711 3715/4320/3715
f 3715/4320/3715 3716/4319/3716 3712/4317/3712
s 64
f 3711/4313/3711 3709/4314/3709 3713/4316/3713
f 3713/4316/3713 3715/4315/3715 3711/4313/3711
# 12 faces

g
# object Box08 to come ...
#
v  -156.751236 73.024910 -73.280846
v  -156.751236 73.024910 -74.280846
v  -206.751236 73.024910 -73.280846
v  -206.751236 73.024910 -74.280846
v  -156.751236 84.524910 -73.280846
v  -156.751236 84.524910 -74.280846
v  -206.751236 84.524910 -73.280846
v  -206.751236 84.524910 -74.280846
# 8 vertices

vt  0.000000 0.000000 0.000000
vt  1.000000 0.000000 0.000000
vt  0.000000 1.000000 0.000000
vt  1.000000 1.000000 0.000000
vt  0.000000 0.000000 0.000000
vt  1.000000 0.000000 0.000000
vt  0.000000 1.000000 0.000000
vt  1.000000 1.000000 0.000000
vt  0.000000 0.000000 0.000000
vt  1.000000 0.000000 0.000000
vt  0.000000 1.000000 0.000000
vt  1.000000 1.000000 0.000000
# 12 texture vertices

vn  0.000000 -2.000000 -0.000000
vn  0.000000 -1.000000 -0.000000
vn  0.000000 -1.000000 -0.000000
vn  0.000000 -2.000000 -0.000000
vn  0.000000 2.000000 -0.000000
vn  0.000000 1.000000 -0.000000
vn  0.000000 1.000000 -0.000000
vn  0.000000 2.000000 -0.000000
# 8 vertex normals

g Box08
usemtl drevo_skrin
s 2
f 3717/4334/3717 3719/4336/3719 3720/4335/3720
f 3720/4335/3720 3718/4333/3718 3717/4334/3717
s 4
f 3721/4333/3721 3722/4334/3722 3724/4336/3724
f 3724/4336/3724 3723/4335/3723 3721/4333/3721
s 8
f 3717/4329/3717 3718/4330/3718 3722/4332/3722
f 3722/4332/3722 3721/4331/3721 3717/4329/3717
s 16
f 3718/4325/3718 3720/4326/3720 3724/4328/3724
f 3724/4328/3724 3722/4327/3722 3718/4325/3718
s 32
f 3720/4329/3720 3719/4330/3719 3723/4332/3723
f 3723/4332/3723 3724/4331/3724 3720/4329/3720
s 64
f 3719/4325/3719 3717/4326/3717 3721/4328/3721
f 3721/4328/3721 3723/4327/3723 3719/4325/3719
# 12 faces

g
# object Box06 to come ...
#
v  -164.527603 87.656723 -41.907188
v  -164.927597 87.256721 -77.507187
v  -222.527603 87.256714 -41.907188
v  -222.527603 87.256714 -77.507187
v  -164.527603 88.856720 -41.907188
v  -164.527588 88.856720 -77.507187
v  -222.527603 89.256714 -41.907188
v  -222.527603 89.256714 -77.507187
v  -164.927597 87.256721 -41.907188
v  -164.527603 87.656723 -77.507187
v  -164.927597 89.256721 -41.907188
v  -164.927597 89.256721 -77.507187
v  -164.927582 70.500328 -148.646652
v  -222.527588 70.500328 -148.646652
v  -222.527588 70.500328 -184.246658
v  -164.927582 70.500328 -184.246658
v  -164.927582 72.500328 -148.646652
v  -164.927582 72.500328 -184.246658
v  -222.527588 72.500328 -184.246658
v  -222.527588 72.500328 -148.646652
v  -164.527588 70.900330 -148.646652
v  -164.527588 70.900330 -184.246658
v  -164.527588 72.100327 -184.246658
v  -164.527588 72.100327 -148.646652
v  -164.927582 26.363964 -148.646652
v  -222.527588 26.363964 -148.646652
v  -222.527588 26.363964 -184.246658
v  -164.927582 26.363964 -184.246658
v  -164.927582 28.363968 -148.646652
v  -164.927582 28.363968 -184.246658
v  -222.527588 28.363964 -184.246658
v  -222.527588 28.363964 -148.646652
v  -164.527588 26.763966 -148.646652
v  -164.527588 26.763966 -184.246658
v  -164.527588 27.963968 -184.246658
v  -164.527588 27.963968 -148.646652
v  -164.927597 26.399231 -41.907188
v  -222.527603 26.399223 -41.907188
v  -222.527603 26.399223 -77.507187
v  -164.927597 26.399231 -77.507187
v  -164.927597 28.399233 -41.907188
v  -164.927597 28.399233 -77.507187
v  -222.527603 28.399225 -77.507187
v  -222.527603 28.399225 -41.907188
v  -164.527603 26.799232 -41.907188
v  -164.527603 26.799232 -77.507187
v  -164.527588 27.999229 -77.507187
v  -164.527603 27.999229 -41.907188
# 48 vertices

vt  1.000000 0.006897 0.000000
vt  0.000000 0.006897 0.000000
vt  1.000000 1.000000 0.000000
vt  0.000000 1.000000 0.000000
vt  0.000000 0.006897 0.000000
vt  1.000000 0.006897 0.000000
vt  0.000000 1.000000 0.000000
vt  1.000000 1.000000 0.000000
vt  0.000000 0.200000 0.000000
vt  1.000000 0.200000 0.000000
vt  0.000000 0.800000 0.000000
vt  1.000000 0.800000 0.000000
vt  0.006897 0.000000 0.000000
vt  1.000000 0.000000 0.000000
vt  0.000000 0.800000 0.000000
vt  1.000000 1.000000 0.000000
vt  0.000000 0.000000 0.000000
vt  1.000000 0.000000 0.000000
vt  0.000000 1.000000 0.000000
vt  1.000000 1.000000 0.000000
vt  0.000000 0.000000 0.000000
vt  1.000000 0.200000 0.000000
vt  0.000000 1.000000 0.000000
vt  1.000000 0.800000 0.000000
vt  0.993103 0.000000 0.000000
vt  0.000000 0.200000 0.000000
vt  0.993103 1.000000 0.000000
vt  0.006897 1.000000 0.000000
vt  1.000000 0.006897 0.000000
vt  1.000000 1.000000 0.000000
vt  0.000000 1.000000 0.000000
vt  0.000000 0.006897 0.000000
vt  0.000000 0.006897 0.000000
vt  1.000000 0.006897 0.000000
vt  1.000000 1.000000 0.000000
vt  0.000000 1.000000 0.000000
vt  0.000000 0.200000 0.000000
vt  1.000000 0.200000 0.000000
vt  1.000000 0.800000 0.000000
vt  0.000000 0.800000 0.000000
vt  0.000000 0.200000 0.000000
vt  0.006897 0.000000 0.000000
vt  1.000000 0.000000 0.000000
vt  1.000000 1.000000 0.000000
vt  0.006897 1.000000 0.000000
vt  0.000000 0.800000 0.000000
vt  0.000000 0.000000 0.000000
vt  1.000000 0.000000 0.000000
vt  1.000000 1.000000 0.000000
vt  0.000000 1.000000 0.000000
vt  0.000000 0.000000 0.000000
vt  0.993103 0.000000 0.000000
vt  1.000000 0.200000 0.000000
vt  1.000000 0.800000 0.000000
vt  0.993103 1.000000 0.000000
vt  0.000000 1.000000 0.000000
vt  1.000000 0.006897 0.000000
vt  1.000000 1.000000 0.000000
vt  0.000000 1.000000 0.000000
vt  0.000000 0.006897 0.000000
vt  0.000000 0.006897 0.000000
vt  1.000000 0.006897 0.000000
vt  1.000000 1.000000 0.000000
vt  0.000000 1.000000 0.000000
vt  0.000000 0.200000 0.000000
vt  1.000000 0.200000 0.000000
vt  1.000000 0.800000 0.000000
vt  0.000000 0.800000 0.000000
vt  0.000000 0.200000 0.000000
vt  0.006897 0.000000 0.000000
vt  1.000000 0.000000 0.000000
vt  1.000000 1.000000 0.000000
vt  0.006897 1.000000 0.000000
vt  0.000000 0.800000 0.000000
vt  0.000000 0.000000 0.000000
vt  1.000000 0.000000 0.000000
vt  1.000000 1.000000 0.000000
vt  0.000000 1.000000 0.000000
vt  0.000000 0.000000 0.000000
vt  0.993103 0.000000 0.000000
vt  1.000000 0.200000 0.000000
vt  1.000000 0.800000 0.000000
vt  0.993103 1.000000 0.000000
vt  0.000000 1.000000 0.000000
vt  1.000000 0.006897 0.000000
vt  1.000000 1.000000 0.000000
vt  0.000000 1.000000 0.000000
vt  0.000000 0.006897 0.000000
vt  0.000000 0.006897 0.000000
vt  1.000000 0.006897 0.000000
vt  1.000000 1.000000 0.000000
vt  0.000000 1.000000 0.000000
vt  0.000000 0.200000 0.000000
vt  1.000000 0.200000 0.000000
vt  1.000000 0.800000 0.000000
vt  0.000000 0.800000 0.000000
vt  0.000000 0.200000 0.000000
vt  0.006897 0.000000 0.000000
vt  1.000000 0.000000 0.000000
vt  1.000000 1.000000 0.000000
vt  0.006897 1.000000 0.000000
vt  0.000000 0.800000 0.000000
vt  0.000000 0.000000 0.000000
vt  1.000000 0.000000 0.000000
vt  1.000000 1.000000 0.000000
vt  0.000000 1.000000 0.000000
vt  0.000000 0.000000 0.000000
vt  0.993103 0.000000 0.000000
vt  1.000000 0.200000 0.000000
vt  1.000000 0.800000 0.000000
vt  0.993103 1.000000 0.000000
vt  0.000000 1.000000 0.000000
# 112 texture vertices

vn  2.000000 -0.000006 0.000000
vn  0.000000 -1.000000 0.000000
vn  0.000000 -1.000000 0.000000
vn  0.000000 -2.000000 0.000000
vn  1.000000 -0.000003 0.000000
vn  2.000000 -0.000006 0.000000
vn  -0.000000 1.000000 -0.000000
vn  -0.000000 2.000000 -0.000000
vn  0.000000 -2.000000 0.000000
vn  1.000000 -0.000003 0.000000
vn  -0.000000 2.000000 -0.000000
vn  -0.000000 1.000000 -0.000000
vn  -0.000000 -2.000000 -0.000000
vn  -0.000000 -1.000000 -0.000000
vn  -0.000000 -2.000000 -0.000000
vn  -0.000000 -1.000000 -0.000000
vn  0.000000 2.000000 0.000000
vn  0.000000 1.000000 0.000000
vn  0.000000 2.000000 0.000000
vn  0.000000 1.000000 0.000000
vn  2.000000 0.000000 0.000000
vn  1.000000 0.000000 0.000000
vn  2.000000 0.000000 0.000000
vn  1.000000 0.000000 0.000000
vn  0.000000 -2.000000 -0.000000
vn  0.000000 -1.000000 -0.000000
vn  0.000000 -2.000000 -0.000000
vn  0.000000 -1.000000 -0.000000
vn  -0.000000 2.000000 -0.000000
vn  -0.000000 1.000000 -0.000000
vn  -0.000000 2.000000 -0.000000
vn  -0.000000 1.000000 -0.000000
vn  2.000000 0.000000 0.000000
vn  1.000000 0.000000 0.000000
vn  2.000000 0.000000 0.000000
vn  1.000000 0.000000 0.000000
vn  0.000000 -2.000000 0.000000
vn  0.000000 -1.000000 0.000000
vn  0.000000 -2.000000 0.000000
vn  0.000000 -1.000000 0.000000
vn  -0.000000 2.000000 -0.000000
vn  -0.000000 1.000000 -0.000000
vn  -0.000000 2.000000 -0.000000
vn  -0.000000 1.000000 -0.000000
vn  2.000000 -0.000006 0.000000
vn  1.000000 -0.000003 0.000000
vn  2.000000 -0.000006 0.000000
vn  1.000000 -0.000003 0.000000
# 48 vertex normals

g Box06
usemtl drevo_skrin
s 1
f 3733/4337/3733 3727/4339/3727 3728/4340/3728
f 3728/4340/3728 3726/4338/3726 3733/4337/3733
f 3735/4341/3735 3736/4342/3736 3732/4344/3732
f 3732/4344/3732 3731/4343/3731 3735/4341/3735
s 2
f 3725/4345/3725 3734/4346/3734 3730/4348/3730
f 3730/4348/3730 3729/4347/3729 3725/4345/3725
s 4
f 3726/4349/3726 3728/4350/3728 3732/4352/3732
f 3732/4352/3732 3736/4364/3736 3730/4351/3730
f 3726/4349/3726 3732/4352/3732 3730/4351/3730
f 3734/4362/3734 3726/4349/3726 3730/4351/3730
s 2
f 3728/4353/3728 3727/4354/3727 3731/4356/3731
f 3731/4356/3731 3732/4355/3732 3728/4353/3728
s 4
f 3727/4357/3727 3733/4361/3733 3725/4358/3725
f 3725/4358/3725 3729/4360/3729 3735/4363/3735
f 3727/4357/3727 3725/4358/3725 3735/4363/3735
f 3727/4357/3727 3735/4363/3735 3731/4359/3731
s 2
f 3726/4338/3726 3734/4346/3734 3725/4345/3725
f 3725/4345/3725 3733/4337/3733 3726/4338/3726
f 3735/4341/3735 3729/4347/3729 3730/4348/3730
f 3730/4348/3730 3736/4342/3736 3735/4341/3735
s 1
f 3737/4365/3737 3738/4366/3738 3739/4367/3739
f 3739/4367/3739 3740/4368/3740 3737/4365/3737
f 3741/4369/3741 3742/4370/3742 3743/4371/3743
f 3743/4371/3743 3744/4372/3744 3741/4369/3741
s 2
f 3745/4373/3745 3746/4374/3746 3747/4375/3747
f 3747/4375/3747 3748/4376/3748 3745/4373/3745
s 4
f 3740/4378/3740 3739/4379/3739 3743/4380/3743
f 3743/4380/3743 3742/4381/3742 3747/4382/3747
f 3740/4378/3740 3743/4380/3743 3747/4382/3747
f 3746/4377/3746 3740/4378/3740 3747/4382/3747
s 2
f 3739/4383/3739 3738/4384/3738 3744/4385/3744
f 3744/4385/3744 3743/4386/3743 3739/4383/3739
s 4
f 3738/4387/3738 3737/4388/3737 3745/4389/3745
f 3745/4389/3745 3748/4390/3748 3741/4391/3741
f 3738/4387/3738 3745/4389/3745 3741/4391/3741
f 3738/4387/3738 3741/4391/3741 3744/4392/3744
s 2
f 3740/4368/3740 3746/4374/3746 3745/4373/3745
f 3745/4373/3745 3737/4365/3737 3740/4368/3740
f 3741/4369/3741 3748/4376/3748 3747/4375/3747
f 3747/4375/3747 3742/4370/3742 3741/4369/3741
s 1
f 3749/4393/3749 3750/4394/3750 3751/4395/3751
f 3751/4395/3751 3752/4396/3752 3749/4393/3749
f 3753/4397/3753 3754/4398/3754 3755/4399/3755
f 3755/4399/3755 3756/4400/3756 3753/4397/3753
s 2
f 3757/4401/3757 3758/4402/3758 3759/4403/3759
f 3759/4403/3759 3760/4404/3760 3757/4401/3757
s 4
f 3752/4406/3752 3751/4407/3751 3755/4408/3755
f 3755/4408/3755 3754/4409/3754 3759/4410/3759
f 3752/4406/3752 3755/4408/3755 3759/4410/3759
f 3758/4405/3758 3752/4406/3752 3759/4410/3759
s 2
f 3751/4411/3751 3750/4412/3750 3756/4413/3756
f 3756/4413/3756 3755/4414/3755 3751/4411/3751
s 4
f 3750/4415/3750 3749/4416/3749 3757/4417/3757
f 3757/4417/3757 3760/4418/3760 3753/4419/3753
f 3750/4415/3750 3757/4417/3757 3753/4419/3753
f 3750/4415/3750 3753/4419/3753 3756/4420/3756
s 2
f 3752/4396/3752 3758/4402/3758 3757/4401/3757
f 3757/4401/3757 3749/4393/3749 3752/4396/3752
f 3753/4397/3753 3760/4404/3760 3759/4403/3759
f 3759/4403/3759 3754/4398/3754 3753/4397/3753
s 1
f 3761/4421/3761 3762/4422/3762 3763/4423/3763
f 3763/4423/3763 3764/4424/3764 3761/4421/3761
f 3765/4425/3765 3766/4426/3766 3767/4427/3767
f 3767/4427/3767 3768/4428/3768 3765/4425/3765
s 2
f 3769/4429/3769 3770/4430/3770 3771/4431/3771
f 3771/4431/3771 3772/4432/3772 3769/4429/3769
s 4
f 3764/4434/3764 3763/4435/3763 3767/4436/3767
f 3767/4436/3767 3766/4437/3766 3771/4438/3771
f 3764/4434/3764 3767/4436/3767 3771/4438/3771
f 3770/4433/3770 3764/4434/3764 3771/4438/3771
s 2
f 3763/4439/3763 3762/4440/3762 3768/4441/3768
f 3768/4441/3768 3767/4442/3767 3763/4439/3763
s 4
f 3762/4443/3762 3761/4444/3761 3769/4445/3769
f 3769/4445/3769 3772/4446/3772 3765/4447/3765
f 3762/4443/3762 3769/4445/3769 3765/4447/3765
f 3762/4443/3762 3765/4447/3765 3768/4448/3768
s 2
f 3764/4424/3764 3770/4430/3770 3769/4429/3769
f 3769/4429/3769 3761/4421/3761 3764/4424/3764
f 3765/4425/3765 3772/4432/3772 3771/4431/3771
f 3771/4431/3771 3766/4426/3766 3765/4425/3765
# 80 faces

g
# object Line01 to come ...
#
v  -198.984283 91.699356 -82.131798
v  -199.032013 91.909988 -82.131798
v  -199.091721 92.127914 -82.131798
v  -199.175385 92.360428 -82.131798
v  -199.294968 92.614845 -82.131798
v  -199.462448 92.898445 -82.131798
v  -199.689789 93.218536 -82.131798
v  -199.988998 93.582405 -82.131798
v  -200.550354 94.067902 -82.131798
v  -201.305206 94.526840 -82.131798
v  -202.176178 94.969833 -82.131798
v  -203.085831 95.407524 -82.131798
v  -203.956802 95.850525 -82.131798
v  -204.711655 96.309456 -82.131798
v  -205.273010 96.794952 -82.131798
v  -205.662811 97.302498 -82.131798
v  -206.008362 97.869759 -82.131798
v  -206.317032 98.486794 -82.131798
v  -206.596207 99.143639 -82.131798
v  -206.853241 99.830345 -82.131798
v  -207.095535 100.536957 -82.131798
v  -207.330444 101.253525 -82.131798
v  -224.132584 101.253525 -82.131798
v  -224.132584 91.699356 -82.131798
v  -198.984283 91.699356 -80.131798
v  -199.032013 91.909988 -80.131798
v  -199.091721 92.127914 -80.131798
v  -199.175385 92.360428 -80.131798
v  -199.294968 92.614845 -80.131798
v  -199.462448 92.898445 -80.131798
v  -199.689789 93.218536 -80.131798
v  -199.988998 93.582405 -80.131798
v  -200.550354 94.067902 -80.131798
v  -201.305206 94.526833 -80.131798
v  -202.176178 94.969833 -80.131798
v  -203.085831 95.407524 -80.131798
v  -203.956802 95.850525 -80.131798
v  -204.711655 96.309456 -80.131798
v  -205.273010 96.794952 -80.131798
v  -205.662811 97.302498 -80.131798
v  -206.008362 97.869759 -80.131798
v  -206.317032 98.486794 -80.131798
v  -206.596207 99.143639 -80.131798
v  -206.853241 99.830345 -80.131798
v  -207.095535 100.536957 -80.131798
v  -207.330444 101.253525 -80.131798
v  -224.132584 101.253525 -80.131798
v  -224.132584 91.699356 -80.131798
# 48 vertices

vt  0.000000 0.000000 0.000000
vt  0.003332 0.000000 0.000000
vt  0.006817 0.000000 0.000000
vt  0.010629 0.000000 0.000000
vt  0.014966 0.000000 0.000000
vt  0.020046 0.000000 0.000000
vt  0.026103 0.000000 0.000000
vt  0.033370 0.000000 0.000000
vt  0.044819 0.000000 0.000000
vt  0.058447 0.000000 0.000000
vt  0.073521 0.000000 0.000000
vt  0.089093 0.000000 0.000000
vt  0.104167 0.000000 0.000000
vt  0.117794 0.000000 0.000000
vt  0.129243 0.000000 0.000000
vt  0.139115 0.000000 0.000000
vt  0.149362 0.000000 0.000000
vt  0.160005 0.000000 0.000000
vt  0.171015 0.000000 0.000000
vt  0.182326 0.000000 0.000000
vt  0.193849 0.000000 0.000000
vt  0.205482 0.000000 0.000000
vt  0.464674 0.000000 0.000000
vt  0.612058 0.000000 0.000000
vt  1.000000 0.000000 0.000000
vt  0.000000 1.000000 0.000000
vt  0.003332 1.000000 0.000000
vt  0.006817 1.000000 0.000000
vt  0.010629 1.000000 0.000000
vt  0.014966 1.000000 0.000000
vt  0.020046 1.000000 0.000000
vt  0.026103 1.000000 0.000000
vt  0.033370 1.000000 0.000000
vt  0.044819 1.000000 0.000000
vt  0.058447 1.000000 0.000000
vt  0.073521 1.000000 0.000000
vt  0.089093 1.000000 0.000000
vt  0.104167 1.000000 0.000000
vt  0.117794 1.000000 0.000000
vt  0.129243 1.000000 0.000000
vt  0.139115 1.000000 0.000000
vt  0.149362 1.000000 0.000000
vt  0.160005 1.000000 0.000000
vt  0.171015 1.000000 0.000000
vt  0.182326 1.000000 0.000000
vt  0.193849 1.000000 0.000000
vt  0.205482 1.000000 0.000000
vt  0.464674 1.000000 0.000000
vt  0.612058 1.000000 0.000000
vt  1.000000 1.000000 0.000000
vt  1.000000 0.000000 0.000000
vt  0.998102 0.022046 -0.000000
vt  0.995728 0.044855 -0.000000
vt  0.992401 0.069192 -0.000000
vt  0.987646 0.095820 -0.000000
vt  0.980986 0.125504 -0.000000
vt  0.971946 0.159006 -0.000000
vt  0.960048 0.197092 -0.000000
vt  0.937726 0.247907 -0.000000
vt  0.907710 0.295942 -0.000000
vt  0.873077 0.342309 -0.000000
vt  0.836905 0.388120 0.000000
vt  0.802272 0.434487 0.000000
vt  0.772256 0.482522 0.000000
vt  0.749934 0.533337 0.000000
vt  0.734434 0.586460 0.000000
vt  0.720694 0.645834 0.000000
vt  0.708420 0.710416 0.000000
vt  0.697319 0.779166 0.000000
vt  0.687098 0.851041 0.000000
vt  0.677463 0.925000 0.000000
vt  0.668122 1.000000 0.000000
vt  0.000000 1.000000 0.000000
vt  0.000000 0.000000 0.000000
vt  1.000000 0.000000 0.000000
vt  0.998102 0.022046 0.000000
vt  0.995728 0.044855 0.000000
vt  0.992401 0.069192 -0.000000
vt  0.987646 0.095820 -0.000000
vt  0.980986 0.125504 -0.000000
vt  0.971946 0.159006 -0.000000
vt  0.960048 0.197092 -0.000000
vt  0.937726 0.247907 -0.000000
vt  0.907710 0.295942 -0.000000
vt  0.873077 0.342309 0.000000
vt  0.836905 0.388120 0.000000
vt  0.802272 0.434487 0.000000
vt  0.772256 0.482522 0.000000
vt  0.749934 0.533337 0.000000
vt  0.734434 0.586460 0.000000
vt  0.720694 0.645834 0.000000
vt  0.708420 0.710416 0.000000
vt  0.697319 0.779166 0.000000
vt  0.687098 0.851041 0.000000
vt  0.677463 0.925000 0.000000
vt  0.668122 1.000000 0.000000
vt  0.000000 1.000000 0.000000
vt  0.000000 0.000000 0.000000
# 98 texture vertices

vn  1.950536 0.442050 0.000000
vn  2.904173 0.749536 0.000001
vn  2.846353 0.941347 0.000001
vn  2.750974 1.189318 0.000001
vn  2.627142 1.442377 0.000001
vn  2.491612 1.666646 0.000001
vn  2.360090 1.849329 0.000001
vn  2.080709 2.147856 0.000001
vn  1.693143 2.465310 0.000001
vn  1.426214 2.637129 0.000000
vn  1.320511 2.693562 0.000000
vn  1.340294 2.683773 0.000000
vn  1.492353 2.600273 0.000000
vn  1.827796 2.367203 0.000001
vn  2.240327 1.974577 0.000001
vn  2.501142 1.649565 0.000001
vn  2.642702 1.415014 0.000001
vn  2.734992 1.229692 0.000001
vn  2.793411 1.092259 0.000001
vn  2.828416 0.999256 0.000001
vn  2.846416 0.947389 0.000001
vn  0.950240 0.311519 0.000000
vn  -0.000000 1.000000 0.000000
vn  -1.000000 0.000000 -0.000000
vn  0.975268 0.221025 0.000000
vn  2.914989 0.706305 0.000001
vn  2.869855 0.867057 0.000001
vn  2.786912 1.102478 0.000001
vn  2.671089 1.359267 0.000001
vn  2.537404 1.596066 0.000001
vn  2.402956 1.793278 0.000001
vn  2.198966 2.026618 0.000001
vn  1.827797 2.367202 0.000001
vn  1.492352 2.600273 0.000000
vn  1.340293 2.683774 0.000000
vn  1.320511 2.693562 0.000000
vn  1.426215 2.637128 0.000000
vn  1.693143 2.465310 0.000001
vn  2.101388 2.121836 0.000001
vn  2.440205 1.738441 0.000001
vn  2.602391 1.487851 0.000001
vn  2.709003 1.285934 0.000001
vn  2.777196 1.132854 0.000001
vn  2.819021 1.025461 0.000001
vn  2.842113 0.960221 0.000001
vn  1.900480 0.623039 0.000000
vn  -0.000000 2.000000 0.000000
vn  -2.000000 0.000000 -0.000000
# 48 vertex normals

g Line01
usemtl drevo_skrin
s 1
f 3773/4449/3773 3774/4450/3774 3798/4475/3798
f 3773/4449/3773 3798/4475/3798 3797/4474/3797
s 3
f 3774/4450/3774 3775/4451/3775 3799/4476/3799
f 3774/4450/3774 3799/4476/3799 3798/4475/3798
s 2
f 3775/4451/3775 3776/4452/3776 3800/4477/3800
f 3775/4451/3775 3800/4477/3800 3799/4476/3799
f 3776/4452/3776 3777/4453/3777 3801/4478/3801
f 3776/4452/3776 3801/4478/3801 3800/4477/3800
f 3777/4453/3777 3778/4454/3778 3802/4479/3802
f 3777/4453/3777 3802/4479/3802 3801/4478/3801
f 3778/4454/3778 3779/4455/3779 3803/4480/3803
f 3778/4454/3778 3803/4480/3803 3802/4479/3802
f 3779/4455/3779 3780/4456/3780 3804/4481/3804
f 3779/4455/3779 3804/4481/3804 3803/4480/3803
f 3780/4456/3780 3781/4457/3781 3805/4482/3805
f 3780/4456/3780 3805/4482/3805 3804/4481/3804
f 3781/4457/3781 3782/4458/3782 3806/4483/3806
f 3781/4457/3781 3806/4483/3806 3805/4482/3805
f 3782/4458/3782 3783/4459/3783 3807/4484/3807
f 3782/4458/3782 3807/4484/3807 3806/4483/3806
f 3783/4459/3783 3784/4460/3784 3808/4485/3808
f 3783/4459/3783 3808/4485/3808 3807/4484/3807
f 3784/4460/3784 3785/4461/3785 3809/4486/3809
f 3784/4460/3784 3809/4486/3809 3808/4485/3808
f 3785/4461/3785 3786/4462/3786 3810/4487/3810
f 3785/4461/3785 3810/4487/3810 3809/4486/3809
f 3786/4462/3786 3787/4463/3787 3811/4488/3811
f 3786/4462/3786 3811/4488/3811 3810/4487/3810
f 3787/4463/3787 3788/4464/3788 3812/4489/3812
f 3787/4463/3787 3812/4489/3812 3811/4488/3811
f 3788/4464/3788 3789/4465/3789 3813/4490/3813
f 3788/4464/3788 3813/4490/3813 3812/4489/3812
f 3789/4465/3789 3790/4466/3790 3814/4491/3814
f 3789/4465/3789 3814/4491/3814 3813/4490/3813
f 3790/4466/3790 3791/4467/3791 3815/4492/3815
f 3790/4466/3790 3815/4492/3815 3814/4491/3814
f 3791/4467/3791 3792/4468/3792 3816/4493/3816
f 3791/4467/3791 3816/4493/3816 3815/4492/3815
f 3792/4468/3792 3793/4469/3793 3817/4494/3817
f 3792/4468/3792 3817/4494/3817 3816/4493/3816
f 3793/4469/3793 3794/4470/3794 3818/4495/3818
f 3793/4469/3793 3818/4495/3818 3817/4494/3817
s 4
f 3794/4470/3794 3795/4471/3795 3819/4496/3819
f 3794/4470/3794 3819/4496/3819 3818/4495/3818
s 2
f 3795/4471/3795 3796/4472/3796 3820/4497/3820
f 3795/4471/3795 3820/4497/3820 3819/4496/3819
s 4
f 3796/4472/3796 3773/4473/3773 3797/4498/3797
f 3796/4472/3796 3797/4498/3797 3820/4497/3820
s 16
f 3796/4522/3796 3774/4500/3774 3773/4499/3773
f 3796/4522/3796 3775/4501/3775 3774/4500/3774
f 3796/4522/3796 3776/4502/3776 3775/4501/3775
f 3796/4522/3796 3777/4503/3777 3776/4502/3776
f 3796/4522/3796 3778/4504/3778 3777/4503/3777
f 3796/4522/3796 3779/4505/3779 3778/4504/3778
f 3796/4522/3796 3780/4506/3780 3779/4505/3779
f 3796/4522/3796 3781/4507/3781 3780/4506/3780
f 3796/4522/3796 3782/4508/3782 3781/4507/3781
f 3796/4522/3796 3783/4509/3783 3782/4508/3782
f 3796/4522/3796 3784/4510/3784 3783/4509/3783
f 3796/4522/3796 3785/4511/3785 3784/4510/3784
f 3796/4522/3796 3786/4512/3786 3785/4511/3785
f 3796/4522/3796 3787/4513/3787 3786/4512/3786
f 3796/4522/3796 3788/4514/3788 3787/4513/3787
f 3795/4521/3795 3788/4514/3788 3796/4522/3796
f 3795/4521/3795 3789/4515/3789 3788/4514/3788
f 3795/4521/3795 3790/4516/3790 3789/4515/3789
f 3795/4521/3795 3791/4517/3791 3790/4516/3790
f 3795/4521/3795 3792/4518/3792 3791/4517/3791
f 3795/4521/3795 3793/4519/3793 3792/4518/3792
f 3794/4520/3794 3793/4519/3793 3795/4521/3795
f 3820/4546/3820 3797/4523/3797 3798/4524/3798
f 3820/4546/3820 3798/4524/3798 3799/4525/3799
f 3820/4546/3820 3799/4525/3799 3800/4526/3800
f 3820/4546/3820 3800/4526/3800 3801/4527/3801
f 3820/4546/3820 3801/4527/3801 3802/4528/3802
f 3820/4546/3820 3802/4528/3802 3803/4529/3803
f 3820/4546/3820 3803/4529/3803 3804/4530/3804
f 3820/4546/3820 3804/4530/3804 3805/4531/3805
f 3820/4546/3820 3805/4531/3805 3806/4532/3806
f 3820/4546/3820 3806/4532/3806 3807/4533/3807
f 3820/4546/3820 3807/4533/3807 3808/4534/3808
f 3820/4546/3820 3808/4534/3808 3809/4535/3809
f 3820/4546/3820 3809/4535/3809 3810/4536/3810
f 3820/4546/3820 3810/4536/3810 3811/4537/3811
f 3820/4546/3820 3811/4537/3811 3812/4538/3812
f 3819/4545/3819 3820/4546/3820 3812/4538/3812
f 3819/4545/3819 3812/4538/3812 3813/4539/3813
f 3819/4545/3819 3813/4539/3813 3814/4540/3814
f 3819/4545/3819 3814/4540/3814 3815/4541/3815
f 3819/4545/3819 3815/4541/3815 3816/4542/3816
f 3819/4545/3819 3816/4542/3816 3817/4543/3817
f 3818/4544/3818 3819/4545/3819 3817/4543/3817
# 92 faces

g
# object Line02 to come ...
#
v  -183.879028 91.699356 -184.873016
v  -183.926758 91.909988 -184.873016
v  -183.986465 92.127914 -184.873016
v  -184.070129 92.360428 -184.873016
v  -184.189713 92.614845 -184.873016
v  -184.357193 92.898445 -184.873016
v  -184.584534 93.218536 -184.873016
v  -184.883743 93.582405 -184.873016
v  -185.445099 94.067902 -184.873016
v  -186.199951 94.526840 -184.873016
v  -187.070923 94.969833 -184.873016
v  -187.980576 95.407524 -184.873016
v  -188.851547 95.850525 -184.873016
v  -189.606400 96.309456 -184.873016
v  -190.167755 96.794952 -184.873016
v  -190.557556 97.302498 -184.873016
v  -190.903107 97.869759 -184.873016
v  -191.211777 98.486794 -184.873016
v  -191.490952 99.143639 -184.873016
v  -191.747986 99.830345 -184.873016
v  -191.990280 100.536957 -184.873016
v  -192.225189 101.253525 -184.873016
v  -224.132568 101.253525 -184.873016
v  -224.132568 91.699356 -184.873016
v  -183.879028 91.699356 -182.873016
v  -183.926758 91.909988 -182.873016
v  -183.986465 92.127914 -182.873016
v  -184.070129 92.360428 -182.873016
v  -184.189713 92.614845 -182.873016
v  -184.357193 92.898445 -182.873016
v  -184.584534 93.218536 -182.873016
v  -184.883743 93.582405 -182.873016
v  -185.445099 94.067902 -182.873016
v  -186.199951 94.526833 -182.873016
v  -187.070923 94.969833 -182.873016
v  -187.980576 95.407524 -182.873016
v  -188.851547 95.850525 -182.873016
v  -189.606400 96.309456 -182.873016
v  -190.167755 96.794952 -182.873016
v  -190.557556 97.302498 -182.873016
v  -190.903107 97.869759 -182.873016
v  -191.211777 98.486794 -182.873016
v  -191.490952 99.143639 -182.873016
v  -191.747986 99.830345 -182.873016
v  -191.990280 100.536957 -182.873016
v  -192.225189 101.253525 -182.873016
v  -224.132568 101.253525 -182.873016
v  -224.132568 91.699356 -182.873016
# 48 vertices

vt  0.000000 0.000000 0.000000
vt  0.002272 0.000000 0.000000
vt  0.004650 0.000000 0.000000
vt  0.007250 0.000000 0.000000
vt  0.010208 0.000000 0.000000
vt  0.013674 0.000000 0.000000
vt  0.017805 0.000000 0.000000
vt  0.022762 0.000000 0.000000
vt  0.030572 0.000000 0.000000
vt  0.039867 0.000000 0.000000
vt  0.050149 0.000000 0.000000
vt  0.060772 0.000000 0.000000
vt  0.071053 0.000000 0.000000
vt  0.080349 0.000000 0.000000
vt  0.088159 0.000000 0.000000
vt  0.094893 0.000000 0.000000
vt  0.101882 0.000000 0.000000
vt  0.109141 0.000000 0.000000
vt  0.116651 0.000000 0.000000
vt  0.124367 0.000000 0.000000
vt  0.132227 0.000000 0.000000
vt  0.140162 0.000000 0.000000
vt  0.475904 0.000000 0.000000
vt  0.576436 0.000000 0.000000
vt  1.000000 0.000000 0.000000
vt  0.000000 1.000000 0.000000
vt  0.002272 1.000000 0.000000
vt  0.004650 1.000000 0.000000
vt  0.007250 1.000000 0.000000
vt  0.010208 1.000000 0.000000
vt  0.013674 1.000000 0.000000
vt  0.017805 1.000000 0.000000
vt  0.022762 1.000000 0.000000
vt  0.030572 1.000000 0.000000
vt  0.039867 1.000000 0.000000
vt  0.050149 1.000000 0.000000
vt  0.060772 1.000000 0.000000
vt  0.071053 1.000000 0.000000
vt  0.080349 1.000000 0.000000
vt  0.088159 1.000000 0.000000
vt  0.094893 1.000000 0.000000
vt  0.101882 1.000000 0.000000
vt  0.109141 1.000000 0.000000
vt  0.116651 1.000000 0.000000
vt  0.124367 1.000000 0.000000
vt  0.132227 1.000000 0.000000
vt  0.140162 1.000000 0.000000
vt  0.475904 1.000000 0.000000
vt  0.576436 1.000000 0.000000
vt  1.000000 1.000000 0.000000
vt  1.000000 0.000000 0.000000
vt  0.998814 0.022046 -0.000000
vt  0.997331 0.044855 -0.000000
vt  0.995252 0.069192 -0.000000
vt  0.992282 0.095820 -0.000000
vt  0.988121 0.125504 -0.000000
vt  0.982473 0.159006 -0.000000
vt  0.975040 0.197092 -0.000000
vt  0.961095 0.247907 -0.000000
vt  0.942342 0.295942 -0.000000
vt  0.920705 0.342309 -0.000000
vt  0.898107 0.388120 0.000000
vt  0.876470 0.434487 0.000000
vt  0.857717 0.482522 0.000000
vt  0.843772 0.533337 0.000000
vt  0.834088 0.586460 0.000000
vt  0.825504 0.645834 0.000000
vt  0.817836 0.710416 0.000000
vt  0.810901 0.779166 0.000000
vt  0.804515 0.851041 0.000000
vt  0.798496 0.925000 0.000000
vt  0.792660 1.000000 0.000000
vt  0.000000 1.000000 0.000000
vt  0.000000 0.000000 0.000000
vt  1.000000 0.000000 0.000000
vt  0.998814 0.022046 0.000000
vt  0.997331 0.044855 0.000000
vt  0.995252 0.069192 -0.000000
vt  0.992282 0.095820 -0.000000
vt  0.988121 0.125504 -0.000000
vt  0.982473 0.159006 -0.000000
vt  0.975040 0.197092 -0.000000
vt  0.961095 0.247907 -0.000000
vt  0.942342 0.295942 -0.000000
vt  0.920705 0.342309 0.000000
vt  0.898107 0.388120 0.000000
vt  0.876470 0.434487 0.000000
vt  0.857717 0.482522 0.000000
vt  0.843772 0.533337 0.000000
vt  0.834088 0.586460 0.000000
vt  0.825504 0.645834 0.000000
vt  0.817836 0.710416 0.000000
vt  0.810901 0.779166 0.000000
vt  0.804515 0.851041 0.000000
vt  0.798496 0.925000 0.000000
vt  0.792660 1.000000 0.000000
vt  0.000000 1.000000 0.000000
vt  0.000000 0.000000 0.000000
# 98 texture vertices

vn  1.950536 0.442050 0.000000
vn  2.904173 0.749536 0.000001
vn  2.846353 0.941347 0.000001
vn  2.750974 1.189318 0.000001
vn  2.627142 1.442377 0.000001
vn  2.491612 1.666646 0.000001
vn  2.360090 1.849329 0.000001
vn  2.080709 2.147856 0.000001
vn  1.693143 2.465310 0.000001
vn  1.426214 2.637129 0.000000
vn  1.320511 2.693562 0.000000
vn  1.340294 2.683773 0.000000
vn  1.492353 2.600273 0.000000
vn  1.827796 2.367203 0.000001
vn  2.240327 1.974577 0.000001
vn  2.501142 1.649565 0.000001
vn  2.642702 1.415014 0.000001
vn  2.734992 1.229692 0.000001
vn  2.793411 1.092259 0.000001
vn  2.828416 0.999256 0.000001
vn  2.846416 0.947389 0.000001
vn  0.950240 0.311519 0.000000
vn  -0.000000 1.000000 0.000000
vn  -1.000000 0.000000 -0.000000
vn  0.975268 0.221025 0.000000
vn  2.914989 0.706305 0.000001
vn  2.869855 0.867057 0.000001
vn  2.786912 1.102478 0.000001
vn  2.671089 1.359267 0.000001
vn  2.537404 1.596066 0.000001
vn  2.402956 1.793278 0.000001
vn  2.198966 2.026618 0.000001
vn  1.827797 2.367202 0.000001
vn  1.492352 2.600273 0.000000
vn  1.340293 2.683774 0.000000
vn  1.320511 2.693562 0.000000
vn  1.426215 2.637128 0.000000
vn  1.693143 2.465310 0.000001
vn  2.101388 2.121836 0.000001
vn  2.440205 1.738441 0.000001
vn  2.602391 1.487851 0.000001
vn  2.709003 1.285934 0.000001
vn  2.777196 1.132854 0.000001
vn  2.819021 1.025461 0.000001
vn  2.842113 0.960221 0.000001
vn  1.900480 0.623039 0.000000
vn  -0.000000 2.000000 0.000000
vn  -2.000000 0.000000 -0.000000
# 48 vertex normals

g Line02
usemtl drevo_skrin
s 1
f 3821/4547/3821 3822/4548/3822 3846/4573/3846
f 3821/4547/3821 3846/4573/3846 3845/4572/3845
s 3
f 3822/4548/3822 3823/4549/3823 3847/4574/3847
f 3822/4548/3822 3847/4574/3847 3846/4573/3846
s 2
f 3823/4549/3823 3824/4550/3824 3848/4575/3848
f 3823/4549/3823 3848/4575/3848 3847/4574/3847
f 3824/4550/3824 3825/4551/3825 3849/4576/3849
f 3824/4550/3824 3849/4576/3849 3848/4575/3848
f 3825/4551/3825 3826/4552/3826 3850/4577/3850
f 3825/4551/3825 3850/4577/3850 3849/4576/3849
f 3826/4552/3826 3827/4553/3827 3851/4578/3851
f 3826/4552/3826 3851/4578/3851 3850/4577/3850
f 3827/4553/3827 3828/4554/3828 3852/4579/3852
f 3827/4553/3827 3852/4579/3852 3851/4578/3851
f 3828/4554/3828 3829/4555/3829 3853/4580/3853
f 3828/4554/3828 3853/4580/3853 3852/4579/3852
f 3829/4555/3829 3830/4556/3830 3854/4581/3854
f 3829/4555/3829 3854/4581/3854 3853/4580/3853
f 3830/4556/3830 3831/4557/3831 3855/4582/3855
f 3830/4556/3830 3855/4582/3855 3854/4581/3854
f 3831/4557/3831 3832/4558/3832 3856/4583/3856
f 3831/4557/3831 3856/4583/3856 3855/4582/3855
f 3832/4558/3832 3833/4559/3833 3857/4584/3857
f 3832/4558/3832 3857/4584/3857 3856/4583/3856
f 3833/4559/3833 3834/4560/3834 3858/4585/3858
f 3833/4559/3833 3858/4585/3858 3857/4584/3857
f 3834/4560/3834 3835/4561/3835 3859/4586/3859
f 3834/4560/3834 3859/4586/3859 3858/4585/3858
f 3835/4561/3835 3836/4562/3836 3860/4587/3860
f 3835/4561/3835 3860/4587/3860 3859/4586/3859
f 3836/4562/3836 3837/4563/3837 3861/4588/3861
f 3836/4562/3836 3861/4588/3861 3860/4587/3860
f 3837/4563/3837 3838/4564/3838 3862/4589/3862
f 3837/4563/3837 3862/4589/3862 3861/4588/3861
f 3838/4564/3838 3839/4565/3839 3863/4590/3863
f 3838/4564/3838 3863/4590/3863 3862/4589/3862
f 3839/4565/3839 3840/4566/3840 3864/4591/3864
f 3839/4565/3839 3864/4591/3864 3863/4590/3863
f 3840/4566/3840 3841/4567/3841 3865/4592/3865
f 3840/4566/3840 3865/4592/3865 3864/4591/3864
f 3841/4567/3841 3842/4568/3842 3866/4593/3866
f 3841/4567/3841 3866/4593/3866 3865/4592/3865
s 4
f 3842/4568/3842 3843/4569/3843 3867/4594/3867
f 3842/4568/3842 3867/4594/3867 3866/4593/3866
s 2
f 3843/4569/3843 3844/4570/3844 3868/4595/3868
f 3843/4569/3843 3868/4595/3868 3867/4594/3867
s 4
f 3844/4570/3844 3821/4571/3821 3845/4596/3845
f 3844/4570/3844 3845/4596/3845 3868/4595/3868
s 16
f 3844/4620/3844 3822/4598/3822 3821/4597/3821
f 3844/4620/3844 3823/4599/3823 3822/4598/3822
f 3844/4620/3844 3824/4600/3824 3823/4599/3823
f 3844/4620/3844 3825/4601/3825 3824/4600/3824
f 3844/4620/3844 3826/4602/3826 3825/4601/3825
f 3844/4620/3844 3827/4603/3827 3826/4602/3826
f 3844/4620/3844 3828/4604/3828 3827/4603/3827
f 3844/4620/3844 3829/4605/3829 3828/4604/3828
f 3844/4620/3844 3830/4606/3830 3829/4605/3829
f 3844/4620/3844 3831/4607/3831 3830/4606/3830
f 3844/4620/3844 3832/4608/3832 3831/4607/3831
f 3844/4620/3844 3833/4609/3833 3832/4608/3832
f 3844/4620/3844 3834/4610/3834 3833/4609/3833
f 3844/4620/3844 3835/4611/3835 3834/4610/3834
f 3844/4620/3844 3836/4612/3836 3835/4611/3835
f 3844/4620/3844 3837/4613/3837 3836/4612/3836
f 3844/4620/3844 3838/4614/3838 3837/4613/3837
f 3843/4619/3843 3838/4614/3838 3844/4620/3844
f 3843/4619/3843 3839/4615/3839 3838/4614/3838
f 3843/4619/3843 3840/4616/3840 3839/4615/3839
f 3843/4619/3843 3841/4617/3841 3840/4616/3840
f 3842/4618/3842 3841/4617/3841 3843/4619/3843
f 3868/4644/3868 3845/4621/3845 3846/4622/3846
f 3868/4644/3868 3846/4622/3846 3847/4623/3847
f 3868/4644/3868 3847/4623/3847 3848/4624/3848
f 3868/4644/3868 3848/4624/3848 3849/4625/3849
f 3868/4644/3868 3849/4625/3849 3850/4626/3850
f 3868/4644/3868 3850/4626/3850 3851/4627/3851
f 3868/4644/3868 3851/4627/3851 3852/4628/3852
f 3868/4644/3868 3852/4628/3852 3853/4629/3853
f 3868/4644/3868 3853/4629/3853 3854/4630/3854
f 3868/4644/3868 3854/4630/3854 3855/4631/3855
f 3868/4644/3868 3855/4631/3855 3856/4632/3856
f 3868/4644/3868 3856/4632/3856 3857/4633/3857
f 3868/4644/3868 3857/4633/3857 3858/4634/3858
f 3868/4644/3868 3858/4634/3858 3859/4635/3859
f 3868/4644/3868 3859/4635/3859 3860/4636/3860
f 3868/4644/3868 3860/4636/3860 3861/4637/3861
f 3868/4644/3868 3861/4637/3861 3862/4638/3862
f 3867/4643/3867 3868/4644/3868 3862/4638/3862
f 3867/4643/3867 3862/4638/3862 3863/4639/3863
f 3867/4643/3867 3863/4639/3863 3864/4640/3864
f 3867/4643/3867 3864/4640/3864 3865/4641/3865
f 3866/4642/3866 3867/4643/3867 3865/4641/3865
# 92 faces

g
# object Box03 to come ...
#
v  -164.800964 83.404167 -79.782623
v  -165.200958 83.004166 -146.782623
v  -199.800964 83.004166 -79.782623
v  -199.800964 83.004166 -146.782623
v  -164.800964 84.604164 -79.782623
v  -164.800964 84.604164 -146.782623
v  -199.800964 85.004166 -79.782623
v  -199.800964 85.004166 -146.782623
v  -165.200958 83.004166 -79.782623
v  -164.800964 83.404167 -146.782623
v  -165.200958 85.004166 -79.782623
v  -165.200958 85.004166 -146.782623
# 12 vertices

vt  1.000000 0.011429 0.000000
vt  0.000000 0.011429 0.000000
vt  1.000000 1.000000 0.000000
vt  0.000000 1.000000 0.000000
vt  0.000000 0.011429 0.000000
vt  1.000000 0.011429 0.000000
vt  0.000000 1.000000 0.000000
vt  1.000000 1.000000 0.000000
vt  0.000000 0.200000 0.000000
vt  1.000000 0.200000 0.000000
vt  0.000000 0.800000 0.000000
vt  1.000000 0.800000 0.000000
vt  0.011429 0.000000 0.000000
vt  1.000000 0.000000 0.000000
vt  0.000000 0.800000 0.000000
vt  1.000000 1.000000 0.000000
vt  0.000000 0.000000 0.000000
vt  1.000000 0.000000 0.000000
vt  0.000000 1.000000 0.000000
vt  1.000000 1.000000 0.000000
vt  0.000000 0.000000 0.000000
vt  1.000000 0.200000 0.000000
vt  0.000000 1.000000 0.000000
vt  1.000000 0.800000 0.000000
vt  0.988571 0.000000 0.000000
vt  0.000000 0.200000 0.000000
vt  0.988571 1.000000 0.000000
vt  0.011429 1.000000 0.000000
# 28 texture vertices

vn  2.000000 0.000000 0.000000
vn  0.000000 -1.000000 -0.000000
vn  0.000000 -1.000000 -0.000000
vn  0.000000 -2.000000 -0.000000
vn  1.000000 0.000000 0.000000
vn  2.000000 0.000000 0.000000
vn  0.000000 1.000000 -0.000000
vn  0.000000 2.000000 -0.000000
vn  0.000000 -2.000000 -0.000000
vn  1.000000 0.000000 0.000000
vn  0.000000 2.000000 -0.000000
vn  0.000000 1.000000 -0.000000
# 12 vertex normals

g Box03
usemtl drevo_skrin
s 1
f 3877/4645/3877 3871/4647/3871 3872/4648/3872
f 3872/4648/3872 3870/4646/3870 3877/4645/3877
f 3879/4649/3879 3880/4650/3880 3876/4652/3876
f 3876/4652/3876 3875/4651/3875 3879/4649/3879
s 2
f 3869/4653/3869 3878/4654/3878 3874/4656/3874
f 3874/4656/3874 3873/4655/3873 3869/4653/3869
s 4
f 3870/4657/3870 3872/4658/3872 3876/4660/3876
f 3876/4660/3876 3880/4672/3880 3874/4659/3874
f 3870/4657/3870 3876/4660/3876 3874/4659/3874
f 3878/4670/3878 3870/4657/3870 3874/4659/3874
s 2
f 3872/4661/3872 3871/4662/3871 3875/4664/3875
f 3875/4664/3875 3876/4663/3876 3872/4661/3872
s 4
f 3871/4665/3871 3877/4669/3877 3869/4666/3869
f 3869/4666/3869 3873/4668/3873 3879/4671/3879
f 3871/4665/3871 3869/4666/3869 3879/4671/3879
f 3871/4665/3871 3879/4671/3879 3875/4667/3875
s 2
f 3870/4646/3870 3878/4654/3878 3869/4653/3869
f 3869/4653/3869 3877/4645/3877 3870/4646/3870
f 3879/4649/3879 3873/4655/3873 3874/4656/3874
f 3874/4656/3874 3880/4650/3880 3879/4649/3879
# 20 faces

g
# object Box31 to come ...
#
v  -224.122238 91.762085 -81.988052
v  -224.122238 91.762085 -182.988052
v  -224.122238 101.262085 -81.988052
v  -224.122238 101.262085 -182.988052
v  -222.122238 91.762085 -81.988052
v  -222.122238 91.762085 -182.988052
v  -222.122238 101.262085 -81.988052
v  -222.122238 101.262085 -182.988052
# 8 vertices

vt  0.000000 0.000000 0.000000
vt  1.000000 0.000000 0.000000
vt  0.000000 1.000000 0.000000
vt  1.000000 1.000000 0.000000
vt  0.000000 0.000000 0.000000
vt  1.000000 0.000000 0.000000
vt  0.000000 1.000000 0.000000
vt  1.000000 1.000000 0.000000
vt  0.000000 0.000000 0.000000
vt  1.000000 0.000000 0.000000
vt  0.000000 1.000000 0.000000
vt  1.000000 1.000000 0.000000
# 12 texture vertices

vn  -2.000000 0.000000 -0.000000
vn  -1.000000 0.000000 -0.000000
vn  -1.000000 0.000000 -0.000000
vn  -2.000000 0.000000 -0.000000
vn  2.000000 -0.000000 0.000000
vn  1.000000 -0.000000 0.000000
vn  1.000000 -0.000000 0.000000
vn  2.000000 -0.000000 0.000000
# 8 vertex normals

g Box31
usemtl drevo_skrin
s 2
f 3881/4682/3881 3883/4684/3883 3884/4683/3884
f 3884/4683/3884 3882/4681/3882 3881/4682/3881
s 4
f 3885/4681/3885 3886/4682/3886 3888/4684/3888
f 3888/4684/3888 3887/4683/3887 3885/4681/3885
s 8
f 3881/4677/3881 3882/4678/3882 3886/4680/3886
f 3886/4680/3886 3885/4679/3885 3881/4677/3881
s 16
f 3882/4673/3882 3884/4674/3884 3888/4676/3888
f 3888/4676/3888 3886/4675/3886 3882/4673/3882
s 32
f 3884/4677/3884 3883/4678/3883 3887/4680/3887
f 3887/4680/3887 3888/4679/3888 3884/4677/3884
s 64
f 3883/4673/3883 3881/4674/3881 3885/4676/3885
f 3885/4676/3885 3887/4675/3887 3883/4673/3883
# 12 faces

g
